model,model_label,frame_index,forecast_date,q,rri
our_vol1,Our vol1 STNPP-GAT,0,2020-01-01,0.01,1.328428796636889
our_vol1,Our vol1 STNPP-GAT,1,2020-01-15,0.01,0.8007980845969672
our_vol1,Our vol1 STNPP-GAT,2,2020-01-29,0.01,0.8443396226415094
our_vol1,Our vol1 STNPP-GAT,3,2020-02-12,0.01,0.8112244897959183
our_vol1,Our vol1 STNPP-GAT,4,2020-02-26,0.01,1.9881656804733727
our_vol1,Our vol1 STNPP-GAT,5,2020-03-11,0.01,0.5655160267699895
our_vol1,Our vol1 STNPP-GAT,6,2020-03-25,0.01,1.0140620006391818
our_vol1,Our vol1 STNPP-GAT,7,2020-04-08,0.01,1.1037037037037036
our_vol1,Our vol1 STNPP-GAT,8,2020-04-22,0.01,0.9641768292682927
our_vol1,Our vol1 STNPP-GAT,9,2020-05-06,0.01,1.0254930254930257
our_vol1,Our vol1 STNPP-GAT,10,2020-05-20,0.01,0.9267096774193548
our_vol1,Our vol1 STNPP-GAT,11,2020-06-03,0.01,1.1881533101045296
our_vol1,Our vol1 STNPP-GAT,12,2020-06-17,0.01,0.7521785659685063
our_vol1,Our vol1 STNPP-GAT,13,2020-07-01,0.01,0.9169926119078662
our_vol1,Our vol1 STNPP-GAT,14,2020-07-15,0.01,1.0470275066548358
our_vol1,Our vol1 STNPP-GAT,15,2020-07-29,0.01,0.9348387096774193
our_vol1,Our vol1 STNPP-GAT,16,2020-08-12,0.01,1.0373370905248327
our_vol1,Our vol1 STNPP-GAT,17,2020-08-26,0.01,0.7590909090909091
our_vol1,Our vol1 STNPP-GAT,18,2020-09-09,0.01,1.0101545253863133
our_vol1,Our vol1 STNPP-GAT,19,2020-09-23,0.01,1.0555555555555556
our_vol1,Our vol1 STNPP-GAT,20,2020-10-07,0.01,1.104493207941484
our_vol1,Our vol1 STNPP-GAT,21,2020-10-21,0.01,0.6749090909090909
our_vol1,Our vol1 STNPP-GAT,22,2020-11-04,0.01,1.2483552631578947
our_vol1,Our vol1 STNPP-GAT,23,2020-11-18,0.01,1.5335951134380454
our_vol1,Our vol1 STNPP-GAT,24,2020-12-02,0.01,0.6841419732985998
our_vol1,Our vol1 STNPP-GAT,25,2020-12-16,0.01,1.2272727272727273
our_vol1,Our vol1 STNPP-GAT,26,2020-12-30,0.01,0.6148148148148148
our_vol1,Our vol1 STNPP-GAT,27,2021-01-13,0.01,1.7241379310344829
our_vol1,Our vol1 STNPP-GAT,28,2021-01-27,0.01,0.8074116743471583
our_vol1,Our vol1 STNPP-GAT,29,2021-02-10,0.01,0.7971428571428572
our_vol1,Our vol1 STNPP-GAT,30,2021-02-24,0.01,1.2926136363636362
our_vol1,Our vol1 STNPP-GAT,31,2021-03-10,0.01,0.8465608465608465
our_vol1,Our vol1 STNPP-GAT,32,2021-03-24,0.01,1.1788120024494795
our_vol1,Our vol1 STNPP-GAT,33,2021-04-07,0.01,0.6843373493975904
our_vol1,Our vol1 STNPP-GAT,34,2021-04-21,0.01,0.8089668615984407
our_vol1,Our vol1 STNPP-GAT,35,2021-05-05,0.01,1.9431818181818183
our_vol1,Our vol1 STNPP-GAT,36,2021-05-19,0.01,0.9047254150702426
our_vol1,Our vol1 STNPP-GAT,37,2021-06-02,0.01,1.2063875469672571
our_vol1,Our vol1 STNPP-GAT,38,2021-06-16,0.01,0.7503860010293361
our_vol1,Our vol1 STNPP-GAT,39,2021-06-30,0.01,0.9763205828779599
our_vol1,Our vol1 STNPP-GAT,40,2021-07-14,0.01,1.227305389221557
our_vol1,Our vol1 STNPP-GAT,41,2021-07-28,0.01,1.0002218278615793
our_vol1,Our vol1 STNPP-GAT,42,2021-08-11,0.01,0.7274096385542169
our_vol1,Our vol1 STNPP-GAT,43,2021-08-25,0.01,1.2072727272727273
our_vol1,Our vol1 STNPP-GAT,44,2021-09-08,0.01,0.8406244638874593
our_vol1,Our vol1 STNPP-GAT,45,2021-09-22,0.01,1.0689458689458688
our_vol1,Our vol1 STNPP-GAT,46,2021-10-06,0.01,0.9975369458128078
our_vol1,Our vol1 STNPP-GAT,47,2021-10-20,0.01,1.3015075376884424
our_vol1,Our vol1 STNPP-GAT,48,2021-11-03,0.01,0.6943879034603081
our_vol1,Our vol1 STNPP-GAT,49,2021-11-17,0.01,1.1073082010582012
our_vol1,Our vol1 STNPP-GAT,50,2021-12-01,0.01,1.0421836228287842
our_vol1,Our vol1 STNPP-GAT,51,2021-12-15,0.01,0.623780487804878
our_vol1,Our vol1 STNPP-GAT,52,2021-12-29,0.01,1.8106419646704006
our_vol1,Our vol1 STNPP-GAT,53,2022-01-12,0.01,0.6542635658914728
our_vol1,Our vol1 STNPP-GAT,54,2022-01-26,0.01,0.9375
our_vol1,Our vol1 STNPP-GAT,55,2022-02-09,0.01,1.0740103270223753
our_vol1,Our vol1 STNPP-GAT,56,2022-02-23,0.01,0.6941457586618878
our_vol1,Our vol1 STNPP-GAT,57,2022-03-09,0.01,1.457680250783699
our_vol1,Our vol1 STNPP-GAT,58,2022-03-23,0.01,0.917331206804891
our_vol1,Our vol1 STNPP-GAT,59,2022-04-06,0.01,0.9268292682926829
our_vol1,Our vol1 STNPP-GAT,60,2022-04-20,0.01,1.154465004022526
our_vol1,Our vol1 STNPP-GAT,61,2022-05-04,0.01,1.1951923076923079
our_vol1,Our vol1 STNPP-GAT,62,2022-05-18,0.01,0.8065489013356313
our_vol1,Our vol1 STNPP-GAT,63,2022-06-01,0.01,1.1482993197278912
our_vol1,Our vol1 STNPP-GAT,64,2022-06-15,0.01,0.6499938095827659
our_vol1,Our vol1 STNPP-GAT,65,2022-06-29,0.01,1.44167025398192
our_vol1,Our vol1 STNPP-GAT,66,2022-07-13,0.01,1.1949653870358714
our_vol1,Our vol1 STNPP-GAT,67,2022-07-27,0.01,0.781699667937523
our_vol1,Our vol1 STNPP-GAT,68,2022-08-10,0.01,1.373015873015873
our_vol1,Our vol1 STNPP-GAT,69,2022-08-24,0.01,1.0034965034965035
our_vol1,Our vol1 STNPP-GAT,70,2022-09-07,0.01,0.725
our_vol1,Our vol1 STNPP-GAT,71,2022-09-21,0.01,1.1586570111915735
our_vol1,Our vol1 STNPP-GAT,72,2022-10-05,0.01,0.98989898989899
our_vol1,Our vol1 STNPP-GAT,73,2022-10-19,0.01,1.2236961109436235
our_vol1,Our vol1 STNPP-GAT,74,2022-11-02,0.01,0.8080091533180779
our_vol1,Our vol1 STNPP-GAT,75,2022-11-16,0.01,1.0273590173087659
our_vol1,Our vol1 STNPP-GAT,76,2022-11-30,0.01,1.4672811059907835
our_vol1,Our vol1 STNPP-GAT,77,2022-12-14,0.01,0.9271978021978022
our_vol1,Our vol1 STNPP-GAT,78,2022-12-28,0.01,0.6429012981660829
our_vol1,Our vol1 STNPP-GAT,79,2023-01-11,0.01,1.4443452380952382
our_vol1,Our vol1 STNPP-GAT,80,2023-01-25,0.01,1.085579196217494
our_vol1,Our vol1 STNPP-GAT,81,2023-02-08,0.01,0.8651741293532339
our_vol1,Our vol1 STNPP-GAT,82,2023-02-22,0.01,0.7433854907539118
our_vol1,Our vol1 STNPP-GAT,83,2023-03-08,0.01,1.1983805668016196
our_vol1,Our vol1 STNPP-GAT,84,2023-03-22,0.01,1.1336938280812976
our_vol1,Our vol1 STNPP-GAT,85,2023-04-05,0.01,0.8160377358490566
our_vol1,Our vol1 STNPP-GAT,86,2023-04-19,0.01,1.061698717948718
our_vol1,Our vol1 STNPP-GAT,87,2023-05-03,0.01,0.962962962962963
our_vol1,Our vol1 STNPP-GAT,88,2023-05-17,0.01,1.3593582887700535
our_vol1,Our vol1 STNPP-GAT,89,2023-05-31,0.01,0.8798225567952681
our_vol1,Our vol1 STNPP-GAT,90,2023-06-14,0.01,0.5725317153888583
our_vol1,Our vol1 STNPP-GAT,91,2023-06-28,0.01,1.1726495726495725
our_vol1,Our vol1 STNPP-GAT,92,2023-07-12,0.01,0.7360805284680717
our_vol1,Our vol1 STNPP-GAT,93,2023-07-26,0.01,1.204761904761905
our_vol1,Our vol1 STNPP-GAT,94,2023-08-09,0.01,1.0114747131321717
our_vol1,Our vol1 STNPP-GAT,95,2023-08-23,0.01,0.7293040293040293
our_vol1,Our vol1 STNPP-GAT,96,2023-09-06,0.01,1.7997231195200738
our_vol1,Our vol1 STNPP-GAT,97,2023-09-20,0.01,0.7462121212121211
our_vol1,Our vol1 STNPP-GAT,98,2023-10-04,0.01,1.0774410774410774
our_vol1,Our vol1 STNPP-GAT,99,2023-10-18,0.01,1.0981651376146788
our_vol1,Our vol1 STNPP-GAT,100,2023-11-01,0.01,0.9456561031449573
our_vol1,Our vol1 STNPP-GAT,101,2023-11-15,0.01,1.033756851021425
our_vol1,Our vol1 STNPP-GAT,102,2023-11-29,0.01,0.9675187617260788
our_vol1,Our vol1 STNPP-GAT,103,2023-12-13,0.01,0.9131568116339691
our_vol1,Our vol1 STNPP-GAT,104,2023-12-27,0.01,1.1233493397358945
our_vol1,Our vol1 STNPP-GAT,105,2024-01-10,0.01,0.6846762925011644
our_vol1,Our vol1 STNPP-GAT,106,2024-01-24,0.01,0.993952721275426
our_vol1,Our vol1 STNPP-GAT,107,2024-02-07,0.01,0.8327965646806227
our_vol1,Our vol1 STNPP-GAT,108,2024-02-21,0.01,1.4938934122871945
our_vol1,Our vol1 STNPP-GAT,109,2024-03-06,0.01,0.6917562724014337
our_vol1,Our vol1 STNPP-GAT,110,2024-03-20,0.01,0.688888888888889
our_vol1,Our vol1 STNPP-GAT,111,2024-04-03,0.01,1.2609649122807018
our_vol1,Our vol1 STNPP-GAT,112,2024-04-17,0.01,0.9951117318435755
our_vol1,Our vol1 STNPP-GAT,113,2024-05-01,0.01,1.0403418803418805
our_vol1,Our vol1 STNPP-GAT,114,2024-05-15,0.01,1.0540540540540542
our_vol1,Our vol1 STNPP-GAT,115,2024-05-29,0.01,0.9217657342657343
our_vol1,Our vol1 STNPP-GAT,116,2024-06-12,0.01,1.069158878504673
our_vol1,Our vol1 STNPP-GAT,117,2024-06-26,0.01,0.8648405927256398
our_vol1,Our vol1 STNPP-GAT,118,2024-07-10,0.01,1.2908759124087592
our_vol1,Our vol1 STNPP-GAT,119,2024-07-24,0.01,1.0483478260869565
our_vol1,Our vol1 STNPP-GAT,120,2024-08-07,0.01,1.3779527559055118
our_vol1,Our vol1 STNPP-GAT,121,2024-08-21,0.01,0.5093582887700534
our_vol1,Our vol1 STNPP-GAT,122,2024-09-04,0.01,0.8661417322834646
our_vol1,Our vol1 STNPP-GAT,123,2024-09-18,0.01,1.2555610479485912
our_vol1,Our vol1 STNPP-GAT,124,2024-10-02,0.01,0.8450292397660819
our_vol1,Our vol1 STNPP-GAT,125,2024-10-16,0.01,1.243421052631579
our_vol1,Our vol1 STNPP-GAT,126,2024-10-30,0.01,1.6132075471698113
our_vol1,Our vol1 STNPP-GAT,127,2024-11-13,0.01,0.45051608986035213
our_vol1,Our vol1 STNPP-GAT,128,2024-11-27,0.01,1.7978947368421052
our_vol1,Our vol1 STNPP-GAT,129,2024-12-11,0.01,1.2700534759358288
our_vol1,Our vol1 STNPP-GAT,0,2020-01-01,0.02,1.2003303055326175
our_vol1,Our vol1 STNPP-GAT,1,2020-01-15,0.02,0.8311731843575418
our_vol1,Our vol1 STNPP-GAT,2,2020-01-29,0.02,0.9649595687331536
our_vol1,Our vol1 STNPP-GAT,3,2020-02-12,0.02,0.6552197802197802
our_vol1,Our vol1 STNPP-GAT,4,2020-02-26,0.02,1.7587619481110606
our_vol1,Our vol1 STNPP-GAT,5,2020-03-11,0.02,0.7898349642179057
our_vol1,Our vol1 STNPP-GAT,6,2020-03-25,0.02,1.1208053691275168
our_vol1,Our vol1 STNPP-GAT,7,2020-04-08,0.02,1.146153846153846
our_vol1,Our vol1 STNPP-GAT,8,2020-04-22,0.02,1.1384788189987163
our_vol1,Our vol1 STNPP-GAT,9,2020-05-06,0.02,0.7850844041320233
our_vol1,Our vol1 STNPP-GAT,10,2020-05-20,0.02,1.25231037489102
our_vol1,Our vol1 STNPP-GAT,11,2020-06-03,0.02,1.0674318507890963
our_vol1,Our vol1 STNPP-GAT,12,2020-06-17,0.02,0.8237172882752936
our_vol1,Our vol1 STNPP-GAT,13,2020-07-01,0.02,1.0038655961938745
our_vol1,Our vol1 STNPP-GAT,14,2020-07-15,0.02,0.8730361709901352
our_vol1,Our vol1 STNPP-GAT,15,2020-07-29,0.02,0.9312569521690768
our_vol1,Our vol1 STNPP-GAT,16,2020-08-12,0.02,1.3750277223331115
our_vol1,Our vol1 STNPP-GAT,17,2020-08-26,0.02,0.6423076923076924
our_vol1,Our vol1 STNPP-GAT,18,2020-09-09,0.02,1.1048565121412803
our_vol1,Our vol1 STNPP-GAT,19,2020-09-23,0.02,0.896551724137931
our_vol1,Our vol1 STNPP-GAT,20,2020-10-07,0.02,1.1860153256704982
our_vol1,Our vol1 STNPP-GAT,21,2020-10-21,0.02,0.73006993006993
our_vol1,Our vol1 STNPP-GAT,22,2020-11-04,0.02,1.0480943738656987
our_vol1,Our vol1 STNPP-GAT,23,2020-11-18,0.02,1.5214043732676314
our_vol1,Our vol1 STNPP-GAT,24,2020-12-02,0.02,0.8408248378127895
our_vol1,Our vol1 STNPP-GAT,25,2020-12-16,0.02,1.0
our_vol1,Our vol1 STNPP-GAT,26,2020-12-30,0.02,0.8055882352941175
our_vol1,Our vol1 STNPP-GAT,27,2021-01-13,0.02,1.664071190211346
our_vol1,Our vol1 STNPP-GAT,28,2021-01-27,0.02,0.725181295323831
our_vol1,Our vol1 STNPP-GAT,29,2021-02-10,0.02,0.8898338870431893
our_vol1,Our vol1 STNPP-GAT,30,2021-02-24,0.02,0.9681519138755981
our_vol1,Our vol1 STNPP-GAT,31,2021-03-10,0.02,1.0158730158730158
our_vol1,Our vol1 STNPP-GAT,32,2021-03-24,0.02,1.1464788732394366
our_vol1,Our vol1 STNPP-GAT,33,2021-04-07,0.02,0.7428662016487001
our_vol1,Our vol1 STNPP-GAT,34,2021-04-21,0.02,0.8797514619883041
our_vol1,Our vol1 STNPP-GAT,35,2021-05-05,0.02,1.3784146887595166
our_vol1,Our vol1 STNPP-GAT,36,2021-05-19,0.02,0.8664246823956442
our_vol1,Our vol1 STNPP-GAT,37,2021-06-02,0.02,1.044238683127572
our_vol1,Our vol1 STNPP-GAT,38,2021-06-16,0.02,0.9719051799824407
our_vol1,Our vol1 STNPP-GAT,39,2021-06-30,0.02,1.2139775668679897
our_vol1,Our vol1 STNPP-GAT,40,2021-07-14,0.02,1.0115154306771075
our_vol1,Our vol1 STNPP-GAT,41,2021-07-28,0.02,1.1494040624475406
our_vol1,Our vol1 STNPP-GAT,42,2021-08-11,0.02,0.8516015280634734
our_vol1,Our vol1 STNPP-GAT,43,2021-08-25,0.02,1.1653877551020408
our_vol1,Our vol1 STNPP-GAT,44,2021-09-08,0.02,0.9121061359867331
our_vol1,Our vol1 STNPP-GAT,45,2021-09-22,0.02,1.0531772575250837
our_vol1,Our vol1 STNPP-GAT,46,2021-10-06,0.02,1.023809523809524
our_vol1,Our vol1 STNPP-GAT,47,2021-10-20,0.02,1.1432160804020102
our_vol1,Our vol1 STNPP-GAT,48,2021-11-03,0.02,0.8442186266771902
our_vol1,Our vol1 STNPP-GAT,49,2021-11-17,0.02,1.0953373015873016
our_vol1,Our vol1 STNPP-GAT,50,2021-12-01,0.02,1.0216816499206767
our_vol1,Our vol1 STNPP-GAT,51,2021-12-15,0.02,0.846829268292683
our_vol1,Our vol1 STNPP-GAT,52,2021-12-29,0.02,1.3911029728565274
our_vol1,Our vol1 STNPP-GAT,53,2022-01-12,0.02,0.6410590277777778
our_vol1,Our vol1 STNPP-GAT,54,2022-01-26,0.02,0.9375
our_vol1,Our vol1 STNPP-GAT,55,2022-02-09,0.02,1.1566265060240963
our_vol1,Our vol1 STNPP-GAT,56,2022-02-23,0.02,0.7302052785923755
our_vol1,Our vol1 STNPP-GAT,57,2022-03-09,0.02,1.2216748768472907
our_vol1,Our vol1 STNPP-GAT,58,2022-03-23,0.02,0.9924069065945498
our_vol1,Our vol1 STNPP-GAT,59,2022-04-06,0.02,0.9770325203252033
our_vol1,Our vol1 STNPP-GAT,60,2022-04-20,0.02,1.100075315383167
our_vol1,Our vol1 STNPP-GAT,61,2022-05-04,0.02,1.0331021437578813
our_vol1,Our vol1 STNPP-GAT,62,2022-05-18,0.02,0.7721958925750395
our_vol1,Our vol1 STNPP-GAT,63,2022-06-01,0.02,1.2826747720364744
our_vol1,Our vol1 STNPP-GAT,64,2022-06-15,0.02,0.7393155395447847
our_vol1,Our vol1 STNPP-GAT,65,2022-06-29,0.02,1.1525652565256526
our_vol1,Our vol1 STNPP-GAT,66,2022-07-13,0.02,1.158507189759787
our_vol1,Our vol1 STNPP-GAT,67,2022-07-27,0.02,0.9508251654519561
our_vol1,Our vol1 STNPP-GAT,68,2022-08-10,0.02,1.0434920634920635
our_vol1,Our vol1 STNPP-GAT,69,2022-08-24,0.02,1.0056818181818181
our_vol1,Our vol1 STNPP-GAT,70,2022-09-07,0.02,0.78
our_vol1,Our vol1 STNPP-GAT,71,2022-09-21,0.02,0.9683873549419769
our_vol1,Our vol1 STNPP-GAT,72,2022-10-05,0.02,1.174066243833686
our_vol1,Our vol1 STNPP-GAT,73,2022-10-19,0.02,1.0547663551401867
our_vol1,Our vol1 STNPP-GAT,74,2022-11-02,0.02,0.851584377302874
our_vol1,Our vol1 STNPP-GAT,75,2022-11-16,0.02,1.0446463084654039
our_vol1,Our vol1 STNPP-GAT,76,2022-11-30,0.02,1.1520074696545284
our_vol1,Our vol1 STNPP-GAT,77,2022-12-14,0.02,0.9444789081885855
our_vol1,Our vol1 STNPP-GAT,78,2022-12-28,0.02,0.8241783855178308
our_vol1,Our vol1 STNPP-GAT,79,2023-01-11,0.02,1.1687334656084656
our_vol1,Our vol1 STNPP-GAT,80,2023-01-25,0.02,0.9111389236545682
our_vol1,Our vol1 STNPP-GAT,81,2023-02-08,0.02,0.9173363949483353
our_vol1,Our vol1 STNPP-GAT,82,2023-02-22,0.02,0.7103950103950104
our_vol1,Our vol1 STNPP-GAT,83,2023-03-08,0.02,1.4605263157894737
our_vol1,Our vol1 STNPP-GAT,84,2023-03-22,0.02,1.0982658959537572
our_vol1,Our vol1 STNPP-GAT,85,2023-04-05,0.02,0.9028502609393818
our_vol1,Our vol1 STNPP-GAT,86,2023-04-19,0.02,1.1990950226244343
our_vol1,Our vol1 STNPP-GAT,87,2023-05-03,0.02,0.924731182795699
our_vol1,Our vol1 STNPP-GAT,88,2023-05-17,0.02,1.3647556274095263
our_vol1,Our vol1 STNPP-GAT,89,2023-05-31,0.02,0.9160380131282453
our_vol1,Our vol1 STNPP-GAT,90,2023-06-14,0.02,0.77457309454394
our_vol1,Our vol1 STNPP-GAT,91,2023-06-28,0.02,0.9572649572649571
our_vol1,Our vol1 STNPP-GAT,92,2023-07-12,0.02,0.8427370948379351
our_vol1,Our vol1 STNPP-GAT,93,2023-07-26,0.02,1.5666666666666669
our_vol1,Our vol1 STNPP-GAT,94,2023-08-09,0.02,1.0921238596942053
our_vol1,Our vol1 STNPP-GAT,95,2023-08-23,0.02,0.7198325484039769
our_vol1,Our vol1 STNPP-GAT,96,2023-09-06,0.02,1.509517766497462
our_vol1,Our vol1 STNPP-GAT,97,2023-09-20,0.02,0.7445200302343159
our_vol1,Our vol1 STNPP-GAT,98,2023-10-04,0.02,1.0
our_vol1,Our vol1 STNPP-GAT,99,2023-10-18,0.02,1.1822351959966637
our_vol1,Our vol1 STNPP-GAT,100,2023-11-01,0.02,0.9628811687760128
our_vol1,Our vol1 STNPP-GAT,101,2023-11-15,0.02,0.9653328734046223
our_vol1,Our vol1 STNPP-GAT,102,2023-11-29,0.02,1.0156882591093117
our_vol1,Our vol1 STNPP-GAT,103,2023-12-13,0.02,0.9982464236271343
our_vol1,Our vol1 STNPP-GAT,104,2023-12-27,0.02,1.0244309262166404
our_vol1,Our vol1 STNPP-GAT,105,2024-01-10,0.02,0.7898230088495575
our_vol1,Our vol1 STNPP-GAT,106,2024-01-24,0.02,0.9974039460020768
our_vol1,Our vol1 STNPP-GAT,107,2024-02-07,0.02,0.9344109996283909
our_vol1,Our vol1 STNPP-GAT,108,2024-02-21,0.02,1.1866387388380553
our_vol1,Our vol1 STNPP-GAT,109,2024-03-06,0.02,0.7055913978494625
our_vol1,Our vol1 STNPP-GAT,110,2024-03-20,0.02,1.067777777777778
our_vol1,Our vol1 STNPP-GAT,111,2024-04-03,0.02,1.0964912280701755
our_vol1,Our vol1 STNPP-GAT,112,2024-04-17,0.02,1.091779728651237
our_vol1,Our vol1 STNPP-GAT,113,2024-05-01,0.02,1.109188034188034
our_vol1,Our vol1 STNPP-GAT,114,2024-05-15,0.02,0.9411196911196912
our_vol1,Our vol1 STNPP-GAT,115,2024-05-29,0.02,1.1046261430876816
our_vol1,Our vol1 STNPP-GAT,116,2024-06-12,0.02,0.8909657320872274
our_vol1,Our vol1 STNPP-GAT,117,2024-06-26,0.02,0.8508269720101782
our_vol1,Our vol1 STNPP-GAT,118,2024-07-10,0.02,1.4710836608646827
our_vol1,Our vol1 STNPP-GAT,119,2024-07-24,0.02,0.8858416945373467
our_vol1,Our vol1 STNPP-GAT,120,2024-08-07,0.02,1.1250298258172273
our_vol1,Our vol1 STNPP-GAT,121,2024-08-21,0.02,0.7147186147186148
our_vol1,Our vol1 STNPP-GAT,122,2024-09-04,0.02,0.8661417322834646
our_vol1,Our vol1 STNPP-GAT,123,2024-09-18,0.02,1.4483793517406964
our_vol1,Our vol1 STNPP-GAT,124,2024-10-02,0.02,0.75
our_vol1,Our vol1 STNPP-GAT,125,2024-10-16,0.02,1.1789473684210525
our_vol1,Our vol1 STNPP-GAT,126,2024-10-30,0.02,1.3183201460742544
our_vol1,Our vol1 STNPP-GAT,127,2024-11-13,0.02,0.6702576112412179
our_vol1,Our vol1 STNPP-GAT,128,2024-11-27,0.02,1.2842105263157895
our_vol1,Our vol1 STNPP-GAT,129,2024-12-11,0.02,1.504524886877828
our_vol1,Our vol1 STNPP-GAT,0,2020-01-01,0.03,1.2487908458180959
our_vol1,Our vol1 STNPP-GAT,1,2020-01-15,0.03,0.7817121261912585
our_vol1,Our vol1 STNPP-GAT,2,2020-01-29,0.03,1.1049382716049383
our_vol1,Our vol1 STNPP-GAT,3,2020-02-12,0.03,0.7003571428571429
our_vol1,Our vol1 STNPP-GAT,4,2020-02-26,0.03,1.435897435897436
our_vol1,Our vol1 STNPP-GAT,5,2020-03-11,0.03,0.7937067042385816
our_vol1,Our vol1 STNPP-GAT,6,2020-03-25,0.03,1.064765100671141
our_vol1,Our vol1 STNPP-GAT,7,2020-04-08,0.03,1.1062121212121212
our_vol1,Our vol1 STNPP-GAT,8,2020-04-22,0.03,1.0060975609756098
our_vol1,Our vol1 STNPP-GAT,9,2020-05-06,0.03,0.7635978835978836
our_vol1,Our vol1 STNPP-GAT,10,2020-05-20,0.03,1.2193548387096773
our_vol1,Our vol1 STNPP-GAT,11,2020-06-03,0.03,1.1253545093590471
our_vol1,Our vol1 STNPP-GAT,12,2020-06-17,0.03,0.8096366508688784
our_vol1,Our vol1 STNPP-GAT,13,2020-07-01,0.03,1.0752187880802038
our_vol1,Our vol1 STNPP-GAT,14,2020-07-15,0.03,0.785270629991127
our_vol1,Our vol1 STNPP-GAT,15,2020-07-29,0.03,1.1510026155187445
our_vol1,Our vol1 STNPP-GAT,16,2020-08-12,0.03,1.166129279901735
our_vol1,Our vol1 STNPP-GAT,17,2020-08-26,0.03,0.6773426573426573
our_vol1,Our vol1 STNPP-GAT,18,2020-09-09,0.03,1.199558498896247
our_vol1,Our vol1 STNPP-GAT,19,2020-09-23,0.03,0.926829268292683
our_vol1,Our vol1 STNPP-GAT,20,2020-10-07,0.03,1.0196839080459772
our_vol1,Our vol1 STNPP-GAT,21,2020-10-21,0.03,0.8014545454545454
our_vol1,Our vol1 STNPP-GAT,22,2020-11-04,0.03,0.9335526315789473
our_vol1,Our vol1 STNPP-GAT,23,2020-11-18,0.03,1.4695383150880532
our_vol1,Our vol1 STNPP-GAT,24,2020-12-02,0.03,0.8583859246509848
our_vol1,Our vol1 STNPP-GAT,25,2020-12-16,0.03,0.9111111111111111
our_vol1,Our vol1 STNPP-GAT,26,2020-12-30,0.03,0.8725907384230287
our_vol1,Our vol1 STNPP-GAT,27,2021-01-13,0.03,1.535303776683087
our_vol1,Our vol1 STNPP-GAT,28,2021-01-27,0.03,0.8084428514536042
our_vol1,Our vol1 STNPP-GAT,29,2021-02-10,0.03,0.9136842105263158
our_vol1,Our vol1 STNPP-GAT,30,2021-02-24,0.03,0.9294713438735178
our_vol1,Our vol1 STNPP-GAT,31,2021-03-10,0.03,1.0612244897959184
our_vol1,Our vol1 STNPP-GAT,32,2021-03-24,0.03,1.1103286384976525
our_vol1,Our vol1 STNPP-GAT,33,2021-04-07,0.03,0.8744310575635876
our_vol1,Our vol1 STNPP-GAT,34,2021-04-21,0.03,0.9045720361509836
our_vol1,Our vol1 STNPP-GAT,35,2021-05-05,0.03,1.242578849721707
our_vol1,Our vol1 STNPP-GAT,36,2021-05-19,0.03,0.8629310344827585
our_vol1,Our vol1 STNPP-GAT,37,2021-06-02,0.03,0.9892787524366472
our_vol1,Our vol1 STNPP-GAT,38,2021-06-16,0.03,1.0811794685111031
our_vol1,Our vol1 STNPP-GAT,39,2021-06-30,0.03,1.0199063231850118
our_vol1,Our vol1 STNPP-GAT,40,2021-07-14,0.03,0.9862275449101796
our_vol1,Our vol1 STNPP-GAT,41,2021-07-28,0.03,1.24472049689441
our_vol1,Our vol1 STNPP-GAT,42,2021-08-11,0.03,0.8051829961354854
our_vol1,Our vol1 STNPP-GAT,43,2021-08-25,0.03,1.096126984126984
our_vol1,Our vol1 STNPP-GAT,44,2021-09-08,0.03,1.0242903131401815
our_vol1,Our vol1 STNPP-GAT,45,2021-09-22,0.03,0.9985576923076923
our_vol1,Our vol1 STNPP-GAT,46,2021-10-06,0.03,0.9484777517564402
our_vol1,Our vol1 STNPP-GAT,47,2021-10-20,0.03,1.1105527638190955
our_vol1,Our vol1 STNPP-GAT,48,2021-11-03,0.03,0.7725847394355682
our_vol1,Our vol1 STNPP-GAT,49,2021-11-17,0.03,0.9234693877551021
our_vol1,Our vol1 STNPP-GAT,50,2021-12-01,0.03,1.025283347863993
our_vol1,Our vol1 STNPP-GAT,51,2021-12-15,0.03,0.8911149825783973
our_vol1,Our vol1 STNPP-GAT,52,2021-12-29,0.03,1.32655851257747
our_vol1,Our vol1 STNPP-GAT,53,2022-01-12,0.03,0.706544901065449
our_vol1,Our vol1 STNPP-GAT,54,2022-01-26,0.03,0.9375
our_vol1,Our vol1 STNPP-GAT,55,2022-02-09,0.03,1.2982542414556182
our_vol1,Our vol1 STNPP-GAT,56,2022-02-23,0.03,0.772332506203474
our_vol1,Our vol1 STNPP-GAT,57,2022-03-09,0.03,1.1719555504639707
our_vol1,Our vol1 STNPP-GAT,58,2022-03-23,0.03,0.9210526315789475
our_vol1,Our vol1 STNPP-GAT,59,2022-04-06,0.03,0.9515447154471545
our_vol1,Our vol1 STNPP-GAT,60,2022-04-20,0.03,1.0706513854635136
our_vol1,Our vol1 STNPP-GAT,61,2022-05-04,0.03,1.0150556680161944
our_vol1,Our vol1 STNPP-GAT,62,2022-05-18,0.03,0.8872037914691944
our_vol1,Our vol1 STNPP-GAT,63,2022-06-01,0.03,1.268306010928962
our_vol1,Our vol1 STNPP-GAT,64,2022-06-15,0.03,0.792659117532214
our_vol1,Our vol1 STNPP-GAT,65,2022-06-29,0.03,1.11212437033177
our_vol1,Our vol1 STNPP-GAT,66,2022-07-13,0.03,1.0730759264058045
our_vol1,Our vol1 STNPP-GAT,67,2022-07-27,0.03,0.9801518211574621
our_vol1,Our vol1 STNPP-GAT,68,2022-08-10,0.03,1.050394656952034
our_vol1,Our vol1 STNPP-GAT,69,2022-08-24,0.03,1.0106951871657754
our_vol1,Our vol1 STNPP-GAT,70,2022-09-07,0.03,0.7875
our_vol1,Our vol1 STNPP-GAT,71,2022-09-21,0.03,0.9442824748947198
our_vol1,Our vol1 STNPP-GAT,72,2022-10-05,0.03,1.0767322346269717
our_vol1,Our vol1 STNPP-GAT,73,2022-10-19,0.03,0.9964054636951832
our_vol1,Our vol1 STNPP-GAT,74,2022-11-02,0.03,0.9843730308758665
our_vol1,Our vol1 STNPP-GAT,75,2022-11-16,0.03,0.9092127303182579
our_vol1,Our vol1 STNPP-GAT,76,2022-11-30,0.03,1.1004608294930878
our_vol1,Our vol1 STNPP-GAT,77,2022-12-14,0.03,0.9254807692307692
our_vol1,Our vol1 STNPP-GAT,78,2022-12-28,0.03,1.0429287725805345
our_vol1,Our vol1 STNPP-GAT,79,2023-01-11,0.03,1.0613682092555332
our_vol1,Our vol1 STNPP-GAT,80,2023-01-25,0.03,0.916530278232406
our_vol1,Our vol1 STNPP-GAT,81,2023-02-08,0.03,0.8768656716417911
our_vol1,Our vol1 STNPP-GAT,82,2023-02-22,0.03,0.832972972972973
our_vol1,Our vol1 STNPP-GAT,83,2023-03-08,0.03,1.2911899313501143
our_vol1,Our vol1 STNPP-GAT,84,2023-03-22,0.03,0.9742681335073652
our_vol1,Our vol1 STNPP-GAT,85,2023-04-05,0.03,0.8568396226415095
our_vol1,Our vol1 STNPP-GAT,86,2023-04-19,0.03,1.189102564102564
our_vol1,Our vol1 STNPP-GAT,87,2023-05-03,0.03,0.931899641577061
our_vol1,Our vol1 STNPP-GAT,88,2023-05-17,0.03,1.160427807486631
our_vol1,Our vol1 STNPP-GAT,89,2023-05-31,0.03,0.8440098186713121
our_vol1,Our vol1 STNPP-GAT,90,2023-06-14,0.03,0.837772397094431
our_vol1,Our vol1 STNPP-GAT,91,2023-06-28,0.03,0.9137529137529136
our_vol1,Our vol1 STNPP-GAT,92,2023-07-12,0.03,0.9385026737967914
our_vol1,Our vol1 STNPP-GAT,93,2023-07-26,0.03,1.2638297872340427
our_vol1,Our vol1 STNPP-GAT,94,2023-08-09,0.03,1.041687594173782
our_vol1,Our vol1 STNPP-GAT,95,2023-08-23,0.03,0.7912568306010929
our_vol1,Our vol1 STNPP-GAT,96,2023-09-06,0.03,1.53146250359161
our_vol1,Our vol1 STNPP-GAT,97,2023-09-20,0.03,0.7973809523809523
our_vol1,Our vol1 STNPP-GAT,98,2023-10-04,0.03,0.9950248756218906
our_vol1,Our vol1 STNPP-GAT,99,2023-10-18,0.03,1.1270642201834862
our_vol1,Our vol1 STNPP-GAT,100,2023-11-01,0.03,0.9638687392055268
our_vol1,Our vol1 STNPP-GAT,101,2023-11-15,0.03,1.0852729731653497
our_vol1,Our vol1 STNPP-GAT,102,2023-11-29,0.03,0.9169407894736842
our_vol1,Our vol1 STNPP-GAT,103,2023-12-13,0.03,1.0078449469312414
our_vol1,Our vol1 STNPP-GAT,104,2023-12-27,0.03,1.0848720440557176
our_vol1,Our vol1 STNPP-GAT,105,2024-01-10,0.03,0.8413683793422269
our_vol1,Our vol1 STNPP-GAT,106,2024-01-24,0.03,1.0263261813873898
our_vol1,Our vol1 STNPP-GAT,107,2024-02-07,0.03,0.9439193446754882
our_vol1,Our vol1 STNPP-GAT,108,2024-02-21,0.03,0.9405340773216421
our_vol1,Our vol1 STNPP-GAT,109,2024-03-06,0.03,0.686435070306038
our_vol1,Our vol1 STNPP-GAT,110,2024-03-20,0.03,1.0990909090909091
our_vol1,Our vol1 STNPP-GAT,111,2024-04-03,0.03,1.1246063877642827
our_vol1,Our vol1 STNPP-GAT,112,2024-04-17,0.03,0.9362011173184357
our_vol1,Our vol1 STNPP-GAT,113,2024-05-01,0.03,1.0003287310979618
our_vol1,Our vol1 STNPP-GAT,114,2024-05-15,0.03,0.9034749034749034
our_vol1,Our vol1 STNPP-GAT,115,2024-05-29,0.03,1.201894879314234
our_vol1,Our vol1 STNPP-GAT,116,2024-06-12,0.03,0.9383575263471864
our_vol1,Our vol1 STNPP-GAT,117,2024-06-26,0.03,0.8408172429277053
our_vol1,Our vol1 STNPP-GAT,118,2024-07-10,0.03,1.344662408759124
our_vol1,Our vol1 STNPP-GAT,119,2024-07-24,0.03,1.08300395256917
our_vol1,Our vol1 STNPP-GAT,120,2024-08-07,0.03,1.191462909241608
our_vol1,Our vol1 STNPP-GAT,121,2024-08-21,0.03,0.8482374768089054
our_vol1,Our vol1 STNPP-GAT,122,2024-09-04,0.03,0.8916164891153311
our_vol1,Our vol1 STNPP-GAT,123,2024-09-18,0.03,1.325948561242679
our_vol1,Our vol1 STNPP-GAT,124,2024-10-02,0.03,0.8544973544973545
our_vol1,Our vol1 STNPP-GAT,125,2024-10-16,0.03,1.1973684210526314
our_vol1,Our vol1 STNPP-GAT,126,2024-10-30,0.03,1.1030478955007257
our_vol1,Our vol1 STNPP-GAT,127,2024-11-13,0.03,0.7574611181168559
our_vol1,Our vol1 STNPP-GAT,128,2024-11-27,0.03,1.0507177033492825
our_vol1,Our vol1 STNPP-GAT,129,2024-12-11,0.03,1.3488843813387423
our_vol1,Our vol1 STNPP-GAT,0,2020-01-01,0.04,1.1536355339215087
our_vol1,Our vol1 STNPP-GAT,1,2020-01-15,0.04,0.8489355277064774
our_vol1,Our vol1 STNPP-GAT,2,2020-01-29,0.04,1.072177298592393
our_vol1,Our vol1 STNPP-GAT,3,2020-02-12,0.04,0.6671545667447307
our_vol1,Our vol1 STNPP-GAT,4,2020-02-26,0.04,1.3475345167652861
our_vol1,Our vol1 STNPP-GAT,5,2020-03-11,0.04,0.7589820359281437
our_vol1,Our vol1 STNPP-GAT,6,2020-03-25,0.04,1.0731115236327289
our_vol1,Our vol1 STNPP-GAT,7,2020-04-08,0.04,1.0993412384716732
our_vol1,Our vol1 STNPP-GAT,8,2020-04-22,0.04,0.9378875568416701
our_vol1,Our vol1 STNPP-GAT,9,2020-05-06,0.04,0.8522297808012094
our_vol1,Our vol1 STNPP-GAT,10,2020-05-20,0.04,1.1773081201334816
our_vol1,Our vol1 STNPP-GAT,11,2020-06-03,0.04,1.1119081779053086
our_vol1,Our vol1 STNPP-GAT,12,2020-06-17,0.04,0.6887035814985902
our_vol1,Our vol1 STNPP-GAT,13,2020-07-01,0.04,1.192090395480226
our_vol1,Our vol1 STNPP-GAT,14,2020-07-15,0.04,0.815056757335618
our_vol1,Our vol1 STNPP-GAT,15,2020-07-29,0.04,1.2319579894973745
our_vol1,Our vol1 STNPP-GAT,16,2020-08-12,0.04,0.9638415476738831
our_vol1,Our vol1 STNPP-GAT,17,2020-08-26,0.04,0.7431659249841068
our_vol1,Our vol1 STNPP-GAT,18,2020-09-09,0.04,1.244654683065279
our_vol1,Our vol1 STNPP-GAT,19,2020-09-23,0.04,0.96
our_vol1,Our vol1 STNPP-GAT,20,2020-10-07,0.04,0.937241379310345
our_vol1,Our vol1 STNPP-GAT,21,2020-10-21,0.04,0.9250398724082934
our_vol1,Our vol1 STNPP-GAT,22,2020-11-04,0.04,0.8526315789473683
our_vol1,Our vol1 STNPP-GAT,23,2020-11-18,0.04,1.3631956563893737
our_vol1,Our vol1 STNPP-GAT,24,2020-12-02,0.04,0.7721147748890298
our_vol1,Our vol1 STNPP-GAT,25,2020-12-16,0.04,0.9807692307692307
our_vol1,Our vol1 STNPP-GAT,26,2020-12-30,0.04,0.8877005347593582
our_vol1,Our vol1 STNPP-GAT,27,2021-01-13,0.04,1.4068965517241379
our_vol1,Our vol1 STNPP-GAT,28,2021-01-27,0.04,0.8055555555555557
our_vol1,Our vol1 STNPP-GAT,29,2021-02-10,0.04,0.96
our_vol1,Our vol1 STNPP-GAT,30,2021-02-24,0.04,0.8932010785824345
our_vol1,Our vol1 STNPP-GAT,31,2021-03-10,0.04,1.1428571428571428
our_vol1,Our vol1 STNPP-GAT,32,2021-03-24,0.04,1.0632421982877658
our_vol1,Our vol1 STNPP-GAT,33,2021-04-07,0.04,0.9751807228915662
our_vol1,Our vol1 STNPP-GAT,34,2021-04-21,0.04,0.9187552213868003
our_vol1,Our vol1 STNPP-GAT,35,2021-05-05,0.04,1.0890359640359641
our_vol1,Our vol1 STNPP-GAT,36,2021-05-19,0.04,0.983397190293742
our_vol1,Our vol1 STNPP-GAT,37,2021-06-02,0.04,0.8434235517568851
our_vol1,Our vol1 STNPP-GAT,38,2021-06-16,0.04,1.0855924459335973
our_vol1,Our vol1 STNPP-GAT,39,2021-06-30,0.04,1.0
our_vol1,Our vol1 STNPP-GAT,40,2021-07-14,0.04,1.114071856287425
our_vol1,Our vol1 STNPP-GAT,41,2021-07-28,0.04,1.1854480922803903
our_vol1,Our vol1 STNPP-GAT,42,2021-08-11,0.04,0.757718373493976
our_vol1,Our vol1 STNPP-GAT,43,2021-08-25,0.04,1.100342857142857
our_vol1,Our vol1 STNPP-GAT,44,2021-09-08,0.04,1.0057471264367817
our_vol1,Our vol1 STNPP-GAT,45,2021-09-22,0.04,1.0307692307692307
our_vol1,Our vol1 STNPP-GAT,46,2021-10-06,0.04,0.9948979591836735
our_vol1,Our vol1 STNPP-GAT,47,2021-10-20,0.04,1.089417676618386
our_vol1,Our vol1 STNPP-GAT,48,2021-11-03,0.04,0.8686992701725665
our_vol1,Our vol1 STNPP-GAT,49,2021-11-17,0.04,0.9219379294006159
our_vol1,Our vol1 STNPP-GAT,50,2021-12-01,0.04,1.0161290322580645
our_vol1,Our vol1 STNPP-GAT,51,2021-12-15,0.04,0.894167550371156
our_vol1,Our vol1 STNPP-GAT,52,2021-12-29,0.04,1.0715779202676332
our_vol1,Our vol1 STNPP-GAT,53,2022-01-12,0.04,0.7814814814814814
our_vol1,Our vol1 STNPP-GAT,54,2022-01-26,0.04,0.9057203389830508
our_vol1,Our vol1 STNPP-GAT,55,2022-02-09,0.04,1.2185886402753872
our_vol1,Our vol1 STNPP-GAT,56,2022-02-23,0.04,0.7111895161290323
our_vol1,Our vol1 STNPP-GAT,57,2022-03-09,0.04,1.356763925729443
our_vol1,Our vol1 STNPP-GAT,58,2022-03-23,0.04,0.8741626794258374
our_vol1,Our vol1 STNPP-GAT,59,2022-04-06,0.04,1.0638388123011664
our_vol1,Our vol1 STNPP-GAT,60,2022-04-20,0.04,1.0538131181676211
our_vol1,Our vol1 STNPP-GAT,61,2022-05-04,0.04,0.9991158267020336
our_vol1,Our vol1 STNPP-GAT,62,2022-05-18,0.04,0.8775864061958155
our_vol1,Our vol1 STNPP-GAT,63,2022-06-01,0.04,1.1974559686888455
our_vol1,Our vol1 STNPP-GAT,64,2022-06-15,0.04,0.8199921905505663
our_vol1,Our vol1 STNPP-GAT,65,2022-06-29,0.04,0.9884265453572385
our_vol1,Our vol1 STNPP-GAT,66,2022-07-13,0.04,1.1741311796377873
our_vol1,Our vol1 STNPP-GAT,67,2022-07-27,0.04,0.9294315992292871
our_vol1,Our vol1 STNPP-GAT,68,2022-08-10,0.04,1.0519624101713654
our_vol1,Our vol1 STNPP-GAT,69,2022-08-24,0.04,0.9309764309764309
our_vol1,Our vol1 STNPP-GAT,70,2022-09-07,0.04,0.75
our_vol1,Our vol1 STNPP-GAT,71,2022-09-21,0.04,1.1224489795918369
our_vol1,Our vol1 STNPP-GAT,72,2022-10-05,0.04,0.975956750604638
our_vol1,Our vol1 STNPP-GAT,73,2022-10-19,0.04,1.115722924683892
our_vol1,Our vol1 STNPP-GAT,74,2022-11-02,0.04,1.0338164251207729
our_vol1,Our vol1 STNPP-GAT,75,2022-11-16,0.04,0.9676288418838378
our_vol1,Our vol1 STNPP-GAT,76,2022-11-30,0.04,1.1566526610644259
our_vol1,Our vol1 STNPP-GAT,77,2022-12-14,0.04,0.9974513438368859
our_vol1,Our vol1 STNPP-GAT,78,2022-12-28,0.04,1.057912380071668
our_vol1,Our vol1 STNPP-GAT,79,2023-01-11,0.04,0.9868197278911565
our_vol1,Our vol1 STNPP-GAT,80,2023-01-25,0.04,0.9559623948540327
our_vol1,Our vol1 STNPP-GAT,81,2023-02-08,0.04,0.8833609729132118
our_vol1,Our vol1 STNPP-GAT,82,2023-02-22,0.04,0.8787758346581875
our_vol1,Our vol1 STNPP-GAT,83,2023-03-08,0.04,1.2128347183748847
our_vol1,Our vol1 STNPP-GAT,84,2023-03-22,0.04,0.9628632512471295
our_vol1,Our vol1 STNPP-GAT,85,2023-04-05,0.04,1.0072965801886793
our_vol1,Our vol1 STNPP-GAT,86,2023-04-19,0.04,1.0549932523616734
our_vol1,Our vol1 STNPP-GAT,87,2023-05-03,0.04,0.9833147942157953
our_vol1,Our vol1 STNPP-GAT,88,2023-05-17,0.04,1.170179301667191
our_vol1,Our vol1 STNPP-GAT,89,2023-05-31,0.04,0.8756859588790517
our_vol1,Our vol1 STNPP-GAT,90,2023-06-14,0.04,0.8566926770708283
our_vol1,Our vol1 STNPP-GAT,91,2023-06-28,0.04,0.8876132159714248
our_vol1,Our vol1 STNPP-GAT,92,2023-07-12,0.04,0.9732620320855615
our_vol1,Our vol1 STNPP-GAT,93,2023-07-26,0.04,1.3122807017543858
our_vol1,Our vol1 STNPP-GAT,94,2023-08-09,0.04,0.9249958144985769
our_vol1,Our vol1 STNPP-GAT,95,2023-08-23,0.04,0.7956043956043956
our_vol1,Our vol1 STNPP-GAT,96,2023-09-06,0.04,1.5091120912041274
our_vol1,Our vol1 STNPP-GAT,97,2023-09-20,0.04,0.806963645673323
our_vol1,Our vol1 STNPP-GAT,98,2023-10-04,0.04,1.0126582278481011
our_vol1,Our vol1 STNPP-GAT,99,2023-10-18,0.04,1.0501356764439849
our_vol1,Our vol1 STNPP-GAT,100,2023-11-01,0.04,1.019335271072918
our_vol1,Our vol1 STNPP-GAT,101,2023-11-15,0.04,1.0577977080219232
our_vol1,Our vol1 STNPP-GAT,102,2023-11-29,0.04,0.9636992221261884
our_vol1,Our vol1 STNPP-GAT,103,2023-12-13,0.04,1.0291074985542634
our_vol1,Our vol1 STNPP-GAT,104,2023-12-27,0.04,1.0051020408163265
our_vol1,Our vol1 STNPP-GAT,105,2024-01-10,0.04,0.9573612228479484
our_vol1,Our vol1 STNPP-GAT,106,2024-01-24,0.04,0.9240654205607476
our_vol1,Our vol1 STNPP-GAT,107,2024-02-07,0.04,0.9692028985507246
our_vol1,Our vol1 STNPP-GAT,108,2024-02-21,0.04,0.9750353273669335
our_vol1,Our vol1 STNPP-GAT,109,2024-03-06,0.04,0.7747670250896058
our_vol1,Our vol1 STNPP-GAT,110,2024-03-20,0.04,1.0185714285714287
our_vol1,Our vol1 STNPP-GAT,111,2024-04-03,0.04,1.1961722488038278
our_vol1,Our vol1 STNPP-GAT,112,2024-04-17,0.04,1.0848404507148945
our_vol1,Our vol1 STNPP-GAT,113,2024-05-01,0.04,1.01994301994302
our_vol1,Our vol1 STNPP-GAT,114,2024-05-15,0.04,0.7561692126909518
our_vol1,Our vol1 STNPP-GAT,115,2024-05-29,0.04,1.1538461538461537
our_vol1,Our vol1 STNPP-GAT,116,2024-06-12,0.04,1.0086404514195029
our_vol1,Our vol1 STNPP-GAT,117,2024-06-26,0.04,0.7778989458378771
our_vol1,Our vol1 STNPP-GAT,118,2024-07-10,0.04,1.358816749903957
our_vol1,Our vol1 STNPP-GAT,119,2024-07-24,0.04,1.1238720262510256
our_vol1,Our vol1 STNPP-GAT,120,2024-08-07,0.04,1.032283464566929
our_vol1,Our vol1 STNPP-GAT,121,2024-08-21,0.04,0.8161442006269592
our_vol1,Our vol1 STNPP-GAT,122,2024-09-04,0.04,0.8661417322834646
our_vol1,Our vol1 STNPP-GAT,123,2024-09-18,0.04,1.3275261324041812
our_vol1,Our vol1 STNPP-GAT,124,2024-10-02,0.04,0.9042553191489362
our_vol1,Our vol1 STNPP-GAT,125,2024-10-16,0.04,1.0538555691554468
our_vol1,Our vol1 STNPP-GAT,126,2024-10-30,0.04,1.1023584905660377
our_vol1,Our vol1 STNPP-GAT,127,2024-11-13,0.04,0.7840863654538185
our_vol1,Our vol1 STNPP-GAT,128,2024-11-27,0.04,1.0452876376988984
our_vol1,Our vol1 STNPP-GAT,129,2024-12-11,0.04,1.2418300653594772
our_vol1,Our vol1 STNPP-GAT,0,2020-01-01,0.05,1.0476028561713702
our_vol1,Our vol1 STNPP-GAT,1,2020-01-15,0.05,0.9664804469273742
our_vol1,Our vol1 STNPP-GAT,2,2020-01-29,0.05,0.9381551362683439
our_vol1,Our vol1 STNPP-GAT,3,2020-02-12,0.05,0.7571428571428572
our_vol1,Our vol1 STNPP-GAT,4,2020-02-26,0.05,1.3504521603215363
our_vol1,Our vol1 STNPP-GAT,5,2020-03-11,0.05,0.7228400342172797
our_vol1,Our vol1 STNPP-GAT,6,2020-03-25,0.05,1.1208053691275168
our_vol1,Our vol1 STNPP-GAT,7,2020-04-08,0.05,1.132892561983471
our_vol1,Our vol1 STNPP-GAT,8,2020-04-22,0.05,0.932119799139168
our_vol1,Our vol1 STNPP-GAT,9,2020-05-06,0.05,0.8276760276760278
our_vol1,Our vol1 STNPP-GAT,10,2020-05-20,0.05,1.1993654151242727
our_vol1,Our vol1 STNPP-GAT,11,2020-06-03,0.05,1.1341463414634148
our_vol1,Our vol1 STNPP-GAT,12,2020-06-17,0.05,0.7286729857819905
our_vol1,Our vol1 STNPP-GAT,13,2020-07-01,0.05,1.1740284197911317
our_vol1,Our vol1 STNPP-GAT,14,2020-07-15,0.05,0.8495200451722191
our_vol1,Our vol1 STNPP-GAT,15,2020-07-29,0.05,1.09863523573201
our_vol1,Our vol1 STNPP-GAT,16,2020-08-12,0.05,1.0125204137180184
our_vol1,Our vol1 STNPP-GAT,17,2020-08-26,0.05,0.851131918928529
our_vol1,Our vol1 STNPP-GAT,18,2020-09-09,0.05,1.172500788394828
our_vol1,Our vol1 STNPP-GAT,19,2020-09-23,0.05,1.037037037037037
our_vol1,Our vol1 STNPP-GAT,20,2020-10-07,0.05,0.9127031311930243
our_vol1,Our vol1 STNPP-GAT,21,2020-10-21,0.05,0.9247552447552447
our_vol1,Our vol1 STNPP-GAT,22,2020-11-04,0.05,0.8684210526315789
our_vol1,Our vol1 STNPP-GAT,23,2020-11-18,0.05,1.3151122548584613
our_vol1,Our vol1 STNPP-GAT,24,2020-12-02,0.05,0.8419042021745519
our_vol1,Our vol1 STNPP-GAT,25,2020-12-16,0.05,1.0
our_vol1,Our vol1 STNPP-GAT,26,2020-12-30,0.05,0.9924783027965284
our_vol1,Our vol1 STNPP-GAT,27,2021-01-13,0.05,1.2291434927697442
our_vol1,Our vol1 STNPP-GAT,28,2021-01-27,0.05,0.8386282176604757
our_vol1,Our vol1 STNPP-GAT,29,2021-02-10,0.05,0.9335907335907335
our_vol1,Our vol1 STNPP-GAT,30,2021-02-24,0.05,0.9321732954545454
our_vol1,Our vol1 STNPP-GAT,31,2021-03-10,0.05,1.1053864168618266
our_vol1,Our vol1 STNPP-GAT,32,2021-03-24,0.05,1.064788732394366
our_vol1,Our vol1 STNPP-GAT,33,2021-04-07,0.05,1.029674252565819
our_vol1,Our vol1 STNPP-GAT,34,2021-04-21,0.05,0.8582083227392153
our_vol1,Our vol1 STNPP-GAT,35,2021-05-05,0.05,1.091569447501651
our_vol1,Our vol1 STNPP-GAT,36,2021-05-19,0.05,0.9381609195402298
our_vol1,Our vol1 STNPP-GAT,37,2021-06-02,0.05,0.9438832772166105
our_vol1,Our vol1 STNPP-GAT,38,2021-06-16,0.05,1.05609881626351
our_vol1,Our vol1 STNPP-GAT,39,2021-06-30,0.05,0.9827437446074202
our_vol1,Our vol1 STNPP-GAT,40,2021-07-14,0.05,1.2643942883463841
our_vol1,Our vol1 STNPP-GAT,41,2021-07-28,0.05,1.0228605935127675
our_vol1,Our vol1 STNPP-GAT,42,2021-08-11,0.05,0.8293172690763053
our_vol1,Our vol1 STNPP-GAT,43,2021-08-25,0.05,1.0107728337236535
our_vol1,Our vol1 STNPP-GAT,44,2021-09-08,0.05,1.0313815537696134
our_vol1,Our vol1 STNPP-GAT,45,2021-09-22,0.05,1.0307692307692307
our_vol1,Our vol1 STNPP-GAT,46,2021-10-06,0.05,0.989010989010989
our_vol1,Our vol1 STNPP-GAT,47,2021-10-20,0.05,1.1305136795086546
our_vol1,Our vol1 STNPP-GAT,48,2021-11-03,0.05,0.9120416875941738
our_vol1,Our vol1 STNPP-GAT,49,2021-11-17,0.05,0.8488455988455988
our_vol1,Our vol1 STNPP-GAT,50,2021-12-01,0.05,1.0954015099519558
our_vol1,Our vol1 STNPP-GAT,51,2021-12-15,0.05,0.8840525328330207
our_vol1,Our vol1 STNPP-GAT,52,2021-12-29,0.05,1.0587556203669946
our_vol1,Our vol1 STNPP-GAT,53,2022-01-12,0.05,0.8412418300653595
our_vol1,Our vol1 STNPP-GAT,54,2022-01-26,0.05,0.9663461538461537
our_vol1,Our vol1 STNPP-GAT,55,2022-02-09,0.05,1.0914644493466825
our_vol1,Our vol1 STNPP-GAT,56,2022-02-23,0.05,0.7561230585424135
our_vol1,Our vol1 STNPP-GAT,57,2022-03-09,0.05,1.3111941566162733
our_vol1,Our vol1 STNPP-GAT,58,2022-03-23,0.05,0.9958815335231057
our_vol1,Our vol1 STNPP-GAT,59,2022-04-06,0.05,0.9475466284074605
our_vol1,Our vol1 STNPP-GAT,60,2022-04-20,0.05,1.06022296287783
our_vol1,Our vol1 STNPP-GAT,61,2022-05-04,0.05,1.0186298076923077
our_vol1,Our vol1 STNPP-GAT,62,2022-05-18,0.05,0.9529225908372828
our_vol1,Our vol1 STNPP-GAT,63,2022-06-01,0.05,1.106367041198502
our_vol1,Our vol1 STNPP-GAT,64,2022-06-15,0.05,0.904476234425473
our_vol1,Our vol1 STNPP-GAT,65,2022-06-29,0.05,0.9408270238788585
our_vol1,Our vol1 STNPP-GAT,66,2022-07-13,0.05,1.1579003237620082
our_vol1,Our vol1 STNPP-GAT,67,2022-07-27,0.05,0.8957870164517563
our_vol1,Our vol1 STNPP-GAT,68,2022-08-10,0.05,1.0984126984126985
our_vol1,Our vol1 STNPP-GAT,69,2022-08-24,0.05,0.9653925619834711
our_vol1,Our vol1 STNPP-GAT,70,2022-09-07,0.05,0.7912087912087912
our_vol1,Our vol1 STNPP-GAT,71,2022-09-21,0.05,1.1650736243864634
our_vol1,Our vol1 STNPP-GAT,72,2022-10-05,0.05,0.9174673564917468
our_vol1,Our vol1 STNPP-GAT,73,2022-10-19,0.05,1.0408878504672896
our_vol1,Our vol1 STNPP-GAT,74,2022-11-02,0.05,1.024523693209575
our_vol1,Our vol1 STNPP-GAT,75,2022-11-16,0.05,1.0008806921203959
our_vol1,Our vol1 STNPP-GAT,76,2022-11-30,0.05,1.0631823461091756
our_vol1,Our vol1 STNPP-GAT,77,2022-12-14,0.05,0.9458502024291497
our_vol1,Our vol1 STNPP-GAT,78,2022-12-28,0.05,1.1444135752029199
our_vol1,Our vol1 STNPP-GAT,79,2023-01-11,0.05,0.9134199134199134
our_vol1,Our vol1 STNPP-GAT,80,2023-01-25,0.05,0.9713228492136909
our_vol1,Our vol1 STNPP-GAT,81,2023-02-08,0.05,0.9107096098455094
our_vol1,Our vol1 STNPP-GAT,82,2023-02-22,0.05,0.9334602207841644
our_vol1,Our vol1 STNPP-GAT,83,2023-03-08,0.05,1.2097288676236044
our_vol1,Our vol1 STNPP-GAT,84,2023-03-22,0.05,0.9897951901805466
our_vol1,Our vol1 STNPP-GAT,85,2023-04-05,0.05,0.9341484607745778
our_vol1,Our vol1 STNPP-GAT,86,2023-04-19,0.05,0.9772399884759436
our_vol1,Our vol1 STNPP-GAT,87,2023-05-03,0.05,1.0090725806451613
our_vol1,Our vol1 STNPP-GAT,88,2023-05-17,0.05,1.1140106951871658
our_vol1,Our vol1 STNPP-GAT,89,2023-05-31,0.05,0.9246465631311372
our_vol1,Our vol1 STNPP-GAT,90,2023-06-14,0.05,0.9068353368744758
our_vol1,Our vol1 STNPP-GAT,91,2023-06-28,0.05,0.9037336932073774
our_vol1,Our vol1 STNPP-GAT,92,2023-07-12,0.05,1.0251916757940853
our_vol1,Our vol1 STNPP-GAT,93,2023-07-26,0.05,1.2666666666666668
our_vol1,Our vol1 STNPP-GAT,94,2023-08-09,0.05,0.8660400373107555
our_vol1,Our vol1 STNPP-GAT,95,2023-08-23,0.05,0.8415726495726495
our_vol1,Our vol1 STNPP-GAT,96,2023-09-06,0.05,1.4345619068638271
our_vol1,Our vol1 STNPP-GAT,97,2023-09-20,0.05,0.8266383781235266
our_vol1,Our vol1 STNPP-GAT,98,2023-10-04,0.05,1.1111111111111112
our_vol1,Our vol1 STNPP-GAT,99,2023-10-18,0.05,0.9689692390717755
our_vol1,Our vol1 STNPP-GAT,100,2023-11-01,0.05,0.997354205710506
our_vol1,Our vol1 STNPP-GAT,101,2023-11-15,0.05,0.9962978412764626
our_vol1,Our vol1 STNPP-GAT,102,2023-11-29,0.05,0.9627158555729984
our_vol1,Our vol1 STNPP-GAT,103,2023-12-13,0.05,1.0679736273994984
our_vol1,Our vol1 STNPP-GAT,104,2023-12-27,0.05,0.982766439909297
our_vol1,Our vol1 STNPP-GAT,105,2024-01-10,0.05,0.8964900069603262
our_vol1,Our vol1 STNPP-GAT,106,2024-01-24,0.05,0.9671421544515494
our_vol1,Our vol1 STNPP-GAT,107,2024-02-07,0.05,0.9868247694334651
our_vol1,Our vol1 STNPP-GAT,108,2024-02-21,0.05,1.022066443157574
our_vol1,Our vol1 STNPP-GAT,109,2024-03-06,0.05,0.7339365329137162
our_vol1,Our vol1 STNPP-GAT,110,2024-03-20,0.05,1.0333333333333334
our_vol1,Our vol1 STNPP-GAT,111,2024-04-03,0.05,1.269130272489735
our_vol1,Our vol1 STNPP-GAT,112,2024-04-17,0.05,1.1069433359936154
our_vol1,Our vol1 STNPP-GAT,113,2024-05-01,0.05,1.0337260337260337
our_vol1,Our vol1 STNPP-GAT,114,2024-05-15,0.05,0.8267090620031797
our_vol1,Our vol1 STNPP-GAT,115,2024-05-29,0.05,1.2031468531468532
our_vol1,Our vol1 STNPP-GAT,116,2024-06-12,0.05,0.97196261682243
our_vol1,Our vol1 STNPP-GAT,117,2024-06-26,0.05,0.7125223323046939
our_vol1,Our vol1 STNPP-GAT,118,2024-07-10,0.05,1.3120013580037344
our_vol1,Our vol1 STNPP-GAT,119,2024-07-24,0.05,1.0523188405797101
our_vol1,Our vol1 STNPP-GAT,120,2024-08-07,0.05,1.059277967612539
our_vol1,Our vol1 STNPP-GAT,121,2024-08-21,0.05,0.843001443001443
our_vol1,Our vol1 STNPP-GAT,122,2024-09-04,0.05,0.7968503937007875
our_vol1,Our vol1 STNPP-GAT,123,2024-09-18,0.05,1.180761666368675
our_vol1,Our vol1 STNPP-GAT,124,2024-10-02,0.05,0.8717948717948718
our_vol1,Our vol1 STNPP-GAT,125,2024-10-16,0.05,1.013157894736842
our_vol1,Our vol1 STNPP-GAT,126,2024-10-30,0.05,1.1755155770074595
our_vol1,Our vol1 STNPP-GAT,127,2024-11-13,0.05,0.833389093342255
our_vol1,Our vol1 STNPP-GAT,128,2024-11-27,0.05,1.001684210526316
our_vol1,Our vol1 STNPP-GAT,129,2024-12-11,0.05,1.5761689291101055
our_vol1,Our vol1 STNPP-GAT,0,2020-01-01,0.06,1.1090008257638313
our_vol1,Our vol1 STNPP-GAT,1,2020-01-15,0.06,0.9551100887282287
our_vol1,Our vol1 STNPP-GAT,2,2020-01-29,0.06,0.9590030281854182
our_vol1,Our vol1 STNPP-GAT,3,2020-02-12,0.06,0.8788265306122449
our_vol1,Our vol1 STNPP-GAT,4,2020-02-26,0.06,1.2581360946745563
our_vol1,Our vol1 STNPP-GAT,5,2020-03-11,0.06,0.7228400342172797
our_vol1,Our vol1 STNPP-GAT,6,2020-03-25,0.06,1.001932072401871
our_vol1,Our vol1 STNPP-GAT,7,2020-04-08,0.06,1.1137373737373737
our_vol1,Our vol1 STNPP-GAT,8,2020-04-22,0.06,0.9531450577663672
our_vol1,Our vol1 STNPP-GAT,9,2020-05-06,0.06,0.8208208208208209
our_vol1,Our vol1 STNPP-GAT,10,2020-05-20,0.06,1.064788732394366
our_vol1,Our vol1 STNPP-GAT,11,2020-06-03,0.06,1.1341463414634148
our_vol1,Our vol1 STNPP-GAT,12,2020-06-17,0.06,0.7338408792981749
our_vol1,Our vol1 STNPP-GAT,13,2020-07-01,0.06,1.1594303846451512
our_vol1,Our vol1 STNPP-GAT,14,2020-07-15,0.06,0.7939958592132506
our_vol1,Our vol1 STNPP-GAT,15,2020-07-29,0.06,1.1348864994026284
our_vol1,Our vol1 STNPP-GAT,16,2020-08-12,0.06,1.0854562062316047
our_vol1,Our vol1 STNPP-GAT,17,2020-08-26,0.06,0.8264658418504574
our_vol1,Our vol1 STNPP-GAT,18,2020-09-09,0.06,1.1686628152740592
our_vol1,Our vol1 STNPP-GAT,19,2020-09-23,0.06,1.1403508771929824
our_vol1,Our vol1 STNPP-GAT,20,2020-10-07,0.06,0.9061020960108183
our_vol1,Our vol1 STNPP-GAT,21,2020-10-21,0.06,0.9405405405405405
our_vol1,Our vol1 STNPP-GAT,22,2020-11-04,0.06,0.9905427631578947
our_vol1,Our vol1 STNPP-GAT,23,2020-11-18,0.06,1.1467422920302501
our_vol1,Our vol1 STNPP-GAT,24,2020-12-02,0.06,0.8464201634122698
our_vol1,Our vol1 STNPP-GAT,25,2020-12-16,0.06,1.0757575757575757
our_vol1,Our vol1 STNPP-GAT,26,2020-12-30,0.06,0.8993808049535603
our_vol1,Our vol1 STNPP-GAT,27,2021-01-13,0.06,1.155665024630542
our_vol1,Our vol1 STNPP-GAT,28,2021-01-27,0.06,0.86740875359685
our_vol1,Our vol1 STNPP-GAT,29,2021-02-10,0.06,0.8857142857142857
our_vol1,Our vol1 STNPP-GAT,30,2021-02-24,0.06,0.9390782828282828
our_vol1,Our vol1 STNPP-GAT,31,2021-03-10,0.06,1.060041407867495
our_vol1,Our vol1 STNPP-GAT,32,2021-03-24,0.06,1.0328638497652582
our_vol1,Our vol1 STNPP-GAT,33,2021-04-07,0.06,0.9331872946330777
our_vol1,Our vol1 STNPP-GAT,34,2021-04-21,0.06,0.8801559454191034
our_vol1,Our vol1 STNPP-GAT,35,2021-05-05,0.06,1.0430932703659979
our_vol1,Our vol1 STNPP-GAT,36,2021-05-19,0.06,0.9333333333333333
our_vol1,Our vol1 STNPP-GAT,37,2021-06-02,0.06,1.0185185185185186
our_vol1,Our vol1 STNPP-GAT,38,2021-06-16,0.06,1.1417910447761195
our_vol1,Our vol1 STNPP-GAT,39,2021-06-30,0.06,1.0034405990690143
our_vol1,Our vol1 STNPP-GAT,40,2021-07-14,0.06,1.2438905971840102
our_vol1,Our vol1 STNPP-GAT,41,2021-07-28,0.06,1.0244613143163868
our_vol1,Our vol1 STNPP-GAT,42,2021-08-11,0.06,0.843921139101862
our_vol1,Our vol1 STNPP-GAT,43,2021-08-25,0.06,1.0759914712153518
our_vol1,Our vol1 STNPP-GAT,44,2021-09-08,0.06,1.021558872305141
our_vol1,Our vol1 STNPP-GAT,45,2021-09-22,0.06,1.0531772575250837
our_vol1,Our vol1 STNPP-GAT,46,2021-10-06,0.06,0.9605911330049262
our_vol1,Our vol1 STNPP-GAT,47,2021-10-20,0.06,1.1608040201005025
our_vol1,Our vol1 STNPP-GAT,48,2021-11-03,0.06,0.8795580110497238
our_vol1,Our vol1 STNPP-GAT,49,2021-11-17,0.06,0.8420908593322386
our_vol1,Our vol1 STNPP-GAT,50,2021-12-01,0.06,1.176930596285435
our_vol1,Our vol1 STNPP-GAT,51,2021-12-15,0.06,0.8545660805445264
our_vol1,Our vol1 STNPP-GAT,52,2021-12-29,0.06,1.074435461388347
our_vol1,Our vol1 STNPP-GAT,53,2022-01-12,0.06,0.8230496453900709
our_vol1,Our vol1 STNPP-GAT,54,2022-01-26,0.06,1.007462686567164
our_vol1,Our vol1 STNPP-GAT,55,2022-02-09,0.06,1.264578313253012
our_vol1,Our vol1 STNPP-GAT,56,2022-02-23,0.06,0.7569075813257112
our_vol1,Our vol1 STNPP-GAT,57,2022-03-09,0.06,1.164954257565095
our_vol1,Our vol1 STNPP-GAT,58,2022-03-23,0.06,0.9092945128779396
our_vol1,Our vol1 STNPP-GAT,59,2022-04-06,0.06,0.9318122213480199
our_vol1,Our vol1 STNPP-GAT,60,2022-04-20,0.06,1.0690581542351454
our_vol1,Our vol1 STNPP-GAT,61,2022-05-04,0.06,1.0865384615384615
our_vol1,Our vol1 STNPP-GAT,62,2022-05-18,0.06,0.9167772511848342
our_vol1,Our vol1 STNPP-GAT,63,2022-06-01,0.06,1.0876288659793814
our_vol1,Our vol1 STNPP-GAT,64,2022-06-15,0.06,0.9179357021996617
our_vol1,Our vol1 STNPP-GAT,65,2022-06-29,0.06,0.9647609922282552
our_vol1,Our vol1 STNPP-GAT,66,2022-07-13,0.06,1.0772084396012056
our_vol1,Our vol1 STNPP-GAT,67,2022-07-27,0.06,0.8941122308046446
our_vol1,Our vol1 STNPP-GAT,68,2022-08-10,0.06,1.1562238930659983
our_vol1,Our vol1 STNPP-GAT,69,2022-08-24,0.06,0.8972727272727272
our_vol1,Our vol1 STNPP-GAT,70,2022-09-07,0.06,0.8448979591836735
our_vol1,Our vol1 STNPP-GAT,71,2022-09-21,0.06,1.0975056689342404
our_vol1,Our vol1 STNPP-GAT,72,2022-10-05,0.06,0.9557645419714387
our_vol1,Our vol1 STNPP-GAT,73,2022-10-19,0.06,1.0794392523364487
our_vol1,Our vol1 STNPP-GAT,74,2022-11-02,0.06,1.0273550724637681
our_vol1,Our vol1 STNPP-GAT,75,2022-11-16,0.06,1.0113065326633166
our_vol1,Our vol1 STNPP-GAT,76,2022-11-30,0.06,1.1160846560846562
our_vol1,Our vol1 STNPP-GAT,77,2022-12-14,0.06,0.860042735042735
our_vol1,Our vol1 STNPP-GAT,78,2022-12-28,0.06,1.1706161137440758
our_vol1,Our vol1 STNPP-GAT,79,2023-01-11,0.06,0.8770012315270935
our_vol1,Our vol1 STNPP-GAT,80,2023-01-25,0.06,0.9304964539007092
our_vol1,Our vol1 STNPP-GAT,81,2023-02-08,0.06,0.8803043605501903
our_vol1,Our vol1 STNPP-GAT,82,2023-02-22,0.06,0.948956551488197
our_vol1,Our vol1 STNPP-GAT,83,2023-03-08,0.06,1.2657894736842106
our_vol1,Our vol1 STNPP-GAT,84,2023-03-22,0.06,0.9775773359588388
our_vol1,Our vol1 STNPP-GAT,85,2023-04-05,0.06,0.9733462150488746
our_vol1,Our vol1 STNPP-GAT,86,2023-04-19,0.06,0.9016272189349113
our_vol1,Our vol1 STNPP-GAT,87,2023-05-03,0.06,0.9705069124423964
our_vol1,Our vol1 STNPP-GAT,88,2023-05-17,0.06,1.0816844919786095
our_vol1,Our vol1 STNPP-GAT,89,2023-05-31,0.06,0.8987465090602066
our_vol1,Our vol1 STNPP-GAT,90,2023-06-14,0.06,0.9407223415682062
our_vol1,Our vol1 STNPP-GAT,91,2023-06-28,0.06,0.9806128830519073
our_vol1,Our vol1 STNPP-GAT,92,2023-07-12,0.06,0.9417277688957494
our_vol1,Our vol1 STNPP-GAT,93,2023-07-26,0.06,1.1904109589041096
our_vol1,Our vol1 STNPP-GAT,94,2023-08-09,0.06,0.9624172975922517
our_vol1,Our vol1 STNPP-GAT,95,2023-08-23,0.06,0.862684766214178
our_vol1,Our vol1 STNPP-GAT,96,2023-09-06,0.06,1.3486675126903553
our_vol1,Our vol1 STNPP-GAT,97,2023-09-20,0.06,0.8698701298701298
our_vol1,Our vol1 STNPP-GAT,98,2023-10-04,0.06,1.0763888888888888
our_vol1,Our vol1 STNPP-GAT,99,2023-10-18,0.06,0.9407573687292601
our_vol1,Our vol1 STNPP-GAT,100,2023-11-01,0.06,0.9760048292167613
our_vol1,Our vol1 STNPP-GAT,101,2023-11-15,0.06,1.019332336821126
our_vol1,Our vol1 STNPP-GAT,102,2023-11-29,0.06,0.98884428678118
our_vol1,Our vol1 STNPP-GAT,103,2023-12-13,0.06,1.033609404221213
our_vol1,Our vol1 STNPP-GAT,104,2023-12-27,0.06,0.9843782873974332
our_vol1,Our vol1 STNPP-GAT,105,2024-01-10,0.06,0.9292035398230087
our_vol1,Our vol1 STNPP-GAT,106,2024-01-24,0.06,0.9253226524254561
our_vol1,Our vol1 STNPP-GAT,107,2024-02-07,0.06,1.023047504025765
our_vol1,Our vol1 STNPP-GAT,108,2024-02-21,0.06,0.9822197982001636
our_vol1,Our vol1 STNPP-GAT,109,2024-03-06,0.06,0.760931899641577
our_vol1,Our vol1 STNPP-GAT,110,2024-03-20,0.06,1.0243478260869565
our_vol1,Our vol1 STNPP-GAT,111,2024-04-03,0.06,1.267056530214425
our_vol1,Our vol1 STNPP-GAT,112,2024-04-17,0.06,1.0481843575418996
our_vol1,Our vol1 STNPP-GAT,113,2024-05-01,0.06,1.0729270729270728
our_vol1,Our vol1 STNPP-GAT,114,2024-05-15,0.06,0.804914004914005
our_vol1,Our vol1 STNPP-GAT,115,2024-05-29,0.06,1.2495309568480302
our_vol1,Our vol1 STNPP-GAT,116,2024-06-12,0.06,0.9788074239831513
our_vol1,Our vol1 STNPP-GAT,117,2024-06-26,0.06,0.6979875086745315
our_vol1,Our vol1 STNPP-GAT,118,2024-07-10,0.06,1.2749391727493915
our_vol1,Our vol1 STNPP-GAT,119,2024-07-24,0.06,1.0237771739130435
our_vol1,Our vol1 STNPP-GAT,120,2024-08-07,0.06,1.0802597043790578
our_vol1,Our vol1 STNPP-GAT,121,2024-08-21,0.06,0.9236363636363637
our_vol1,Our vol1 STNPP-GAT,122,2024-09-04,0.06,0.7765408634265545
our_vol1,Our vol1 STNPP-GAT,123,2024-09-18,0.06,1.2108920491273432
our_vol1,Our vol1 STNPP-GAT,124,2024-10-02,0.06,0.7896174863387978
our_vol1,Our vol1 STNPP-GAT,125,2024-10-16,0.06,1.1273684210526316
our_vol1,Our vol1 STNPP-GAT,126,2024-10-30,0.06,1.097420100115518
our_vol1,Our vol1 STNPP-GAT,127,2024-11-13,0.06,0.9189785624211854
our_vol1,Our vol1 STNPP-GAT,128,2024-11-27,0.06,1.0866396761133603
our_vol1,Our vol1 STNPP-GAT,129,2024-12-11,0.06,1.429548563611491
our_vol1,Our vol1 STNPP-GAT,0,2020-01-01,0.07,1.091209368666016
our_vol1,Our vol1 STNPP-GAT,1,2020-01-15,0.07,0.9664804469273742
our_vol1,Our vol1 STNPP-GAT,2,2020-01-29,0.07,0.8836816122269561
our_vol1,Our vol1 STNPP-GAT,3,2020-02-12,0.07,0.895952380952381
our_vol1,Our vol1 STNPP-GAT,4,2020-02-26,0.07,1.2741061755146263
our_vol1,Our vol1 STNPP-GAT,5,2020-03-11,0.07,0.7474823081110507
our_vol1,Our vol1 STNPP-GAT,6,2020-03-25,0.07,0.9672703870552541
our_vol1,Our vol1 STNPP-GAT,7,2020-04-08,0.07,1.020816864295125
our_vol1,Our vol1 STNPP-GAT,8,2020-04-22,0.07,0.9564137308039747
our_vol1,Our vol1 STNPP-GAT,9,2020-05-06,0.07,0.8567410086397429
our_vol1,Our vol1 STNPP-GAT,10,2020-05-20,0.07,1.0317617866004962
our_vol1,Our vol1 STNPP-GAT,11,2020-06-03,0.07,1.1951219512195121
our_vol1,Our vol1 STNPP-GAT,12,2020-06-17,0.07,0.7435438630428474
our_vol1,Our vol1 STNPP-GAT,13,2020-07-01,0.07,1.1317313881141386
our_vol1,Our vol1 STNPP-GAT,14,2020-07-15,0.07,0.8501863354037268
our_vol1,Our vol1 STNPP-GAT,15,2020-07-29,0.07,1.1662705149971702
our_vol1,Our vol1 STNPP-GAT,16,2020-08-12,0.07,1.0125204137180184
our_vol1,Our vol1 STNPP-GAT,17,2020-08-26,0.07,0.8388653599921206
our_vol1,Our vol1 STNPP-GAT,18,2020-09-09,0.07,1.1473509933774833
our_vol1,Our vol1 STNPP-GAT,19,2020-09-23,0.07,1.1111111111111112
our_vol1,Our vol1 STNPP-GAT,20,2020-10-07,0.07,0.9762931034482759
our_vol1,Our vol1 STNPP-GAT,21,2020-10-21,0.07,0.8787878787878788
our_vol1,Our vol1 STNPP-GAT,22,2020-11-04,0.07,1.0628436763550666
our_vol1,Our vol1 STNPP-GAT,23,2020-11-18,0.07,1.1505708698669022
our_vol1,Our vol1 STNPP-GAT,24,2020-12-02,0.07,0.8421935163333747
our_vol1,Our vol1 STNPP-GAT,25,2020-12-16,0.07,1.1142857142857143
our_vol1,Our vol1 STNPP-GAT,26,2020-12-30,0.07,0.8931133428981348
our_vol1,Our vol1 STNPP-GAT,27,2021-01-13,0.07,1.1565703634669153
our_vol1,Our vol1 STNPP-GAT,28,2021-01-27,0.07,0.9250896057347672
our_vol1,Our vol1 STNPP-GAT,29,2021-02-10,0.07,0.8114285714285714
our_vol1,Our vol1 STNPP-GAT,30,2021-02-24,0.07,1.021938131313131
our_vol1,Our vol1 STNPP-GAT,31,2021-03-10,0.07,1.0347490347490347
our_vol1,Our vol1 STNPP-GAT,32,2021-03-24,0.07,1.0683203699810806
our_vol1,Our vol1 STNPP-GAT,33,2021-04-07,0.07,0.966998428496595
our_vol1,Our vol1 STNPP-GAT,34,2021-04-21,0.07,0.8509132914591004
our_vol1,Our vol1 STNPP-GAT,35,2021-05-05,0.07,1.0478324492409
our_vol1,Our vol1 STNPP-GAT,36,2021-05-19,0.07,0.9995943204868154
our_vol1,Our vol1 STNPP-GAT,37,2021-06-02,0.07,0.9789737654320988
our_vol1,Our vol1 STNPP-GAT,38,2021-06-16,0.07,1.1187346847850301
our_vol1,Our vol1 STNPP-GAT,39,2021-06-30,0.07,1.0028510334996437
our_vol1,Our vol1 STNPP-GAT,40,2021-07-14,0.07,1.1893530013144444
our_vol1,Our vol1 STNPP-GAT,41,2021-07-28,0.07,1.07223113964687
our_vol1,Our vol1 STNPP-GAT,42,2021-08-11,0.07,0.7613032776266356
our_vol1,Our vol1 STNPP-GAT,43,2021-08-25,0.07,1.049752380952381
our_vol1,Our vol1 STNPP-GAT,44,2021-09-08,0.07,0.9820085618419531
our_vol1,Our vol1 STNPP-GAT,45,2021-09-22,0.07,1.0105580693815988
our_vol1,Our vol1 STNPP-GAT,46,2021-10-06,0.07,0.9709821428571428
our_vol1,Our vol1 STNPP-GAT,47,2021-10-20,0.07,1.1459708179451475
our_vol1,Our vol1 STNPP-GAT,48,2021-11-03,0.07,0.8733928848040481
our_vol1,Our vol1 STNPP-GAT,49,2021-11-17,0.07,0.9212387853692201
our_vol1,Our vol1 STNPP-GAT,50,2021-12-01,0.07,1.086312118570183
our_vol1,Our vol1 STNPP-GAT,51,2021-12-15,0.07,0.876733351603179
our_vol1,Our vol1 STNPP-GAT,52,2021-12-29,0.07,1.1279076101759546
our_vol1,Our vol1 STNPP-GAT,53,2022-01-12,0.07,0.8322777777777777
our_vol1,Our vol1 STNPP-GAT,54,2022-01-26,0.07,1.0017123287671235
our_vol1,Our vol1 STNPP-GAT,55,2022-02-09,0.07,1.1848369086100499
our_vol1,Our vol1 STNPP-GAT,56,2022-02-23,0.07,0.7862263184843831
our_vol1,Our vol1 STNPP-GAT,57,2022-03-09,0.07,1.201038476900546
our_vol1,Our vol1 STNPP-GAT,58,2022-03-23,0.07,0.886421702977656
our_vol1,Our vol1 STNPP-GAT,59,2022-04-06,0.07,0.9165311653116531
our_vol1,Our vol1 STNPP-GAT,60,2022-04-20,0.07,1.1235418342719226
our_vol1,Our vol1 STNPP-GAT,61,2022-05-04,0.07,1.0763838964773544
our_vol1,Our vol1 STNPP-GAT,62,2022-05-18,0.07,0.8927836895287491
our_vol1,Our vol1 STNPP-GAT,63,2022-06-01,0.07,1.0851428571428572
our_vol1,Our vol1 STNPP-GAT,64,2022-06-15,0.07,0.932741116751269
our_vol1,Our vol1 STNPP-GAT,65,2022-06-29,0.07,0.9655916086658171
our_vol1,Our vol1 STNPP-GAT,66,2022-07-13,0.07,1.0556275373585557
our_vol1,Our vol1 STNPP-GAT,67,2022-07-27,0.07,0.9482683246709087
our_vol1,Our vol1 STNPP-GAT,68,2022-08-10,0.07,1.1441798941798942
our_vol1,Our vol1 STNPP-GAT,69,2022-08-24,0.07,0.907754010695187
our_vol1,Our vol1 STNPP-GAT,70,2022-09-07,0.07,0.8999999999999999
our_vol1,Our vol1 STNPP-GAT,71,2022-09-21,0.07,1.0779955546575066
our_vol1,Our vol1 STNPP-GAT,72,2022-10-05,0.07,0.9586390217969166
our_vol1,Our vol1 STNPP-GAT,73,2022-10-19,0.07,1.0023364485981308
our_vol1,Our vol1 STNPP-GAT,74,2022-11-02,0.07,1.0855072463768116
our_vol1,Our vol1 STNPP-GAT,75,2022-11-16,0.07,0.948331400592707
our_vol1,Our vol1 STNPP-GAT,76,2022-11-30,0.07,1.07332361516035
our_vol1,Our vol1 STNPP-GAT,77,2022-12-14,0.07,0.8902972027972028
our_vol1,Our vol1 STNPP-GAT,78,2022-12-28,0.07,1.202654028436019
our_vol1,Our vol1 STNPP-GAT,79,2023-01-11,0.07,0.9036730545876887
our_vol1,Our vol1 STNPP-GAT,80,2023-01-25,0.07,0.9680851063829787
our_vol1,Our vol1 STNPP-GAT,81,2023-02-08,0.07,0.9884667571234736
our_vol1,Our vol1 STNPP-GAT,82,2023-02-22,0.07,0.9149359886201991
our_vol1,Our vol1 STNPP-GAT,83,2023-03-08,0.07,1.2607962213225372
our_vol1,Our vol1 STNPP-GAT,84,2023-03-22,0.07,0.9335260115606936
our_vol1,Our vol1 STNPP-GAT,85,2023-04-05,0.07,0.9736813893653515
our_vol1,Our vol1 STNPP-GAT,86,2023-04-19,0.07,0.9525521207764198
our_vol1,Our vol1 STNPP-GAT,87,2023-05-03,0.07,0.9747166521360069
our_vol1,Our vol1 STNPP-GAT,88,2023-05-17,0.07,1.0882667505504877
our_vol1,Our vol1 STNPP-GAT,89,2023-05-31,0.07,0.9472021929563196
our_vol1,Our vol1 STNPP-GAT,90,2023-06-14,0.07,0.9130893736805067
our_vol1,Our vol1 STNPP-GAT,91,2023-06-28,0.07,0.9898989898989898
our_vol1,Our vol1 STNPP-GAT,92,2023-07-12,0.07,0.9533995416348356
our_vol1,Our vol1 STNPP-GAT,93,2023-07-26,0.07,1.11375
our_vol1,Our vol1 STNPP-GAT,94,2023-08-09,0.07,1.005524861878453
our_vol1,Our vol1 STNPP-GAT,95,2023-08-23,0.07,0.886951566951567
our_vol1,Our vol1 STNPP-GAT,96,2023-09-06,0.07,1.2648054145516074
our_vol1,Our vol1 STNPP-GAT,97,2023-09-20,0.07,0.8962159863945578
our_vol1,Our vol1 STNPP-GAT,98,2023-10-04,0.07,1.0687830687830688
our_vol1,Our vol1 STNPP-GAT,99,2023-10-18,0.07,0.9336626676076216
our_vol1,Our vol1 STNPP-GAT,100,2023-11-01,0.07,0.9610944459594581
our_vol1,Our vol1 STNPP-GAT,101,2023-11-15,0.07,1.0367619581464873
our_vol1,Our vol1 STNPP-GAT,102,2023-11-29,0.07,1.0057011572498298
our_vol1,Our vol1 STNPP-GAT,103,2023-12-13,0.07,1.0558375634517767
our_vol1,Our vol1 STNPP-GAT,104,2023-12-27,0.07,0.9951505354617094
our_vol1,Our vol1 STNPP-GAT,105,2024-01-10,0.07,0.9359502321913608
our_vol1,Our vol1 STNPP-GAT,106,2024-01-24,0.07,0.9065420560747663
our_vol1,Our vol1 STNPP-GAT,107,2024-02-07,0.07,1.0139353400222963
our_vol1,Our vol1 STNPP-GAT,108,2024-02-21,0.07,1.000348744519729
our_vol1,Our vol1 STNPP-GAT,109,2024-03-06,0.07,0.7729317533465
our_vol1,Our vol1 STNPP-GAT,110,2024-03-20,0.07,0.9920000000000001
our_vol1,Our vol1 STNPP-GAT,111,2024-04-03,0.07,1.1835143414090785
our_vol1,Our vol1 STNPP-GAT,112,2024-04-17,0.07,1.0142768466790815
our_vol1,Our vol1 STNPP-GAT,113,2024-05-01,0.07,1.043941679235797
our_vol1,Our vol1 STNPP-GAT,114,2024-05-15,0.07,0.8321479374110954
our_vol1,Our vol1 STNPP-GAT,115,2024-05-29,0.07,1.1812100942535726
our_vol1,Our vol1 STNPP-GAT,116,2024-06-12,0.07,1.0801433875304058
our_vol1,Our vol1 STNPP-GAT,117,2024-06-26,0.07,0.6759673598315346
our_vol1,Our vol1 STNPP-GAT,118,2024-07-10,0.07,1.2813138686131387
our_vol1,Our vol1 STNPP-GAT,119,2024-07-24,0.07,0.9985933503836317
our_vol1,Our vol1 STNPP-GAT,120,2024-08-07,0.07,1.1396959000814553
our_vol1,Our vol1 STNPP-GAT,121,2024-08-21,0.07,0.9647571606475716
our_vol1,Our vol1 STNPP-GAT,122,2024-09-04,0.07,0.8074202589083144
our_vol1,Our vol1 STNPP-GAT,123,2024-09-18,0.07,1.1625150060024008
our_vol1,Our vol1 STNPP-GAT,124,2024-10-02,0.07,0.8360655737704917
our_vol1,Our vol1 STNPP-GAT,125,2024-10-16,0.07,1.0460526315789473
our_vol1,Our vol1 STNPP-GAT,126,2024-10-30,0.07,1.0
our_vol1,Our vol1 STNPP-GAT,127,2024-11-13,0.07,1.0136612021857925
our_vol1,Our vol1 STNPP-GAT,128,2024-11-27,0.07,1.0589104339796862
our_vol1,Our vol1 STNPP-GAT,129,2024-12-11,0.07,1.3660130718954249
our_vol1,Our vol1 STNPP-GAT,0,2020-01-01,0.08,1.0123267637022075
our_vol1,Our vol1 STNPP-GAT,1,2020-01-15,0.08,0.9664804469273742
our_vol1,Our vol1 STNPP-GAT,2,2020-01-29,0.08,0.9581158838485213
our_vol1,Our vol1 STNPP-GAT,3,2020-02-12,0.08,0.8996913580246914
our_vol1,Our vol1 STNPP-GAT,4,2020-02-26,0.08,1.1979972690031861
our_vol1,Our vol1 STNPP-GAT,5,2020-03-11,0.08,0.8249804738349388
our_vol1,Our vol1 STNPP-GAT,6,2020-03-25,0.08,0.9270859226116497
our_vol1,Our vol1 STNPP-GAT,7,2020-04-08,0.08,1.040993265993266
our_vol1,Our vol1 STNPP-GAT,8,2020-04-22,0.08,1.0300522648083623
our_vol1,Our vol1 STNPP-GAT,9,2020-05-06,0.08,0.8876725658334854
our_vol1,Our vol1 STNPP-GAT,10,2020-05-20,0.08,1.0091212458286984
our_vol1,Our vol1 STNPP-GAT,11,2020-06-03,0.08,1.1233449477351918
our_vol1,Our vol1 STNPP-GAT,12,2020-06-17,0.08,0.7494922139471902
our_vol1,Our vol1 STNPP-GAT,13,2020-07-01,0.08,1.1630150199807083
our_vol1,Our vol1 STNPP-GAT,14,2020-07-15,0.08,0.9463008098120922
our_vol1,Our vol1 STNPP-GAT,15,2020-07-29,0.08,1.1505707196029777
our_vol1,Our vol1 STNPP-GAT,16,2020-08-12,0.08,0.9539254823685961
our_vol1,Our vol1 STNPP-GAT,17,2020-08-26,0.08,0.8758741258741259
our_vol1,Our vol1 STNPP-GAT,18,2020-09-09,0.08,1.0613153688056631
our_vol1,Our vol1 STNPP-GAT,19,2020-09-23,0.08,1.1029411764705883
our_vol1,Our vol1 STNPP-GAT,20,2020-10-07,0.08,1.0368711748022093
our_vol1,Our vol1 STNPP-GAT,21,2020-10-21,0.08,0.9038961038961039
our_vol1,Our vol1 STNPP-GAT,22,2020-11-04,0.08,1.0327169274537695
our_vol1,Our vol1 STNPP-GAT,23,2020-11-18,0.08,1.104079166906392
our_vol1,Our vol1 STNPP-GAT,24,2020-12-02,0.08,0.8408248378127895
our_vol1,Our vol1 STNPP-GAT,25,2020-12-16,0.08,1.0128205128205128
our_vol1,Our vol1 STNPP-GAT,26,2020-12-30,0.08,0.8969904240766073
our_vol1,Our vol1 STNPP-GAT,27,2021-01-13,0.08,1.1724137931034484
our_vol1,Our vol1 STNPP-GAT,28,2021-01-27,0.08,0.9571934122771201
our_vol1,Our vol1 STNPP-GAT,29,2021-02-10,0.08,0.8459475218658892
our_vol1,Our vol1 STNPP-GAT,30,2021-02-24,0.08,1.0320771001150748
our_vol1,Our vol1 STNPP-GAT,31,2021-03-10,0.08,0.9895470383275261
our_vol1,Our vol1 STNPP-GAT,32,2021-03-24,0.08,1.055586854460094
our_vol1,Our vol1 STNPP-GAT,33,2021-04-07,0.08,0.992289156626506
our_vol1,Our vol1 STNPP-GAT,34,2021-04-21,0.08,0.8494152046783626
our_vol1,Our vol1 STNPP-GAT,35,2021-05-05,0.08,1.0527070332265138
our_vol1,Our vol1 STNPP-GAT,36,2021-05-19,0.08,0.977103448275862
our_vol1,Our vol1 STNPP-GAT,37,2021-06-02,0.08,0.9199245541838134
our_vol1,Our vol1 STNPP-GAT,38,2021-06-16,0.08,1.1082089552238807
our_vol1,Our vol1 STNPP-GAT,39,2021-06-30,0.08,1.0086985613917698
our_vol1,Our vol1 STNPP-GAT,40,2021-07-14,0.08,1.182974959172564
our_vol1,Our vol1 STNPP-GAT,41,2021-07-28,0.08,1.0484204902157215
our_vol1,Our vol1 STNPP-GAT,42,2021-08-11,0.08,0.8098993913799529
our_vol1,Our vol1 STNPP-GAT,43,2021-08-25,0.08,1.0030870279146142
our_vol1,Our vol1 STNPP-GAT,44,2021-09-08,0.08,1.0332950631458093
our_vol1,Our vol1 STNPP-GAT,45,2021-09-22,0.08,0.9918722786647315
our_vol1,Our vol1 STNPP-GAT,46,2021-10-06,0.08,0.957004160887656
our_vol1,Our vol1 STNPP-GAT,47,2021-10-20,0.08,1.0782332716212641
our_vol1,Our vol1 STNPP-GAT,48,2021-11-03,0.08,0.8457288567785806
our_vol1,Our vol1 STNPP-GAT,49,2021-11-17,0.08,0.883452380952381
our_vol1,Our vol1 STNPP-GAT,50,2021-12-01,0.08,1.054997355896351
our_vol1,Our vol1 STNPP-GAT,51,2021-12-15,0.08,0.8975609756097562
our_vol1,Our vol1 STNPP-GAT,52,2021-12-29,0.08,1.0840608630581192
our_vol1,Our vol1 STNPP-GAT,53,2022-01-12,0.08,0.8256521739130435
our_vol1,Our vol1 STNPP-GAT,54,2022-01-26,0.08,0.9826807228915662
our_vol1,Our vol1 STNPP-GAT,55,2022-02-09,0.08,1.1960569550930997
our_vol1,Our vol1 STNPP-GAT,56,2022-02-23,0.08,0.7721396641295155
our_vol1,Our vol1 STNPP-GAT,57,2022-03-09,0.08,1.1591192355629414
our_vol1,Our vol1 STNPP-GAT,58,2022-03-23,0.08,0.93531809321283
our_vol1,Our vol1 STNPP-GAT,59,2022-04-06,0.08,0.9051743788465921
our_vol1,Our vol1 STNPP-GAT,60,2022-04-20,0.08,1.1244008112094395
our_vol1,Our vol1 STNPP-GAT,61,2022-05-04,0.08,1.0158692933083178
our_vol1,Our vol1 STNPP-GAT,62,2022-05-18,0.08,0.9092989050498448
our_vol1,Our vol1 STNPP-GAT,63,2022-06-01,0.08,1.127987421383648
our_vol1,Our vol1 STNPP-GAT,64,2022-06-15,0.08,0.9405792773962377
our_vol1,Our vol1 STNPP-GAT,65,2022-06-29,0.08,0.9662174550788412
our_vol1,Our vol1 STNPP-GAT,66,2022-07-13,0.08,1.1081373119441442
our_vol1,Our vol1 STNPP-GAT,67,2022-07-27,0.08,0.8846995971273427
our_vol1,Our vol1 STNPP-GAT,68,2022-08-10,0.08,1.1994161649334063
our_vol1,Our vol1 STNPP-GAT,69,2022-08-24,0.08,0.8863636363636364
our_vol1,Our vol1 STNPP-GAT,70,2022-09-07,0.08,0.9346153846153846
our_vol1,Our vol1 STNPP-GAT,71,2022-09-21,0.08,1.0297697060475568
our_vol1,Our vol1 STNPP-GAT,72,2022-10-05,0.08,0.9799000102030406
our_vol1,Our vol1 STNPP-GAT,73,2022-10-19,0.08,1.034084661902144
our_vol1,Our vol1 STNPP-GAT,74,2022-11-02,0.08,0.9880723355136591
our_vol1,Our vol1 STNPP-GAT,75,2022-11-16,0.08,0.9647410606752772
our_vol1,Our vol1 STNPP-GAT,76,2022-11-30,0.08,1.078972182932579
our_vol1,Our vol1 STNPP-GAT,77,2022-12-14,0.08,0.9033400809716599
our_vol1,Our vol1 STNPP-GAT,78,2022-12-28,0.08,1.2417061611374407
our_vol1,Our vol1 STNPP-GAT,79,2023-01-11,0.08,0.8844397491821155
our_vol1,Our vol1 STNPP-GAT,80,2023-01-25,0.08,0.9730496453900709
our_vol1,Our vol1 STNPP-GAT,81,2023-02-08,0.08,1.054726368159204
our_vol1,Our vol1 STNPP-GAT,82,2023-02-22,0.08,0.8732508209143722
our_vol1,Our vol1 STNPP-GAT,83,2023-03-08,0.08,1.248606811145511
our_vol1,Our vol1 STNPP-GAT,84,2023-03-22,0.08,0.8885969521807672
our_vol1,Our vol1 STNPP-GAT,85,2023-04-05,0.08,0.9915297220531548
our_vol1,Our vol1 STNPP-GAT,86,2023-04-19,0.08,1.003927003927004
our_vol1,Our vol1 STNPP-GAT,87,2023-05-03,0.08,0.8786482334869432
our_vol1,Our vol1 STNPP-GAT,88,2023-05-17,0.08,1.13184584178499
our_vol1,Our vol1 STNPP-GAT,89,2023-05-31,0.08,0.9549918626185533
our_vol1,Our vol1 STNPP-GAT,90,2023-06-14,0.08,0.892042987407729
our_vol1,Our vol1 STNPP-GAT,91,2023-06-28,0.08,1.0069103473358791
our_vol1,Our vol1 STNPP-GAT,92,2023-07-12,0.08,0.9720206264323911
our_vol1,Our vol1 STNPP-GAT,93,2023-07-26,0.08,1.1
our_vol1,Our vol1 STNPP-GAT,94,2023-08-09,0.08,1.0566298342541436
our_vol1,Our vol1 STNPP-GAT,95,2023-08-23,0.08,0.8524332810047096
our_vol1,Our vol1 STNPP-GAT,96,2023-09-06,0.08,1.3018649304789232
our_vol1,Our vol1 STNPP-GAT,97,2023-09-20,0.08,0.953861544617847
our_vol1,Our vol1 STNPP-GAT,98,2023-10-04,0.08,0.9803921568627451
our_vol1,Our vol1 STNPP-GAT,99,2023-10-18,0.08,0.94651123642791
our_vol1,Our vol1 STNPP-GAT,100,2023-11-01,0.08,0.9966473636086558
our_vol1,Our vol1 STNPP-GAT,101,2023-11-15,0.08,1.0251208150115372
our_vol1,Our vol1 STNPP-GAT,102,2023-11-29,0.08,1.0198170731707317
our_vol1,Our vol1 STNPP-GAT,103,2023-12-13,0.08,1.0184627824446342
our_vol1,Our vol1 STNPP-GAT,104,2023-12-27,0.08,1.0332824718672515
our_vol1,Our vol1 STNPP-GAT,105,2024-01-10,0.08,0.987708947885939
our_vol1,Our vol1 STNPP-GAT,106,2024-01-24,0.08,0.9124485981308411
our_vol1,Our vol1 STNPP-GAT,107,2024-02-07,0.08,1.0338164251207729
our_vol1,Our vol1 STNPP-GAT,108,2024-02-21,0.08,1.0135000237676475
our_vol1,Our vol1 STNPP-GAT,109,2024-03-06,0.08,0.8480665839536807
our_vol1,Our vol1 STNPP-GAT,110,2024-03-20,0.08,0.9474157303370787
our_vol1,Our vol1 STNPP-GAT,111,2024-04-03,0.08,1.1609907120743035
our_vol1,Our vol1 STNPP-GAT,112,2024-04-17,0.08,1.019709999372293
our_vol1,Our vol1 STNPP-GAT,113,2024-05-01,0.08,1.0034923260729711
our_vol1,Our vol1 STNPP-GAT,114,2024-05-15,0.08,0.8812583074878158
our_vol1,Our vol1 STNPP-GAT,115,2024-05-29,0.08,1.0747713824636902
our_vol1,Our vol1 STNPP-GAT,116,2024-06-12,0.08,1.101667087648396
our_vol1,Our vol1 STNPP-GAT,117,2024-06-26,0.08,0.7377493228268899
our_vol1,Our vol1 STNPP-GAT,118,2024-07-10,0.08,1.252957462874402
our_vol1,Our vol1 STNPP-GAT,119,2024-07-24,0.08,0.9437605872388481
our_vol1,Our vol1 STNPP-GAT,120,2024-08-07,0.08,1.061146653543307
our_vol1,Our vol1 STNPP-GAT,121,2024-08-21,0.08,0.9544242424242424
our_vol1,Our vol1 STNPP-GAT,122,2024-09-04,0.08,0.8803407770749968
our_vol1,Our vol1 STNPP-GAT,123,2024-09-18,0.08,1.101107109510471
our_vol1,Our vol1 STNPP-GAT,124,2024-10-02,0.08,0.929453262786596
our_vol1,Our vol1 STNPP-GAT,125,2024-10-16,0.08,1.0339558573853989
our_vol1,Our vol1 STNPP-GAT,126,2024-10-30,0.08,1.021698113207547
our_vol1,Our vol1 STNPP-GAT,127,2024-11-13,0.08,1.0670117917745183
our_vol1,Our vol1 STNPP-GAT,128,2024-11-27,0.08,0.9680971659919029
our_vol1,Our vol1 STNPP-GAT,129,2024-12-11,0.08,1.5134803921568627
our_vol1,Our vol1 STNPP-GAT,0,2020-01-01,0.09,1.0046242774566474
our_vol1,Our vol1 STNPP-GAT,1,2020-01-15,0.09,0.9568156424581005
our_vol1,Our vol1 STNPP-GAT,2,2020-01-29,0.09,0.9271180170181279
our_vol1,Our vol1 STNPP-GAT,3,2020-02-12,0.09,0.9464285714285714
our_vol1,Our vol1 STNPP-GAT,4,2020-02-26,0.09,1.1695092238078664
our_vol1,Our vol1 STNPP-GAT,5,2020-03-11,0.09,0.926757012291207
our_vol1,Our vol1 STNPP-GAT,6,2020-03-25,0.09,0.8689389940426815
our_vol1,Our vol1 STNPP-GAT,7,2020-04-08,0.09,1.0836363636363635
our_vol1,Our vol1 STNPP-GAT,8,2020-04-22,0.09,1.040010961907372
our_vol1,Our vol1 STNPP-GAT,9,2020-05-06,0.09,0.886795743938601
our_vol1,Our vol1 STNPP-GAT,10,2020-05-20,0.09,0.9858613589567604
our_vol1,Our vol1 STNPP-GAT,11,2020-06-03,0.09,1.1971544715447155
our_vol1,Our vol1 STNPP-GAT,12,2020-06-17,0.09,0.7576416365928953
our_vol1,Our vol1 STNPP-GAT,13,2020-07-01,0.09,1.1780658025922235
our_vol1,Our vol1 STNPP-GAT,14,2020-07-15,0.09,0.9441724515893314
our_vol1,Our vol1 STNPP-GAT,15,2020-07-29,0.09,1.080819529206626
our_vol1,Our vol1 STNPP-GAT,16,2020-08-12,0.09,0.9040360836768022
our_vol1,Our vol1 STNPP-GAT,17,2020-08-26,0.09,1.0031378877532724
our_vol1,Our vol1 STNPP-GAT,18,2020-09-09,0.09,0.9881946443996543
our_vol1,Our vol1 STNPP-GAT,19,2020-09-23,0.09,1.0547945205479452
our_vol1,Our vol1 STNPP-GAT,20,2020-10-07,0.09,1.0305316091954024
our_vol1,Our vol1 STNPP-GAT,21,2020-10-21,0.09,0.9007575757575758
our_vol1,Our vol1 STNPP-GAT,22,2020-11-04,0.09,1.033311125916056
our_vol1,Our vol1 STNPP-GAT,23,2020-11-18,0.09,1.0870621255464996
our_vol1,Our vol1 STNPP-GAT,24,2020-12-02,0.09,0.8550348181717696
our_vol1,Our vol1 STNPP-GAT,25,2020-12-16,0.09,1.035294117647059
our_vol1,Our vol1 STNPP-GAT,26,2020-12-30,0.09,0.8933667083854818
our_vol1,Our vol1 STNPP-GAT,27,2021-01-13,0.09,1.2282430213464697
our_vol1,Our vol1 STNPP-GAT,28,2021-01-27,0.09,0.9318996415770611
our_vol1,Our vol1 STNPP-GAT,29,2021-02-10,0.09,0.8686813186813186
our_vol1,Our vol1 STNPP-GAT,30,2021-02-24,0.09,0.9943181818181818
our_vol1,Our vol1 STNPP-GAT,31,2021-03-10,0.09,1.0114942528735633
our_vol1,Our vol1 STNPP-GAT,32,2021-03-24,0.09,1.1267605633802815
our_vol1,Our vol1 STNPP-GAT,33,2021-04-07,0.09,1.0070154033856946
our_vol1,Our vol1 STNPP-GAT,34,2021-04-21,0.09,0.8350625668112935
our_vol1,Our vol1 STNPP-GAT,35,2021-05-05,0.09,1.05487012987013
our_vol1,Our vol1 STNPP-GAT,36,2021-05-19,0.09,1.006896551724138
our_vol1,Our vol1 STNPP-GAT,37,2021-06-02,0.09,1.0010558804418455
our_vol1,Our vol1 STNPP-GAT,38,2021-06-16,0.09,0.9882729211087421
our_vol1,Our vol1 STNPP-GAT,39,2021-06-30,0.09,1.0460577673692428
our_vol1,Our vol1 STNPP-GAT,40,2021-07-14,0.09,1.0849587952807256
our_vol1,Our vol1 STNPP-GAT,41,2021-07-28,0.09,1.0372670807453415
our_vol1,Our vol1 STNPP-GAT,42,2021-08-11,0.09,0.8272501771793055
our_vol1,Our vol1 STNPP-GAT,43,2021-08-25,0.09,1.0423861852433283
our_vol1,Our vol1 STNPP-GAT,44,2021-09-08,0.09,1.0289461781999096
our_vol1,Our vol1 STNPP-GAT,45,2021-09-22,0.09,0.9669162695711369
our_vol1,Our vol1 STNPP-GAT,46,2021-10-06,0.09,0.9501347708894878
our_vol1,Our vol1 STNPP-GAT,47,2021-10-20,0.09,1.1031445889240015
our_vol1,Our vol1 STNPP-GAT,48,2021-11-03,0.09,0.8955177330244163
our_vol1,Our vol1 STNPP-GAT,49,2021-11-17,0.09,0.8712154614932394
our_vol1,Our vol1 STNPP-GAT,50,2021-12-01,0.09,1.0630272952853597
our_vol1,Our vol1 STNPP-GAT,51,2021-12-15,0.09,0.8806312769010044
our_vol1,Our vol1 STNPP-GAT,52,2021-12-29,0.09,1.1158556613955233
our_vol1,Our vol1 STNPP-GAT,53,2022-01-12,0.09,0.9296934865900383
our_vol1,Our vol1 STNPP-GAT,54,2022-01-26,0.09,1.0014204545454546
our_vol1,Our vol1 STNPP-GAT,55,2022-02-09,0.09,1.1566265060240963
our_vol1,Our vol1 STNPP-GAT,56,2022-02-23,0.09,0.7728633189225143
our_vol1,Our vol1 STNPP-GAT,57,2022-03-09,0.09,1.1377686353055811
our_vol1,Our vol1 STNPP-GAT,58,2022-03-23,0.09,0.9628458498023716
our_vol1,Our vol1 STNPP-GAT,59,2022-04-06,0.09,0.8738675958188152
our_vol1,Our vol1 STNPP-GAT,60,2022-04-20,0.09,1.113642337685096
our_vol1,Our vol1 STNPP-GAT,61,2022-05-04,0.09,1.0023106738223018
our_vol1,Our vol1 STNPP-GAT,62,2022-05-18,0.09,0.9440115671941522
our_vol1,Our vol1 STNPP-GAT,63,2022-06-01,0.09,1.16004329004329
our_vol1,Our vol1 STNPP-GAT,64,2022-06-15,0.09,0.9475465313028765
our_vol1,Our vol1 STNPP-GAT,65,2022-06-29,0.09,0.9500256060088768
our_vol1,Our vol1 STNPP-GAT,66,2022-07-13,0.09,1.140648778534241
our_vol1,Our vol1 STNPP-GAT,67,2022-07-27,0.09,0.9165674940496429
our_vol1,Our vol1 STNPP-GAT,68,2022-08-10,0.09,1.196988196988197
our_vol1,Our vol1 STNPP-GAT,69,2022-08-24,0.09,0.8804858934169278
our_vol1,Our vol1 STNPP-GAT,70,2022-09-07,0.09,0.925233644859813
our_vol1,Our vol1 STNPP-GAT,71,2022-09-21,0.09,1.0541259982253772
our_vol1,Our vol1 STNPP-GAT,72,2022-10-05,0.09,0.9708624708624709
our_vol1,Our vol1 STNPP-GAT,73,2022-10-19,0.09,1.0330278559114416
our_vol1,Our vol1 STNPP-GAT,74,2022-11-02,0.09,0.9929850200949945
our_vol1,Our vol1 STNPP-GAT,75,2022-11-16,0.09,0.990667623833453
our_vol1,Our vol1 STNPP-GAT,76,2022-11-30,0.09,1.0165367965367966
our_vol1,Our vol1 STNPP-GAT,77,2022-12-14,0.09,0.9170673076923076
our_vol1,Our vol1 STNPP-GAT,78,2022-12-28,0.09,1.2413550991750044
our_vol1,Our vol1 STNPP-GAT,79,2023-01-11,0.09,0.9138459488272921
our_vol1,Our vol1 STNPP-GAT,80,2023-01-25,0.09,0.9569442117607639
our_vol1,Our vol1 STNPP-GAT,81,2023-02-08,0.09,1.0371902861927986
our_vol1,Our vol1 STNPP-GAT,82,2023-02-22,0.09,0.8557282946663477
our_vol1,Our vol1 STNPP-GAT,83,2023-03-08,0.09,1.2982456140350878
our_vol1,Our vol1 STNPP-GAT,84,2023-03-22,0.09,0.8675377665517073
our_vol1,Our vol1 STNPP-GAT,85,2023-04-05,0.09,0.9909029649595686
our_vol1,Our vol1 STNPP-GAT,86,2023-04-19,0.09,1.0019556714471969
our_vol1,Our vol1 STNPP-GAT,87,2023-05-03,0.09,0.847926267281106
our_vol1,Our vol1 STNPP-GAT,88,2023-05-17,0.09,1.067179144385027
our_vol1,Our vol1 STNPP-GAT,89,2023-05-31,0.09,0.9408049668165275
our_vol1,Our vol1 STNPP-GAT,90,2023-06-14,0.09,0.8385204081632652
our_vol1,Our vol1 STNPP-GAT,91,2023-06-28,0.09,1.0448497664992509
our_vol1,Our vol1 STNPP-GAT,92,2023-07-12,0.09,1.0053475935828877
our_vol1,Our vol1 STNPP-GAT,93,2023-07-26,0.09,1.0438775510204084
our_vol1,Our vol1 STNPP-GAT,94,2023-08-09,0.09,1.0291524626777948
our_vol1,Our vol1 STNPP-GAT,95,2023-08-23,0.09,0.87465483234714
our_vol1,Our vol1 STNPP-GAT,96,2023-09-06,0.09,1.205458109262703
our_vol1,Our vol1 STNPP-GAT,97,2023-09-20,0.09,0.98461235733963
our_vol1,Our vol1 STNPP-GAT,98,2023-10-04,0.09,0.9788359788359788
our_vol1,Our vol1 STNPP-GAT,99,2023-10-18,0.09,0.9574391703230953
our_vol1,Our vol1 STNPP-GAT,100,2023-11-01,0.09,1.0030259067357512
our_vol1,Our vol1 STNPP-GAT,101,2023-11-15,0.09,1.020602419832473
our_vol1,Our vol1 STNPP-GAT,102,2023-11-29,0.09,0.9908945221445221
our_vol1,Our vol1 STNPP-GAT,103,2023-12-13,0.09,1.003481981793011
our_vol1,Our vol1 STNPP-GAT,104,2023-12-27,0.09,1.0322669608383894
our_vol1,Our vol1 STNPP-GAT,105,2024-01-10,0.09,0.9823791996240895
our_vol1,Our vol1 STNPP-GAT,106,2024-01-24,0.09,0.9554962171784601
our_vol1,Our vol1 STNPP-GAT,107,2024-02-07,0.09,0.9740088633369265
our_vol1,Our vol1 STNPP-GAT,108,2024-02-21,0.09,0.9800786135429694
our_vol1,Our vol1 STNPP-GAT,109,2024-03-06,0.09,0.89613880742913
our_vol1,Our vol1 STNPP-GAT,110,2024-03-20,0.09,0.9945833333333335
our_vol1,Our vol1 STNPP-GAT,111,2024-04-03,0.09,1.0994152046783627
our_vol1,Our vol1 STNPP-GAT,112,2024-04-17,0.09,1.0072261355355843
our_vol1,Our vol1 STNPP-GAT,113,2024-05-01,0.09,1.0567450876729227
our_vol1,Our vol1 STNPP-GAT,114,2024-05-15,0.09,0.9058277027027027
our_vol1,Our vol1 STNPP-GAT,115,2024-05-29,0.09,1.0572703158910055
our_vol1,Our vol1 STNPP-GAT,116,2024-06-12,0.09,1.0394600207684321
our_vol1,Our vol1 STNPP-GAT,117,2024-06-26,0.09,0.7912690839694656
our_vol1,Our vol1 STNPP-GAT,118,2024-07-10,0.09,1.202966800094184
our_vol1,Our vol1 STNPP-GAT,119,2024-07-24,0.09,0.9530434782608697
our_vol1,Our vol1 STNPP-GAT,120,2024-08-07,0.09,1.1144760751059963
our_vol1,Our vol1 STNPP-GAT,121,2024-08-21,0.09,0.9380681818181819
our_vol1,Our vol1 STNPP-GAT,122,2024-09-04,0.09,0.8530183727034121
our_vol1,Our vol1 STNPP-GAT,123,2024-09-18,0.09,1.083396995161701
our_vol1,Our vol1 STNPP-GAT,124,2024-10-02,0.09,0.9015151515151515
our_vol1,Our vol1 STNPP-GAT,125,2024-10-16,0.09,1.053453947368421
our_vol1,Our vol1 STNPP-GAT,126,2024-10-30,0.09,0.9927431059506532
our_vol1,Our vol1 STNPP-GAT,127,2024-11-13,0.09,1.0281420765027323
our_vol1,Our vol1 STNPP-GAT,128,2024-11-27,0.09,1.0386996904024768
our_vol1,Our vol1 STNPP-GAT,129,2024-12-11,0.09,1.3970588235294117
our_vol1,Our vol1 STNPP-GAT,0,2020-01-01,0.1,1.0094310921813203
our_vol1,Our vol1 STNPP-GAT,1,2020-01-15,0.1,0.9664804469273742
our_vol1,Our vol1 STNPP-GAT,2,2020-01-29,0.1,0.9153588432375243
our_vol1,Our vol1 STNPP-GAT,3,2020-02-12,0.1,0.9043650793650794
our_vol1,Our vol1 STNPP-GAT,4,2020-02-26,0.1,1.1266272189349111
our_vol1,Our vol1 STNPP-GAT,5,2020-03-11,0.1,0.9710881267767495
our_vol1,Our vol1 STNPP-GAT,6,2020-03-25,0.1,0.8897114785857606
our_vol1,Our vol1 STNPP-GAT,7,2020-04-08,0.1,1.0973532796317607
our_vol1,Our vol1 STNPP-GAT,8,2020-04-22,0.1,1.0613776467435005
our_vol1,Our vol1 STNPP-GAT,9,2020-05-06,0.1,0.9231115614094338
our_vol1,Our vol1 STNPP-GAT,10,2020-05-20,0.1,1.0382625359310125
our_vol1,Our vol1 STNPP-GAT,11,2020-06-03,0.1,1.1197900586600802
our_vol1,Our vol1 STNPP-GAT,12,2020-06-17,0.1,0.7603544199464249
our_vol1,Our vol1 STNPP-GAT,13,2020-07-01,0.1,1.102363161411822
our_vol1,Our vol1 STNPP-GAT,14,2020-07-15,0.1,1.0119282891022021
our_vol1,Our vol1 STNPP-GAT,15,2020-07-29,0.1,1.0264895635673625
our_vol1,Our vol1 STNPP-GAT,16,2020-08-12,0.1,0.8844663613948573
our_vol1,Our vol1 STNPP-GAT,17,2020-08-26,0.1,0.9453879453879455
our_vol1,Our vol1 STNPP-GAT,18,2020-09-09,0.1,1.028192999053926
our_vol1,Our vol1 STNPP-GAT,19,2020-09-23,0.1,1.0384615384615385
our_vol1,Our vol1 STNPP-GAT,20,2020-10-07,0.1,1.0005409060175794
our_vol1,Our vol1 STNPP-GAT,21,2020-10-21,0.1,0.8963636363636364
our_vol1,Our vol1 STNPP-GAT,22,2020-11-04,0.1,1.0181488203266786
our_vol1,Our vol1 STNPP-GAT,23,2020-11-18,0.1,1.0610820244328096
our_vol1,Our vol1 STNPP-GAT,24,2020-12-02,0.1,0.8881843162122172
our_vol1,Our vol1 STNPP-GAT,25,2020-12-16,0.1,1.0674157303370786
our_vol1,Our vol1 STNPP-GAT,26,2020-12-30,0.1,0.8701223063482818
our_vol1,Our vol1 STNPP-GAT,27,2021-01-13,0.1,1.1595301250473664
our_vol1,Our vol1 STNPP-GAT,28,2021-01-27,0.1,0.9614695340501793
our_vol1,Our vol1 STNPP-GAT,29,2021-02-10,0.1,0.9082597402597402
our_vol1,Our vol1 STNPP-GAT,30,2021-02-24,0.1,0.9622434017595307
our_vol1,Our vol1 STNPP-GAT,31,2021-03-10,0.1,1.0199692780337941
our_vol1,Our vol1 STNPP-GAT,32,2021-03-24,0.1,1.0845070422535212
our_vol1,Our vol1 STNPP-GAT,33,2021-04-07,0.1,0.9584845405719262
our_vol1,Our vol1 STNPP-GAT,34,2021-04-21,0.1,0.8595272904483431
our_vol1,Our vol1 STNPP-GAT,35,2021-05-05,0.1,1.0450725744843392
our_vol1,Our vol1 STNPP-GAT,36,2021-05-19,0.1,0.9597008724553386
our_vol1,Our vol1 STNPP-GAT,37,2021-06-02,0.1,1.0212883823994934
our_vol1,Our vol1 STNPP-GAT,38,2021-06-16,0.1,0.9919632606199771
our_vol1,Our vol1 STNPP-GAT,39,2021-06-30,0.1,1.0011605977078195
our_vol1,Our vol1 STNPP-GAT,40,2021-07-14,0.1,1.0749358426005131
our_vol1,Our vol1 STNPP-GAT,41,2021-07-28,0.1,1.027388346643005
our_vol1,Our vol1 STNPP-GAT,42,2021-08-11,0.1,0.8339150996509402
our_vol1,Our vol1 STNPP-GAT,43,2021-08-25,0.1,1.092919254658385
our_vol1,Our vol1 STNPP-GAT,44,2021-09-08,0.1,1.0143457469931894
our_vol1,Our vol1 STNPP-GAT,45,2021-09-22,0.1,0.9362820512820512
our_vol1,Our vol1 STNPP-GAT,46,2021-10-06,0.1,0.9375
our_vol1,Our vol1 STNPP-GAT,47,2021-10-20,0.1,1.1099185246621457
our_vol1,Our vol1 STNPP-GAT,48,2021-11-03,0.1,0.9276588397790054
our_vol1,Our vol1 STNPP-GAT,49,2021-11-17,0.1,0.8721655328798186
our_vol1,Our vol1 STNPP-GAT,50,2021-12-01,0.1,1.0779373675535673
our_vol1,Our vol1 STNPP-GAT,51,2021-12-15,0.1,0.849578713968958
our_vol1,Our vol1 STNPP-GAT,52,2021-12-29,0.1,1.1273808459268533
our_vol1,Our vol1 STNPP-GAT,53,2022-01-12,0.1,0.9169802867383512
our_vol1,Our vol1 STNPP-GAT,54,2022-01-26,0.1,0.9664948453608246
our_vol1,Our vol1 STNPP-GAT,55,2022-02-09,0.1,1.099929128277817
our_vol1,Our vol1 STNPP-GAT,56,2022-02-23,0.1,0.8113391984359727
our_vol1,Our vol1 STNPP-GAT,57,2022-03-09,0.1,1.1240668325631
our_vol1,Our vol1 STNPP-GAT,58,2022-03-23,0.1,0.9553690485528277
our_vol1,Our vol1 STNPP-GAT,59,2022-04-06,0.1,0.8715184893784422
our_vol1,Our vol1 STNPP-GAT,60,2022-04-20,0.1,1.0750573582431988
our_vol1,Our vol1 STNPP-GAT,61,2022-05-04,0.1,1.0531065088757396
our_vol1,Our vol1 STNPP-GAT,62,2022-05-18,0.1,0.9231926577898142
our_vol1,Our vol1 STNPP-GAT,63,2022-06-01,0.1,1.1445548654244309
our_vol1,Our vol1 STNPP-GAT,64,2022-06-15,0.1,0.9520672685705429
our_vol1,Our vol1 STNPP-GAT,65,2022-06-29,0.1,0.958993399339934
our_vol1,Our vol1 STNPP-GAT,66,2022-07-13,0.1,1.114269297069527
our_vol1,Our vol1 STNPP-GAT,67,2022-07-27,0.1,0.9240413579744361
our_vol1,Our vol1 STNPP-GAT,68,2022-08-10,0.1,1.137245470578804
our_vol1,Our vol1 STNPP-GAT,69,2022-08-24,0.1,0.9002217294900221
our_vol1,Our vol1 STNPP-GAT,70,2022-09-07,0.1,0.9394736842105262
our_vol1,Our vol1 STNPP-GAT,71,2022-09-21,0.1,1.0506122448979593
our_vol1,Our vol1 STNPP-GAT,72,2022-10-05,0.1,0.9723786537945831
our_vol1,Our vol1 STNPP-GAT,73,2022-10-19,0.1,1.0078437917222962
our_vol1,Our vol1 STNPP-GAT,74,2022-11-02,0.1,1.012313043478261
our_vol1,Our vol1 STNPP-GAT,75,2022-11-16,0.1,0.9819775569577209
our_vol1,Our vol1 STNPP-GAT,76,2022-11-30,0.1,1.056637168141593
our_vol1,Our vol1 STNPP-GAT,77,2022-12-14,0.1,0.9070763221153846
our_vol1,Our vol1 STNPP-GAT,78,2022-12-28,0.1,1.214624238320921
our_vol1,Our vol1 STNPP-GAT,79,2023-01-11,0.1,0.9018806990881458
our_vol1,Our vol1 STNPP-GAT,80,2023-01-25,0.1,0.8957912719366361
our_vol1,Our vol1 STNPP-GAT,81,2023-02-08,0.1,1.0432453119020284
our_vol1,Our vol1 STNPP-GAT,82,2023-02-22,0.1,0.8673631614808086
our_vol1,Our vol1 STNPP-GAT,83,2023-03-08,0.1,1.301662049861496
our_vol1,Our vol1 STNPP-GAT,84,2023-03-22,0.1,0.8716395999632993
our_vol1,Our vol1 STNPP-GAT,85,2023-04-05,0.1,0.9903370580692433
our_vol1,Our vol1 STNPP-GAT,86,2023-04-19,0.1,1.0164686262247238
our_vol1,Our vol1 STNPP-GAT,87,2023-05-03,0.1,0.9011667810569665
our_vol1,Our vol1 STNPP-GAT,88,2023-05-17,0.1,0.9758853798809404
our_vol1,Our vol1 STNPP-GAT,89,2023-05-31,0.1,0.9908477842003853
our_vol1,Our vol1 STNPP-GAT,90,2023-06-14,0.1,0.8999599839935973
our_vol1,Our vol1 STNPP-GAT,91,2023-06-28,0.1,1.0511144628791687
our_vol1,Our vol1 STNPP-GAT,92,2023-07-12,0.1,0.9788683801966533
our_vol1,Our vol1 STNPP-GAT,93,2023-07-26,0.1,1.0145631067961165
our_vol1,Our vol1 STNPP-GAT,94,2023-08-09,0.1,1.0566298342541436
our_vol1,Our vol1 STNPP-GAT,95,2023-08-23,0.1,0.9019351717464925
our_vol1,Our vol1 STNPP-GAT,96,2023-09-06,0.1,1.1783901377810007
our_vol1,Our vol1 STNPP-GAT,97,2023-09-20,0.1,0.9753212396069539
our_vol1,Our vol1 STNPP-GAT,98,2023-10-04,0.1,1.0329861111111112
our_vol1,Our vol1 STNPP-GAT,99,2023-10-18,0.1,0.9242929714155735
our_vol1,Our vol1 STNPP-GAT,100,2023-11-01,0.1,0.998192553319677
our_vol1,Our vol1 STNPP-GAT,101,2023-11-15,0.1,1.0306971055849978
our_vol1,Our vol1 STNPP-GAT,102,2023-11-29,0.1,1.0405825791855203
our_vol1,Our vol1 STNPP-GAT,103,2023-12-13,0.1,0.9518535609906168
our_vol1,Our vol1 STNPP-GAT,104,2023-12-27,0.1,1.0137667135819846
our_vol1,Our vol1 STNPP-GAT,105,2024-01-10,0.1,1.0093072932560267
our_vol1,Our vol1 STNPP-GAT,106,2024-01-24,0.1,0.9387331256490135
our_vol1,Our vol1 STNPP-GAT,107,2024-02-07,0.1,0.9686941306249762
our_vol1,Our vol1 STNPP-GAT,108,2024-02-21,0.1,0.9758345366516605
our_vol1,Our vol1 STNPP-GAT,109,2024-03-06,0.1,0.9549909601294129
our_vol1,Our vol1 STNPP-GAT,110,2024-03-20,0.1,0.932952380952381
our_vol1,Our vol1 STNPP-GAT,111,2024-04-03,0.1,1.099267155229847
our_vol1,Our vol1 STNPP-GAT,112,2024-04-17,0.1,1.0439440188907445
our_vol1,Our vol1 STNPP-GAT,113,2024-05-01,0.1,0.9762311762311761
our_vol1,Our vol1 STNPP-GAT,114,2024-05-15,0.1,0.9405405405405406
our_vol1,Our vol1 STNPP-GAT,115,2024-05-29,0.1,1.0788194855991466
our_vol1,Our vol1 STNPP-GAT,116,2024-06-12,0.1,1.030514581691251
our_vol1,Our vol1 STNPP-GAT,117,2024-06-26,0.1,0.7790957134468585
our_vol1,Our vol1 STNPP-GAT,118,2024-07-10,0.1,1.214227783570849
our_vol1,Our vol1 STNPP-GAT,119,2024-07-24,0.1,0.9879109225874867
our_vol1,Our vol1 STNPP-GAT,120,2024-08-07,0.1,1.1622987425079327
our_vol1,Our vol1 STNPP-GAT,121,2024-08-21,0.1,0.9100534759358289
our_vol1,Our vol1 STNPP-GAT,122,2024-09-04,0.1,0.829021372328459
our_vol1,Our vol1 STNPP-GAT,123,2024-09-18,0.1,1.0371641614392235
our_vol1,Our vol1 STNPP-GAT,124,2024-10-02,0.1,0.8646322378716745
our_vol1,Our vol1 STNPP-GAT,125,2024-10-16,0.1,1.0882591093117409
our_vol1,Our vol1 STNPP-GAT,126,2024-10-30,0.1,1.0273162489439593
our_vol1,Our vol1 STNPP-GAT,127,2024-11-13,0.1,0.9929742388758782
our_vol1,Our vol1 STNPP-GAT,128,2024-11-27,0.1,1.0457142857142858
our_vol1,Our vol1 STNPP-GAT,129,2024-12-11,0.1,1.3453159041394334
