forecast_date,display_time,theta,omega,refits,state_updates,actual_events_in_window
2012-05-16,2012-05-17T00:00:00,0.05,0.011111111111111112,0,0,2
2012-05-17,2012-05-18T00:00:00,0.05,0.011111111111111112,0,2,2
2012-05-18,2012-05-19T00:00:00,0.05,0.011111111111111112,0,4,1
2012-05-19,2012-05-20T00:00:00,0.05,0.011111111111111112,0,5,1
2012-05-20,2012-05-21T00:00:00,0.05,0.011111111111111112,0,6,2
2012-05-21,2012-05-22T00:00:00,0.05,0.011111111111111112,0,8,5
2012-05-22,2012-05-23T00:00:00,0.05,0.011111111111111112,0,13,2
2012-05-23,2012-05-24T00:00:00,0.05,0.011111111111111112,1,15,0
2012-05-24,2012-05-25T00:00:00,0.05,0.011111111111111112,1,15,4
2012-05-25,2012-05-26T00:00:00,0.05,0.011111111111111112,1,19,1
2012-05-26,2012-05-27T00:00:00,0.05,0.011111111111111112,1,20,3
2012-05-27,2012-05-28T00:00:00,0.05,0.011111111111111112,1,23,0
2012-05-28,2012-05-29T00:00:00,0.05,0.011111111111111112,1,23,2
2012-05-29,2012-05-30T00:00:00,0.05,0.011111111111111112,1,25,1
2012-05-30,2012-05-31T00:00:00,0.05,0.011111111111111112,2,26,2
2012-05-31,2012-06-01T00:00:00,0.05,0.011111111111111112,2,28,0
2012-06-01,2012-06-02T00:00:00,0.05,0.011111111111111112,2,28,3
2012-06-02,2012-06-03T00:00:00,0.05,0.011111111111111112,2,31,1
2012-06-03,2012-06-04T00:00:00,0.05,0.011111111111111112,2,32,3
2012-06-04,2012-06-05T00:00:00,0.05,0.011111111111111112,2,35,2
2012-06-05,2012-06-06T00:00:00,0.05,0.011111111111111112,2,37,2
2012-06-06,2012-06-07T00:00:00,0.05,0.011111111111111112,3,39,1
2012-06-07,2012-06-08T00:00:00,0.05,0.011111111111111112,3,40,1
2012-06-08,2012-06-09T00:00:00,0.05,0.011111111111111112,3,41,1
2012-06-09,2012-06-10T00:00:00,0.05,0.011111111111111112,3,42,3
2012-06-10,2012-06-11T00:00:00,0.05,0.011111111111111112,3,45,1
2012-06-11,2012-06-12T00:00:00,0.05,0.011111111111111112,3,46,0
2012-06-12,2012-06-13T00:00:00,0.05,0.011111111111111112,3,46,1
2012-06-13,2012-06-14T00:00:00,0.05,0.011111111111111112,4,47,2
2012-06-14,2012-06-15T00:00:00,0.05,0.011111111111111112,4,49,1
2012-06-15,2012-06-16T00:00:00,0.05,0.011111111111111112,4,50,4
2012-06-16,2012-06-17T00:00:00,0.05,0.011111111111111112,4,54,2
2012-06-17,2012-06-18T00:00:00,0.05,0.011111111111111112,4,56,2
2012-06-18,2012-06-19T00:00:00,0.05,0.011111111111111112,4,58,2
2012-06-19,2012-06-20T00:00:00,0.05,0.011111111111111112,4,60,1
2012-06-20,2012-06-21T00:00:00,0.05,0.011111111111111112,5,61,2
2012-06-21,2012-06-22T00:00:00,0.05,0.011111111111111112,5,63,2
2012-06-22,2012-06-23T00:00:00,0.05,0.011111111111111112,5,65,2
2012-06-23,2012-06-24T00:00:00,0.05,0.011111111111111112,5,67,0
2012-06-24,2012-06-25T00:00:00,0.05,0.011111111111111112,5,67,1
2012-06-25,2012-06-26T00:00:00,0.05,0.011111111111111112,5,68,0
2012-06-26,2012-06-27T00:00:00,0.05,0.011111111111111112,5,68,0
2012-06-27,2012-06-28T00:00:00,0.05,0.011111111111111112,6,68,0
2012-06-28,2012-06-29T00:00:00,0.05,0.011111111111111112,6,68,1
2012-06-29,2012-06-30T00:00:00,0.05,0.011111111111111112,6,69,2
2012-06-30,2012-07-01T00:00:00,0.05,0.011111111111111112,6,71,1
2012-07-01,2012-07-02T00:00:00,0.05,0.011111111111111112,6,72,6
2012-07-02,2012-07-03T00:00:00,0.05,0.011111111111111112,6,78,1
2012-07-03,2012-07-04T00:00:00,0.05,0.011111111111111112,6,79,1
2012-07-04,2012-07-05T00:00:00,0.05,0.011111111111111112,7,80,2
2012-07-05,2012-07-06T00:00:00,0.05,0.011111111111111112,7,82,2
2012-07-06,2012-07-07T00:00:00,0.05,0.011111111111111112,7,84,0
2012-07-07,2012-07-08T00:00:00,0.05,0.011111111111111112,7,84,2
2012-07-08,2012-07-09T00:00:00,0.05,0.011111111111111112,7,86,3
2012-07-09,2012-07-10T00:00:00,0.05,0.011111111111111112,7,89,2
2012-07-10,2012-07-11T00:00:00,0.05,0.011111111111111112,7,91,1
2012-07-11,2012-07-12T00:00:00,0.05,0.011111111111111112,8,92,0
2012-07-12,2012-07-13T00:00:00,0.05,0.011111111111111112,8,92,2
2012-07-13,2012-07-14T00:00:00,0.05,0.011111111111111112,8,94,1
2012-07-14,2012-07-15T00:00:00,0.05,0.011111111111111112,8,95,2
2012-07-15,2012-07-16T00:00:00,0.05,0.011111111111111112,8,97,0
2012-07-16,2012-07-17T00:00:00,0.05,0.011111111111111112,8,97,0
2012-07-17,2012-07-18T00:00:00,0.05,0.011111111111111112,8,97,1
2012-07-18,2012-07-19T00:00:00,0.05,0.011111111111111112,9,98,3
2012-07-19,2012-07-20T00:00:00,0.05,0.011111111111111112,9,101,2
2012-07-20,2012-07-21T00:00:00,0.05,0.011111111111111112,9,103,4
2012-07-21,2012-07-22T00:00:00,0.05,0.011111111111111112,9,107,3
2012-07-22,2012-07-23T00:00:00,0.05,0.011111111111111112,9,110,2
2012-07-23,2012-07-24T00:00:00,0.05,0.011111111111111112,9,112,7
2012-07-24,2012-07-25T00:00:00,0.05,0.011111111111111112,9,119,0
2012-07-25,2012-07-26T00:00:00,0.05,0.011111111111111112,10,119,2
2012-07-26,2012-07-27T00:00:00,0.05,0.011111111111111112,10,121,3
2012-07-27,2012-07-28T00:00:00,0.05,0.011111111111111112,10,124,1
2012-07-28,2012-07-29T00:00:00,0.05,0.011111111111111112,10,125,1
2012-07-29,2012-07-30T00:00:00,0.05,0.011111111111111112,10,126,3
2012-07-30,2012-07-31T00:00:00,0.05,0.011111111111111112,10,129,1
2012-07-31,2012-08-01T00:00:00,0.05,0.011111111111111112,10,130,4
2012-08-01,2012-08-02T00:00:00,0.05,0.011111111111111112,11,134,2
2012-08-02,2012-08-03T00:00:00,0.05,0.011111111111111112,11,136,3
2012-08-03,2012-08-04T00:00:00,0.05,0.011111111111111112,11,139,4
2012-08-04,2012-08-05T00:00:00,0.05,0.011111111111111112,11,143,1
2012-08-05,2012-08-06T00:00:00,0.05,0.011111111111111112,11,144,2
2012-08-06,2012-08-07T00:00:00,0.05,0.011111111111111112,11,146,1
2012-08-07,2012-08-08T00:00:00,0.05,0.011111111111111112,11,147,1
2012-08-08,2012-08-09T00:00:00,0.05,0.011111111111111112,12,148,0
2012-08-09,2012-08-10T00:00:00,0.05,0.011111111111111112,12,148,0
2012-08-10,2012-08-11T00:00:00,0.05,0.011111111111111112,12,148,1
2012-08-11,2012-08-12T00:00:00,0.05,0.011111111111111112,12,149,2
2012-08-12,2012-08-13T00:00:00,0.05,0.011111111111111112,12,151,3
2012-08-13,2012-08-14T00:00:00,0.05,0.011111111111111112,12,154,2
2012-08-14,2012-08-15T00:00:00,0.05,0.011111111111111112,12,156,1
2012-08-15,2012-08-16T00:00:00,0.05,0.011111111111111112,13,157,1
2012-08-16,2012-08-17T00:00:00,0.05,0.011111111111111112,13,158,1
2012-08-17,2012-08-18T00:00:00,0.05,0.011111111111111112,13,159,1
2012-08-18,2012-08-19T00:00:00,0.05,0.011111111111111112,13,160,2
2012-08-19,2012-08-20T00:00:00,0.05,0.011111111111111112,13,162,5
2012-08-20,2012-08-21T00:00:00,0.05,0.011111111111111112,13,167,2
2012-08-21,2012-08-22T00:00:00,0.05,0.011111111111111112,13,169,0
2012-08-22,2012-08-23T00:00:00,0.05,0.011111111111111112,14,169,2
2012-08-23,2012-08-24T00:00:00,0.05,0.011111111111111112,14,171,2
2012-08-24,2012-08-25T00:00:00,0.05,0.011111111111111112,14,173,0
2012-08-25,2012-08-26T00:00:00,0.05,0.011111111111111112,14,173,1
2012-08-26,2012-08-27T00:00:00,0.05,0.011111111111111112,14,174,2
2012-08-27,2012-08-28T00:00:00,0.05,0.011111111111111112,14,176,1
2012-08-28,2012-08-29T00:00:00,0.05,0.011111111111111112,14,177,1
2012-08-29,2012-08-30T00:00:00,0.05,0.011111111111111112,15,178,1
2012-08-30,2012-08-31T00:00:00,0.05,0.011111111111111112,15,179,6
2012-08-31,2012-09-01T00:00:00,0.05,0.011111111111111112,15,185,3
2012-09-01,2012-09-02T00:00:00,0.05,0.011111111111111112,15,188,1
2012-09-02,2012-09-03T00:00:00,0.05,0.011111111111111112,15,189,0
2012-09-03,2012-09-04T00:00:00,0.05,0.011111111111111112,15,189,1
2012-09-04,2012-09-05T00:00:00,0.05,0.011111111111111112,15,190,0
2012-09-05,2012-09-06T00:00:00,0.05,0.011111111111111112,16,190,5
2012-09-06,2012-09-07T00:00:00,0.05,0.011111111111111112,16,195,1
2012-09-07,2012-09-08T00:00:00,0.05,0.011111111111111112,16,196,0
2012-09-08,2012-09-09T00:00:00,0.05,0.011111111111111112,16,196,0
2012-09-09,2012-09-10T00:00:00,0.05,0.011111111111111112,16,196,3
2012-09-10,2012-09-11T00:00:00,0.05,0.011111111111111112,16,199,3
2012-09-11,2012-09-12T00:00:00,0.05,0.011111111111111112,16,202,0
2012-09-12,2012-09-13T00:00:00,0.05,0.011111111111111112,17,202,3
2012-09-13,2012-09-14T00:00:00,0.05,0.011111111111111112,17,205,0
2012-09-14,2012-09-15T00:00:00,0.05,0.011111111111111112,17,205,2
2012-09-15,2012-09-16T00:00:00,0.05,0.011111111111111112,17,207,4
2012-09-16,2012-09-17T00:00:00,0.05,0.011111111111111112,17,211,1
2012-09-17,2012-09-18T00:00:00,0.05,0.011111111111111112,17,212,1
2012-09-18,2012-09-19T00:00:00,0.05,0.011111111111111112,17,213,4
2012-09-19,2012-09-20T00:00:00,0.05,0.011111111111111112,18,217,0
2012-09-20,2012-09-21T00:00:00,0.05,0.011111111111111112,18,217,1
2012-09-21,2012-09-22T00:00:00,0.05,0.011111111111111112,18,218,3
2012-09-22,2012-09-23T00:00:00,0.05,0.011111111111111112,18,221,1
2012-09-23,2012-09-24T00:00:00,0.05,0.011111111111111112,18,222,6
2012-09-24,2012-09-25T00:00:00,0.05,0.011111111111111112,18,228,3
2012-09-25,2012-09-26T00:00:00,0.05,0.011111111111111112,18,231,2
2012-09-26,2012-09-27T00:00:00,0.05,0.011111111111111112,19,233,2
2012-09-27,2012-09-28T00:00:00,0.05,0.011111111111111112,19,235,2
2012-09-28,2012-09-29T00:00:00,0.05,0.011111111111111112,19,237,4
2012-09-29,2012-09-30T00:00:00,0.05,0.011111111111111112,19,241,3
2012-09-30,2012-10-01T00:00:00,0.05,0.011111111111111112,19,244,3
2012-10-01,2012-10-02T00:00:00,0.05,0.011111111111111112,19,247,4
2012-10-02,2012-10-03T00:00:00,0.05,0.011111111111111112,19,251,3
2012-10-03,2012-10-04T00:00:00,0.05,0.011111111111111112,20,254,2
2012-10-04,2012-10-05T00:00:00,0.05,0.011111111111111112,20,256,2
2012-10-05,2012-10-06T00:00:00,0.05,0.011111111111111112,20,258,6
2012-10-06,2012-10-07T00:00:00,0.05,0.011111111111111112,20,264,2
2012-10-07,2012-10-08T00:00:00,0.05,0.011111111111111112,20,266,3
2012-10-08,2012-10-09T00:00:00,0.05,0.011111111111111112,20,269,5
2012-10-09,2012-10-10T00:00:00,0.05,0.011111111111111112,20,274,3
2012-10-10,2012-10-11T00:00:00,0.05,0.011111111111111112,21,277,5
2012-10-11,2012-10-12T00:00:00,0.05,0.011111111111111112,21,282,0
2012-10-12,2012-10-13T00:00:00,0.05,0.011111111111111112,21,282,4
2012-10-13,2012-10-14T00:00:00,0.05,0.011111111111111112,21,286,3
2012-10-14,2012-10-15T00:00:00,0.05,0.011111111111111112,21,289,6
2012-10-15,2012-10-16T00:00:00,0.05,0.011111111111111112,21,295,0
2012-10-16,2012-10-17T00:00:00,0.05,0.011111111111111112,21,295,2
2012-10-17,2012-10-18T00:00:00,0.05,0.011111111111111112,22,297,2
2012-10-18,2012-10-19T00:00:00,0.05,0.011111111111111112,22,299,1
2012-10-19,2012-10-20T00:00:00,0.05,0.011111111111111112,22,300,4
2012-10-20,2012-10-21T00:00:00,0.05,0.011111111111111112,22,304,5
2012-10-21,2012-10-22T00:00:00,0.05,0.011111111111111112,22,309,4
2012-10-22,2012-10-23T00:00:00,0.05,0.011111111111111112,22,313,5
2012-10-23,2012-10-24T00:00:00,0.05,0.011111111111111112,22,318,6
2012-10-24,2012-10-25T00:00:00,0.05,0.011111111111111112,23,324,9
2012-10-25,2012-10-26T00:00:00,0.05,0.011111111111111112,23,333,4
2012-10-26,2012-10-27T00:00:00,0.05,0.011111111111111112,23,337,3
2012-10-27,2012-10-28T00:00:00,0.05,0.011111111111111112,23,340,4
2012-10-28,2012-10-29T00:00:00,0.05,0.011111111111111112,23,344,0
2012-10-29,2012-10-30T00:00:00,0.05,0.011111111111111112,23,344,2
2012-10-30,2012-10-31T00:00:00,0.05,0.011111111111111112,23,346,0
2012-10-31,2012-11-01T00:00:00,0.05,0.011111111111111112,24,346,0
2012-11-01,2012-11-02T00:00:00,0.05,0.011111111111111112,24,346,4
2012-11-02,2012-11-03T00:00:00,0.05,0.011111111111111112,24,350,2
2012-11-03,2012-11-04T00:00:00,0.05,0.011111111111111112,24,352,0
2012-11-04,2012-11-05T00:00:00,0.05,0.011111111111111112,24,352,2
2012-11-05,2012-11-06T00:00:00,0.05,0.011111111111111112,24,354,5
2012-11-06,2012-11-07T00:00:00,0.05,0.011111111111111112,24,359,1
2012-11-07,2012-11-08T00:00:00,0.05,0.011111111111111112,25,360,2
2012-11-08,2012-11-09T00:00:00,0.05,0.011111111111111112,25,362,1
2012-11-09,2012-11-10T00:00:00,0.05,0.011111111111111112,25,363,1
2012-11-10,2012-11-11T00:00:00,0.05,0.011111111111111112,25,364,3
2012-11-11,2012-11-12T00:00:00,0.05,0.011111111111111112,25,367,0
2012-11-12,2012-11-13T00:00:00,0.05,0.011111111111111112,25,367,1
2012-11-13,2012-11-14T00:00:00,0.05,0.011111111111111112,25,368,3
2012-11-14,2012-11-15T00:00:00,0.05,0.011111111111111112,26,371,0
2012-11-15,2012-11-16T00:00:00,0.05,0.011111111111111112,26,371,2
2012-11-16,2012-11-17T00:00:00,0.05,0.011111111111111112,26,373,1
2012-11-17,2012-11-18T00:00:00,0.05,0.011111111111111112,26,374,6
2012-11-18,2012-11-19T00:00:00,0.05,0.011111111111111112,26,380,3
2012-11-19,2012-11-20T00:00:00,0.05,0.011111111111111112,26,383,3
2012-11-20,2012-11-21T00:00:00,0.05,0.011111111111111112,26,386,4
2012-11-21,2012-11-22T00:00:00,0.05,0.011111111111111112,27,390,5
2012-11-22,2012-11-23T00:00:00,0.05,0.011111111111111112,27,395,7
2012-11-23,2012-11-24T00:00:00,0.05,0.011111111111111112,27,402,4
2012-11-24,2012-11-25T00:00:00,0.05,0.011111111111111112,27,406,3
2012-11-25,2012-11-26T00:00:00,0.05,0.011111111111111112,27,409,3
2012-11-26,2012-11-27T00:00:00,0.05,0.011111111111111112,27,412,8
2012-11-27,2012-11-28T00:00:00,0.05,0.011111111111111112,27,420,5
2012-11-28,2012-11-29T00:00:00,0.05,0.011111111111111112,28,425,3
2012-11-29,2012-11-30T00:00:00,0.05,0.011111111111111112,28,428,2
2012-11-30,2012-12-01T00:00:00,0.05,0.011111111111111112,28,430,1
2012-12-01,2012-12-02T00:00:00,0.05,0.011111111111111112,28,431,2
2012-12-02,2012-12-03T00:00:00,0.05,0.011111111111111112,28,433,4
2012-12-03,2012-12-04T00:00:00,0.05,0.011111111111111112,28,437,4
2012-12-04,2012-12-05T00:00:00,0.05,0.011111111111111112,28,441,1
2012-12-05,2012-12-06T00:00:00,0.05,0.011111111111111112,29,442,3
2012-12-06,2012-12-07T00:00:00,0.05,0.011111111111111112,29,445,0
2012-12-07,2012-12-08T00:00:00,0.05,0.011111111111111112,29,445,2
2012-12-08,2012-12-09T00:00:00,0.05,0.011111111111111112,29,447,4
2012-12-09,2012-12-10T00:00:00,0.05,0.011111111111111112,29,451,2
2012-12-10,2012-12-11T00:00:00,0.05,0.011111111111111112,29,453,0
2012-12-11,2012-12-12T00:00:00,0.05,0.011111111111111112,29,453,1
2012-12-12,2012-12-13T00:00:00,0.05,0.011111111111111112,30,454,1
2012-12-13,2012-12-14T00:00:00,0.05,0.011111111111111112,30,455,0
2012-12-14,2012-12-15T00:00:00,0.05,0.011111111111111112,30,455,1
2012-12-15,2012-12-16T00:00:00,0.05,0.011111111111111112,30,456,3
2012-12-16,2012-12-17T00:00:00,0.05,0.011111111111111112,30,459,1
2012-12-17,2012-12-18T00:00:00,0.05,0.011111111111111112,30,460,1
2012-12-18,2012-12-19T00:00:00,0.05,0.011111111111111112,30,461,2
2012-12-19,2012-12-20T00:00:00,0.05,0.011111111111111112,31,463,3
2012-12-20,2012-12-21T00:00:00,0.05,0.011111111111111112,31,466,3
2012-12-21,2012-12-22T00:00:00,0.05,0.011111111111111112,31,469,2
2012-12-22,2012-12-23T00:00:00,0.05,0.011111111111111112,31,471,1
2012-12-23,2012-12-24T00:00:00,0.05,0.011111111111111112,31,472,1
2012-12-24,2012-12-25T00:00:00,0.05,0.011111111111111112,31,473,2
2012-12-25,2012-12-26T00:00:00,0.05,0.011111111111111112,31,475,1
2012-12-26,2012-12-27T00:00:00,0.05,0.011111111111111112,32,476,0
2012-12-27,2012-12-28T00:00:00,0.05,0.011111111111111112,32,476,3
2012-12-28,2012-12-29T00:00:00,0.05,0.011111111111111112,32,479,1
2012-12-29,2012-12-30T00:00:00,0.05,0.011111111111111112,32,480,3
2012-12-30,2012-12-31T00:00:00,0.05,0.011111111111111112,32,483,4
2012-12-31,2013-01-01T00:00:00,0.05,0.011111111111111112,32,487,1
2013-01-01,2013-01-02T00:00:00,0.05,0.011111111111111112,32,488,1
2013-01-02,2013-01-03T00:00:00,0.05,0.011111111111111112,33,489,0
2013-01-03,2013-01-04T00:00:00,0.05,0.011111111111111112,33,489,1
2013-01-04,2013-01-05T00:00:00,0.05,0.011111111111111112,33,490,5
2013-01-05,2013-01-06T00:00:00,0.05,0.011111111111111112,33,495,0
2013-01-06,2013-01-07T00:00:00,0.05,0.011111111111111112,33,495,4
2013-01-07,2013-01-08T00:00:00,0.05,0.011111111111111112,33,499,1
2013-01-08,2013-01-09T00:00:00,0.05,0.011111111111111112,33,500,2
2013-01-09,2013-01-10T00:00:00,0.05,0.011111111111111112,34,502,1
