model,model_label,frame_index,forecast_date,k,precision_at_k,hit_count_at_k
our_vol4,Our vol4 STNPP-GAT-HCL-ZINB,0,2020-01-01,20,0.05,1.0
our_vol4,Our vol4 STNPP-GAT-HCL-ZINB,0,2020-01-01,50,0.1,5.0
our_vol4,Our vol4 STNPP-GAT-HCL-ZINB,0,2020-01-01,100,0.1,10.0
our_vol4,Our vol4 STNPP-GAT-HCL-ZINB,0,2020-01-01,500,0.046,23.0
our_vol4,Our vol4 STNPP-GAT-HCL-ZINB,1,2020-01-15,20,0.15,4.0
our_vol4,Our vol4 STNPP-GAT-HCL-ZINB,1,2020-01-15,50,0.14,8.0
our_vol4,Our vol4 STNPP-GAT-HCL-ZINB,1,2020-01-15,100,0.12,13.0
our_vol4,Our vol4 STNPP-GAT-HCL-ZINB,1,2020-01-15,500,0.056,33.0
our_vol4,Our vol4 STNPP-GAT-HCL-ZINB,2,2020-01-29,20,0.05,1.0
our_vol4,Our vol4 STNPP-GAT-HCL-ZINB,2,2020-01-29,50,0.1,5.0
our_vol4,Our vol4 STNPP-GAT-HCL-ZINB,2,2020-01-29,100,0.08,8.0
our_vol4,Our vol4 STNPP-GAT-HCL-ZINB,2,2020-01-29,500,0.044,22.0
our_vol4,Our vol4 STNPP-GAT-HCL-ZINB,3,2020-02-12,20,0.15,3.0
our_vol4,Our vol4 STNPP-GAT-HCL-ZINB,3,2020-02-12,50,0.08,5.0
our_vol4,Our vol4 STNPP-GAT-HCL-ZINB,3,2020-02-12,100,0.08,9.0
our_vol4,Our vol4 STNPP-GAT-HCL-ZINB,3,2020-02-12,500,0.036,19.0
our_vol4,Our vol4 STNPP-GAT-HCL-ZINB,4,2020-02-26,20,0.05,1.0
our_vol4,Our vol4 STNPP-GAT-HCL-ZINB,4,2020-02-26,50,0.06,3.0
our_vol4,Our vol4 STNPP-GAT-HCL-ZINB,4,2020-02-26,100,0.06,6.0
our_vol4,Our vol4 STNPP-GAT-HCL-ZINB,4,2020-02-26,500,0.028,14.0
our_vol4,Our vol4 STNPP-GAT-HCL-ZINB,5,2020-03-11,20,0.15,3.0
our_vol4,Our vol4 STNPP-GAT-HCL-ZINB,5,2020-03-11,50,0.12,6.0
our_vol4,Our vol4 STNPP-GAT-HCL-ZINB,5,2020-03-11,100,0.13,13.0
our_vol4,Our vol4 STNPP-GAT-HCL-ZINB,5,2020-03-11,500,0.06,30.0
our_vol4,Our vol4 STNPP-GAT-HCL-ZINB,6,2020-03-25,20,0.05,1.0
our_vol4,Our vol4 STNPP-GAT-HCL-ZINB,6,2020-03-25,50,0.08,4.0
our_vol4,Our vol4 STNPP-GAT-HCL-ZINB,6,2020-03-25,100,0.07,7.0
our_vol4,Our vol4 STNPP-GAT-HCL-ZINB,6,2020-03-25,500,0.036,18.0
our_vol4,Our vol4 STNPP-GAT-HCL-ZINB,7,2020-04-08,20,0.05,1.0
our_vol4,Our vol4 STNPP-GAT-HCL-ZINB,7,2020-04-08,50,0.02,1.0
our_vol4,Our vol4 STNPP-GAT-HCL-ZINB,7,2020-04-08,100,0.05,5.0
our_vol4,Our vol4 STNPP-GAT-HCL-ZINB,7,2020-04-08,500,0.034,18.0
our_vol4,Our vol4 STNPP-GAT-HCL-ZINB,8,2020-04-22,20,0.1,2.0
our_vol4,Our vol4 STNPP-GAT-HCL-ZINB,8,2020-04-22,50,0.1,5.0
our_vol4,Our vol4 STNPP-GAT-HCL-ZINB,8,2020-04-22,100,0.06,6.0
our_vol4,Our vol4 STNPP-GAT-HCL-ZINB,8,2020-04-22,500,0.048,24.0
our_vol4,Our vol4 STNPP-GAT-HCL-ZINB,9,2020-05-06,20,0.05,1.0
our_vol4,Our vol4 STNPP-GAT-HCL-ZINB,9,2020-05-06,50,0.02,1.0
our_vol4,Our vol4 STNPP-GAT-HCL-ZINB,9,2020-05-06,100,0.04,4.0
our_vol4,Our vol4 STNPP-GAT-HCL-ZINB,9,2020-05-06,500,0.04,20.0
our_vol4,Our vol4 STNPP-GAT-HCL-ZINB,10,2020-05-20,20,0.05,1.0
our_vol4,Our vol4 STNPP-GAT-HCL-ZINB,10,2020-05-20,50,0.06,3.0
our_vol4,Our vol4 STNPP-GAT-HCL-ZINB,10,2020-05-20,100,0.07,7.0
our_vol4,Our vol4 STNPP-GAT-HCL-ZINB,10,2020-05-20,500,0.048,24.0
our_vol4,Our vol4 STNPP-GAT-HCL-ZINB,11,2020-06-03,20,0.05,1.0
our_vol4,Our vol4 STNPP-GAT-HCL-ZINB,11,2020-06-03,50,0.04,3.0
our_vol4,Our vol4 STNPP-GAT-HCL-ZINB,11,2020-06-03,100,0.05,6.0
our_vol4,Our vol4 STNPP-GAT-HCL-ZINB,11,2020-06-03,500,0.034,18.0
our_vol4,Our vol4 STNPP-GAT-HCL-ZINB,12,2020-06-17,20,0.0,0.0
our_vol4,Our vol4 STNPP-GAT-HCL-ZINB,12,2020-06-17,50,0.06,3.0
our_vol4,Our vol4 STNPP-GAT-HCL-ZINB,12,2020-06-17,100,0.07,7.0
our_vol4,Our vol4 STNPP-GAT-HCL-ZINB,12,2020-06-17,500,0.058,29.0
our_vol4,Our vol4 STNPP-GAT-HCL-ZINB,13,2020-07-01,20,0.05,1.0
our_vol4,Our vol4 STNPP-GAT-HCL-ZINB,13,2020-07-01,50,0.12,6.0
our_vol4,Our vol4 STNPP-GAT-HCL-ZINB,13,2020-07-01,100,0.09,9.0
our_vol4,Our vol4 STNPP-GAT-HCL-ZINB,13,2020-07-01,500,0.04,20.0
our_vol4,Our vol4 STNPP-GAT-HCL-ZINB,14,2020-07-15,20,0.05,1.0
our_vol4,Our vol4 STNPP-GAT-HCL-ZINB,14,2020-07-15,50,0.06,3.0
our_vol4,Our vol4 STNPP-GAT-HCL-ZINB,14,2020-07-15,100,0.05,5.0
our_vol4,Our vol4 STNPP-GAT-HCL-ZINB,14,2020-07-15,500,0.04,20.0
our_vol4,Our vol4 STNPP-GAT-HCL-ZINB,15,2020-07-29,20,0.2,4.0
our_vol4,Our vol4 STNPP-GAT-HCL-ZINB,15,2020-07-29,50,0.12,6.0
our_vol4,Our vol4 STNPP-GAT-HCL-ZINB,15,2020-07-29,100,0.07,7.0
our_vol4,Our vol4 STNPP-GAT-HCL-ZINB,15,2020-07-29,500,0.034,17.0
our_vol4,Our vol4 STNPP-GAT-HCL-ZINB,16,2020-08-12,20,0.1,2.0
our_vol4,Our vol4 STNPP-GAT-HCL-ZINB,16,2020-08-12,50,0.08,4.0
our_vol4,Our vol4 STNPP-GAT-HCL-ZINB,16,2020-08-12,100,0.05,5.0
our_vol4,Our vol4 STNPP-GAT-HCL-ZINB,16,2020-08-12,500,0.038,19.0
our_vol4,Our vol4 STNPP-GAT-HCL-ZINB,17,2020-08-26,20,0.1,2.0
our_vol4,Our vol4 STNPP-GAT-HCL-ZINB,17,2020-08-26,50,0.06,3.0
our_vol4,Our vol4 STNPP-GAT-HCL-ZINB,17,2020-08-26,100,0.06,6.0
our_vol4,Our vol4 STNPP-GAT-HCL-ZINB,17,2020-08-26,500,0.032,16.0
our_vol4,Our vol4 STNPP-GAT-HCL-ZINB,18,2020-09-09,20,0.15,3.0
our_vol4,Our vol4 STNPP-GAT-HCL-ZINB,18,2020-09-09,50,0.08,4.0
our_vol4,Our vol4 STNPP-GAT-HCL-ZINB,18,2020-09-09,100,0.06,6.0
our_vol4,Our vol4 STNPP-GAT-HCL-ZINB,18,2020-09-09,500,0.026,13.0
our_vol4,Our vol4 STNPP-GAT-HCL-ZINB,19,2020-09-23,20,0.05,1.0
our_vol4,Our vol4 STNPP-GAT-HCL-ZINB,19,2020-09-23,50,0.02,1.0
our_vol4,Our vol4 STNPP-GAT-HCL-ZINB,19,2020-09-23,100,0.02,2.0
our_vol4,Our vol4 STNPP-GAT-HCL-ZINB,19,2020-09-23,500,0.03,15.0
our_vol4,Our vol4 STNPP-GAT-HCL-ZINB,20,2020-10-07,20,0.1,2.0
our_vol4,Our vol4 STNPP-GAT-HCL-ZINB,20,2020-10-07,50,0.06,3.0
our_vol4,Our vol4 STNPP-GAT-HCL-ZINB,20,2020-10-07,100,0.07,7.0
our_vol4,Our vol4 STNPP-GAT-HCL-ZINB,20,2020-10-07,500,0.034,18.0
our_vol4,Our vol4 STNPP-GAT-HCL-ZINB,21,2020-10-21,20,0.1,3.0
our_vol4,Our vol4 STNPP-GAT-HCL-ZINB,21,2020-10-21,50,0.06,4.0
our_vol4,Our vol4 STNPP-GAT-HCL-ZINB,21,2020-10-21,100,0.04,5.0
our_vol4,Our vol4 STNPP-GAT-HCL-ZINB,21,2020-10-21,500,0.042,24.0
our_vol4,Our vol4 STNPP-GAT-HCL-ZINB,22,2020-11-04,20,0.1,2.0
our_vol4,Our vol4 STNPP-GAT-HCL-ZINB,22,2020-11-04,50,0.06,3.0
our_vol4,Our vol4 STNPP-GAT-HCL-ZINB,22,2020-11-04,100,0.03,3.0
our_vol4,Our vol4 STNPP-GAT-HCL-ZINB,22,2020-11-04,500,0.03,16.0
our_vol4,Our vol4 STNPP-GAT-HCL-ZINB,23,2020-11-18,20,0.15,6.0
our_vol4,Our vol4 STNPP-GAT-HCL-ZINB,23,2020-11-18,50,0.06,6.0
our_vol4,Our vol4 STNPP-GAT-HCL-ZINB,23,2020-11-18,100,0.05,9.0
our_vol4,Our vol4 STNPP-GAT-HCL-ZINB,23,2020-11-18,500,0.034,21.0
our_vol4,Our vol4 STNPP-GAT-HCL-ZINB,24,2020-12-02,20,0.15,3.0
our_vol4,Our vol4 STNPP-GAT-HCL-ZINB,24,2020-12-02,50,0.14,7.0
our_vol4,Our vol4 STNPP-GAT-HCL-ZINB,24,2020-12-02,100,0.11,12.0
our_vol4,Our vol4 STNPP-GAT-HCL-ZINB,24,2020-12-02,500,0.06,33.0
our_vol4,Our vol4 STNPP-GAT-HCL-ZINB,25,2020-12-16,20,0.05,1.0
our_vol4,Our vol4 STNPP-GAT-HCL-ZINB,25,2020-12-16,50,0.04,3.0
our_vol4,Our vol4 STNPP-GAT-HCL-ZINB,25,2020-12-16,100,0.04,5.0
our_vol4,Our vol4 STNPP-GAT-HCL-ZINB,25,2020-12-16,500,0.032,17.0
our_vol4,Our vol4 STNPP-GAT-HCL-ZINB,26,2020-12-30,20,0.05,1.0
our_vol4,Our vol4 STNPP-GAT-HCL-ZINB,26,2020-12-30,50,0.06,3.0
our_vol4,Our vol4 STNPP-GAT-HCL-ZINB,26,2020-12-30,100,0.03,3.0
our_vol4,Our vol4 STNPP-GAT-HCL-ZINB,26,2020-12-30,500,0.044,26.0
our_vol4,Our vol4 STNPP-GAT-HCL-ZINB,27,2021-01-13,20,0.0,0.0
our_vol4,Our vol4 STNPP-GAT-HCL-ZINB,27,2021-01-13,50,0.08,4.0
our_vol4,Our vol4 STNPP-GAT-HCL-ZINB,27,2021-01-13,100,0.06,6.0
our_vol4,Our vol4 STNPP-GAT-HCL-ZINB,27,2021-01-13,500,0.032,16.0
our_vol4,Our vol4 STNPP-GAT-HCL-ZINB,28,2021-01-27,20,0.05,2.0
our_vol4,Our vol4 STNPP-GAT-HCL-ZINB,28,2021-01-27,50,0.08,6.0
our_vol4,Our vol4 STNPP-GAT-HCL-ZINB,28,2021-01-27,100,0.05,8.0
our_vol4,Our vol4 STNPP-GAT-HCL-ZINB,28,2021-01-27,500,0.048,28.0
our_vol4,Our vol4 STNPP-GAT-HCL-ZINB,29,2021-02-10,20,0.15,3.0
our_vol4,Our vol4 STNPP-GAT-HCL-ZINB,29,2021-02-10,50,0.16,8.0
our_vol4,Our vol4 STNPP-GAT-HCL-ZINB,29,2021-02-10,100,0.13,13.0
our_vol4,Our vol4 STNPP-GAT-HCL-ZINB,29,2021-02-10,500,0.058,29.0
our_vol4,Our vol4 STNPP-GAT-HCL-ZINB,30,2021-02-24,20,0.15,3.0
our_vol4,Our vol4 STNPP-GAT-HCL-ZINB,30,2021-02-24,50,0.08,4.0
our_vol4,Our vol4 STNPP-GAT-HCL-ZINB,30,2021-02-24,100,0.05,5.0
our_vol4,Our vol4 STNPP-GAT-HCL-ZINB,30,2021-02-24,500,0.034,17.0
our_vol4,Our vol4 STNPP-GAT-HCL-ZINB,31,2021-03-10,20,0.05,1.0
our_vol4,Our vol4 STNPP-GAT-HCL-ZINB,31,2021-03-10,50,0.12,7.0
our_vol4,Our vol4 STNPP-GAT-HCL-ZINB,31,2021-03-10,100,0.1,11.0
our_vol4,Our vol4 STNPP-GAT-HCL-ZINB,31,2021-03-10,500,0.048,26.0
our_vol4,Our vol4 STNPP-GAT-HCL-ZINB,32,2021-03-24,20,0.05,1.0
our_vol4,Our vol4 STNPP-GAT-HCL-ZINB,32,2021-03-24,50,0.08,4.0
our_vol4,Our vol4 STNPP-GAT-HCL-ZINB,32,2021-03-24,100,0.07,7.0
our_vol4,Our vol4 STNPP-GAT-HCL-ZINB,32,2021-03-24,500,0.042,22.0
our_vol4,Our vol4 STNPP-GAT-HCL-ZINB,33,2021-04-07,20,0.1,2.0
our_vol4,Our vol4 STNPP-GAT-HCL-ZINB,33,2021-04-07,50,0.06,3.0
our_vol4,Our vol4 STNPP-GAT-HCL-ZINB,33,2021-04-07,100,0.05,5.0
our_vol4,Our vol4 STNPP-GAT-HCL-ZINB,33,2021-04-07,500,0.05,25.0
our_vol4,Our vol4 STNPP-GAT-HCL-ZINB,34,2021-04-21,20,0.0,0.0
our_vol4,Our vol4 STNPP-GAT-HCL-ZINB,34,2021-04-21,50,0.02,1.0
our_vol4,Our vol4 STNPP-GAT-HCL-ZINB,34,2021-04-21,100,0.03,3.0
our_vol4,Our vol4 STNPP-GAT-HCL-ZINB,34,2021-04-21,500,0.034,17.0
our_vol4,Our vol4 STNPP-GAT-HCL-ZINB,35,2021-05-05,20,0.1,2.0
our_vol4,Our vol4 STNPP-GAT-HCL-ZINB,35,2021-05-05,50,0.04,2.0
our_vol4,Our vol4 STNPP-GAT-HCL-ZINB,35,2021-05-05,100,0.04,4.0
our_vol4,Our vol4 STNPP-GAT-HCL-ZINB,35,2021-05-05,500,0.03,15.0
our_vol4,Our vol4 STNPP-GAT-HCL-ZINB,36,2021-05-19,20,0.05,1.0
our_vol4,Our vol4 STNPP-GAT-HCL-ZINB,36,2021-05-19,50,0.06,3.0
our_vol4,Our vol4 STNPP-GAT-HCL-ZINB,36,2021-05-19,100,0.04,4.0
our_vol4,Our vol4 STNPP-GAT-HCL-ZINB,36,2021-05-19,500,0.046,24.0
our_vol4,Our vol4 STNPP-GAT-HCL-ZINB,37,2021-06-02,20,0.1,3.0
our_vol4,Our vol4 STNPP-GAT-HCL-ZINB,37,2021-06-02,50,0.12,7.0
our_vol4,Our vol4 STNPP-GAT-HCL-ZINB,37,2021-06-02,100,0.09,10.0
our_vol4,Our vol4 STNPP-GAT-HCL-ZINB,37,2021-06-02,500,0.036,19.0
our_vol4,Our vol4 STNPP-GAT-HCL-ZINB,38,2021-06-16,20,0.1,3.0
our_vol4,Our vol4 STNPP-GAT-HCL-ZINB,38,2021-06-16,50,0.08,5.0
our_vol4,Our vol4 STNPP-GAT-HCL-ZINB,38,2021-06-16,100,0.07,8.0
our_vol4,Our vol4 STNPP-GAT-HCL-ZINB,38,2021-06-16,500,0.048,27.0
our_vol4,Our vol4 STNPP-GAT-HCL-ZINB,39,2021-06-30,20,0.1,2.0
our_vol4,Our vol4 STNPP-GAT-HCL-ZINB,39,2021-06-30,50,0.06,3.0
our_vol4,Our vol4 STNPP-GAT-HCL-ZINB,39,2021-06-30,100,0.06,6.0
our_vol4,Our vol4 STNPP-GAT-HCL-ZINB,39,2021-06-30,500,0.048,24.0
our_vol4,Our vol4 STNPP-GAT-HCL-ZINB,40,2021-07-14,20,0.05,1.0
our_vol4,Our vol4 STNPP-GAT-HCL-ZINB,40,2021-07-14,50,0.08,4.0
our_vol4,Our vol4 STNPP-GAT-HCL-ZINB,40,2021-07-14,100,0.06,7.0
our_vol4,Our vol4 STNPP-GAT-HCL-ZINB,40,2021-07-14,500,0.04,22.0
our_vol4,Our vol4 STNPP-GAT-HCL-ZINB,41,2021-07-28,20,0.3,6.0
our_vol4,Our vol4 STNPP-GAT-HCL-ZINB,41,2021-07-28,50,0.16,8.0
our_vol4,Our vol4 STNPP-GAT-HCL-ZINB,41,2021-07-28,100,0.12,12.0
our_vol4,Our vol4 STNPP-GAT-HCL-ZINB,41,2021-07-28,500,0.048,24.0
our_vol4,Our vol4 STNPP-GAT-HCL-ZINB,42,2021-08-11,20,0.0,0.0
our_vol4,Our vol4 STNPP-GAT-HCL-ZINB,42,2021-08-11,50,0.04,4.0
our_vol4,Our vol4 STNPP-GAT-HCL-ZINB,42,2021-08-11,100,0.05,7.0
our_vol4,Our vol4 STNPP-GAT-HCL-ZINB,42,2021-08-11,500,0.046,26.0
our_vol4,Our vol4 STNPP-GAT-HCL-ZINB,43,2021-08-25,20,0.1,3.0
our_vol4,Our vol4 STNPP-GAT-HCL-ZINB,43,2021-08-25,50,0.08,5.0
our_vol4,Our vol4 STNPP-GAT-HCL-ZINB,43,2021-08-25,100,0.05,6.0
our_vol4,Our vol4 STNPP-GAT-HCL-ZINB,43,2021-08-25,500,0.03,17.0
our_vol4,Our vol4 STNPP-GAT-HCL-ZINB,44,2021-09-08,20,0.15,3.0
our_vol4,Our vol4 STNPP-GAT-HCL-ZINB,44,2021-09-08,50,0.1,5.0
our_vol4,Our vol4 STNPP-GAT-HCL-ZINB,44,2021-09-08,100,0.09,9.0
our_vol4,Our vol4 STNPP-GAT-HCL-ZINB,44,2021-09-08,500,0.058,29.0
our_vol4,Our vol4 STNPP-GAT-HCL-ZINB,45,2021-09-22,20,0.05,1.0
our_vol4,Our vol4 STNPP-GAT-HCL-ZINB,45,2021-09-22,50,0.1,5.0
our_vol4,Our vol4 STNPP-GAT-HCL-ZINB,45,2021-09-22,100,0.08,8.0
our_vol4,Our vol4 STNPP-GAT-HCL-ZINB,45,2021-09-22,500,0.044,22.0
our_vol4,Our vol4 STNPP-GAT-HCL-ZINB,46,2021-10-06,20,0.25,6.0
our_vol4,Our vol4 STNPP-GAT-HCL-ZINB,46,2021-10-06,50,0.12,7.0
our_vol4,Our vol4 STNPP-GAT-HCL-ZINB,46,2021-10-06,100,0.09,10.0
our_vol4,Our vol4 STNPP-GAT-HCL-ZINB,46,2021-10-06,500,0.052,27.0
our_vol4,Our vol4 STNPP-GAT-HCL-ZINB,47,2021-10-20,20,0.05,1.0
our_vol4,Our vol4 STNPP-GAT-HCL-ZINB,47,2021-10-20,50,0.08,4.0
our_vol4,Our vol4 STNPP-GAT-HCL-ZINB,47,2021-10-20,100,0.08,8.0
our_vol4,Our vol4 STNPP-GAT-HCL-ZINB,47,2021-10-20,500,0.046,24.0
our_vol4,Our vol4 STNPP-GAT-HCL-ZINB,48,2021-11-03,20,0.1,2.0
our_vol4,Our vol4 STNPP-GAT-HCL-ZINB,48,2021-11-03,50,0.1,5.0
our_vol4,Our vol4 STNPP-GAT-HCL-ZINB,48,2021-11-03,100,0.09,9.0
our_vol4,Our vol4 STNPP-GAT-HCL-ZINB,48,2021-11-03,500,0.072,37.0
our_vol4,Our vol4 STNPP-GAT-HCL-ZINB,49,2021-11-17,20,0.05,2.0
our_vol4,Our vol4 STNPP-GAT-HCL-ZINB,49,2021-11-17,50,0.02,2.0
our_vol4,Our vol4 STNPP-GAT-HCL-ZINB,49,2021-11-17,100,0.06,7.0
our_vol4,Our vol4 STNPP-GAT-HCL-ZINB,49,2021-11-17,500,0.042,23.0
our_vol4,Our vol4 STNPP-GAT-HCL-ZINB,50,2021-12-01,20,0.4,10.0
our_vol4,Our vol4 STNPP-GAT-HCL-ZINB,50,2021-12-01,50,0.2,12.0
our_vol4,Our vol4 STNPP-GAT-HCL-ZINB,50,2021-12-01,100,0.14,16.0
our_vol4,Our vol4 STNPP-GAT-HCL-ZINB,50,2021-12-01,500,0.072,38.0
our_vol4,Our vol4 STNPP-GAT-HCL-ZINB,51,2021-12-15,20,0.05,1.0
our_vol4,Our vol4 STNPP-GAT-HCL-ZINB,51,2021-12-15,50,0.08,4.0
our_vol4,Our vol4 STNPP-GAT-HCL-ZINB,51,2021-12-15,100,0.06,6.0
our_vol4,Our vol4 STNPP-GAT-HCL-ZINB,51,2021-12-15,500,0.058,30.0
our_vol4,Our vol4 STNPP-GAT-HCL-ZINB,52,2021-12-29,20,0.15,5.0
our_vol4,Our vol4 STNPP-GAT-HCL-ZINB,52,2021-12-29,50,0.1,8.0
our_vol4,Our vol4 STNPP-GAT-HCL-ZINB,52,2021-12-29,100,0.08,11.0
our_vol4,Our vol4 STNPP-GAT-HCL-ZINB,52,2021-12-29,500,0.036,22.0
our_vol4,Our vol4 STNPP-GAT-HCL-ZINB,53,2022-01-12,20,0.15,3.0
our_vol4,Our vol4 STNPP-GAT-HCL-ZINB,53,2022-01-12,50,0.14,7.0
our_vol4,Our vol4 STNPP-GAT-HCL-ZINB,53,2022-01-12,100,0.11,11.0
our_vol4,Our vol4 STNPP-GAT-HCL-ZINB,53,2022-01-12,500,0.078,40.0
our_vol4,Our vol4 STNPP-GAT-HCL-ZINB,54,2022-01-26,20,0.1,2.0
our_vol4,Our vol4 STNPP-GAT-HCL-ZINB,54,2022-01-26,50,0.08,4.0
our_vol4,Our vol4 STNPP-GAT-HCL-ZINB,54,2022-01-26,100,0.04,4.0
our_vol4,Our vol4 STNPP-GAT-HCL-ZINB,54,2022-01-26,500,0.042,23.0
our_vol4,Our vol4 STNPP-GAT-HCL-ZINB,55,2022-02-09,20,0.25,7.0
our_vol4,Our vol4 STNPP-GAT-HCL-ZINB,55,2022-02-09,50,0.22,15.0
our_vol4,Our vol4 STNPP-GAT-HCL-ZINB,55,2022-02-09,100,0.12,16.0
our_vol4,Our vol4 STNPP-GAT-HCL-ZINB,55,2022-02-09,500,0.04,24.0
our_vol4,Our vol4 STNPP-GAT-HCL-ZINB,56,2022-02-23,20,0.05,1.0
our_vol4,Our vol4 STNPP-GAT-HCL-ZINB,56,2022-02-23,50,0.06,3.0
our_vol4,Our vol4 STNPP-GAT-HCL-ZINB,56,2022-02-23,100,0.05,6.0
our_vol4,Our vol4 STNPP-GAT-HCL-ZINB,56,2022-02-23,500,0.054,30.0
our_vol4,Our vol4 STNPP-GAT-HCL-ZINB,57,2022-03-09,20,0.0,0.0
our_vol4,Our vol4 STNPP-GAT-HCL-ZINB,57,2022-03-09,50,0.04,2.0
our_vol4,Our vol4 STNPP-GAT-HCL-ZINB,57,2022-03-09,100,0.04,4.0
our_vol4,Our vol4 STNPP-GAT-HCL-ZINB,57,2022-03-09,500,0.038,21.0
our_vol4,Our vol4 STNPP-GAT-HCL-ZINB,58,2022-03-23,20,0.15,3.0
our_vol4,Our vol4 STNPP-GAT-HCL-ZINB,58,2022-03-23,50,0.14,7.0
our_vol4,Our vol4 STNPP-GAT-HCL-ZINB,58,2022-03-23,100,0.1,10.0
our_vol4,Our vol4 STNPP-GAT-HCL-ZINB,58,2022-03-23,500,0.066,33.0
our_vol4,Our vol4 STNPP-GAT-HCL-ZINB,59,2022-04-06,20,0.2,4.0
our_vol4,Our vol4 STNPP-GAT-HCL-ZINB,59,2022-04-06,50,0.16,8.0
our_vol4,Our vol4 STNPP-GAT-HCL-ZINB,59,2022-04-06,100,0.14,14.0
our_vol4,Our vol4 STNPP-GAT-HCL-ZINB,59,2022-04-06,500,0.058,30.0
our_vol4,Our vol4 STNPP-GAT-HCL-ZINB,60,2022-04-20,20,0.3,7.0
our_vol4,Our vol4 STNPP-GAT-HCL-ZINB,60,2022-04-20,50,0.18,10.0
our_vol4,Our vol4 STNPP-GAT-HCL-ZINB,60,2022-04-20,100,0.1,11.0
our_vol4,Our vol4 STNPP-GAT-HCL-ZINB,60,2022-04-20,500,0.056,30.0
our_vol4,Our vol4 STNPP-GAT-HCL-ZINB,61,2022-05-04,20,0.0,0.0
our_vol4,Our vol4 STNPP-GAT-HCL-ZINB,61,2022-05-04,50,0.1,7.0
our_vol4,Our vol4 STNPP-GAT-HCL-ZINB,61,2022-05-04,100,0.09,12.0
our_vol4,Our vol4 STNPP-GAT-HCL-ZINB,61,2022-05-04,500,0.064,36.0
our_vol4,Our vol4 STNPP-GAT-HCL-ZINB,62,2022-05-18,20,0.1,2.0
our_vol4,Our vol4 STNPP-GAT-HCL-ZINB,62,2022-05-18,50,0.12,8.0
our_vol4,Our vol4 STNPP-GAT-HCL-ZINB,62,2022-05-18,100,0.11,14.0
our_vol4,Our vol4 STNPP-GAT-HCL-ZINB,62,2022-05-18,500,0.072,40.0
our_vol4,Our vol4 STNPP-GAT-HCL-ZINB,63,2022-06-01,20,0.15,3.0
our_vol4,Our vol4 STNPP-GAT-HCL-ZINB,63,2022-06-01,50,0.1,5.0
our_vol4,Our vol4 STNPP-GAT-HCL-ZINB,63,2022-06-01,100,0.08,9.0
our_vol4,Our vol4 STNPP-GAT-HCL-ZINB,63,2022-06-01,500,0.058,30.0
our_vol4,Our vol4 STNPP-GAT-HCL-ZINB,64,2022-06-15,20,0.15,3.0
our_vol4,Our vol4 STNPP-GAT-HCL-ZINB,64,2022-06-15,50,0.16,8.0
our_vol4,Our vol4 STNPP-GAT-HCL-ZINB,64,2022-06-15,100,0.11,11.0
our_vol4,Our vol4 STNPP-GAT-HCL-ZINB,64,2022-06-15,500,0.07,38.0
our_vol4,Our vol4 STNPP-GAT-HCL-ZINB,65,2022-06-29,20,0.2,4.0
our_vol4,Our vol4 STNPP-GAT-HCL-ZINB,65,2022-06-29,50,0.14,7.0
our_vol4,Our vol4 STNPP-GAT-HCL-ZINB,65,2022-06-29,100,0.09,9.0
our_vol4,Our vol4 STNPP-GAT-HCL-ZINB,65,2022-06-29,500,0.036,20.0
our_vol4,Our vol4 STNPP-GAT-HCL-ZINB,66,2022-07-13,20,0.15,3.0
our_vol4,Our vol4 STNPP-GAT-HCL-ZINB,66,2022-07-13,50,0.18,9.0
our_vol4,Our vol4 STNPP-GAT-HCL-ZINB,66,2022-07-13,100,0.14,14.0
our_vol4,Our vol4 STNPP-GAT-HCL-ZINB,66,2022-07-13,500,0.064,33.0
our_vol4,Our vol4 STNPP-GAT-HCL-ZINB,67,2022-07-27,20,0.25,5.0
our_vol4,Our vol4 STNPP-GAT-HCL-ZINB,67,2022-07-27,50,0.2,11.0
our_vol4,Our vol4 STNPP-GAT-HCL-ZINB,67,2022-07-27,100,0.17,18.0
our_vol4,Our vol4 STNPP-GAT-HCL-ZINB,67,2022-07-27,500,0.088,46.0
our_vol4,Our vol4 STNPP-GAT-HCL-ZINB,68,2022-08-10,20,0.15,4.0
our_vol4,Our vol4 STNPP-GAT-HCL-ZINB,68,2022-08-10,50,0.14,8.0
our_vol4,Our vol4 STNPP-GAT-HCL-ZINB,68,2022-08-10,100,0.09,10.0
our_vol4,Our vol4 STNPP-GAT-HCL-ZINB,68,2022-08-10,500,0.048,25.0
our_vol4,Our vol4 STNPP-GAT-HCL-ZINB,69,2022-08-24,20,0.3,6.0
our_vol4,Our vol4 STNPP-GAT-HCL-ZINB,69,2022-08-24,50,0.22,11.0
our_vol4,Our vol4 STNPP-GAT-HCL-ZINB,69,2022-08-24,100,0.15,15.0
our_vol4,Our vol4 STNPP-GAT-HCL-ZINB,69,2022-08-24,500,0.07,36.0
our_vol4,Our vol4 STNPP-GAT-HCL-ZINB,70,2022-09-07,20,0.15,3.0
our_vol4,Our vol4 STNPP-GAT-HCL-ZINB,70,2022-09-07,50,0.08,4.0
our_vol4,Our vol4 STNPP-GAT-HCL-ZINB,70,2022-09-07,100,0.11,12.0
our_vol4,Our vol4 STNPP-GAT-HCL-ZINB,70,2022-09-07,500,0.06,33.0
our_vol4,Our vol4 STNPP-GAT-HCL-ZINB,71,2022-09-21,20,0.0,0.0
our_vol4,Our vol4 STNPP-GAT-HCL-ZINB,71,2022-09-21,50,0.08,4.0
our_vol4,Our vol4 STNPP-GAT-HCL-ZINB,71,2022-09-21,100,0.08,8.0
our_vol4,Our vol4 STNPP-GAT-HCL-ZINB,71,2022-09-21,500,0.054,28.0
our_vol4,Our vol4 STNPP-GAT-HCL-ZINB,72,2022-10-05,20,0.2,4.0
our_vol4,Our vol4 STNPP-GAT-HCL-ZINB,72,2022-10-05,50,0.12,6.0
our_vol4,Our vol4 STNPP-GAT-HCL-ZINB,72,2022-10-05,100,0.1,10.0
our_vol4,Our vol4 STNPP-GAT-HCL-ZINB,72,2022-10-05,500,0.056,29.0
our_vol4,Our vol4 STNPP-GAT-HCL-ZINB,73,2022-10-19,20,0.1,4.0
our_vol4,Our vol4 STNPP-GAT-HCL-ZINB,73,2022-10-19,50,0.06,5.0
our_vol4,Our vol4 STNPP-GAT-HCL-ZINB,73,2022-10-19,100,0.08,10.0
our_vol4,Our vol4 STNPP-GAT-HCL-ZINB,73,2022-10-19,500,0.054,30.0
our_vol4,Our vol4 STNPP-GAT-HCL-ZINB,74,2022-11-02,20,0.2,4.0
our_vol4,Our vol4 STNPP-GAT-HCL-ZINB,74,2022-11-02,50,0.16,8.0
our_vol4,Our vol4 STNPP-GAT-HCL-ZINB,74,2022-11-02,100,0.1,10.0
our_vol4,Our vol4 STNPP-GAT-HCL-ZINB,74,2022-11-02,500,0.066,33.0
our_vol4,Our vol4 STNPP-GAT-HCL-ZINB,75,2022-11-16,20,0.15,3.0
our_vol4,Our vol4 STNPP-GAT-HCL-ZINB,75,2022-11-16,50,0.12,6.0
our_vol4,Our vol4 STNPP-GAT-HCL-ZINB,75,2022-11-16,100,0.09,9.0
our_vol4,Our vol4 STNPP-GAT-HCL-ZINB,75,2022-11-16,500,0.064,33.0
our_vol4,Our vol4 STNPP-GAT-HCL-ZINB,76,2022-11-30,20,0.05,2.0
our_vol4,Our vol4 STNPP-GAT-HCL-ZINB,76,2022-11-30,50,0.04,3.0
our_vol4,Our vol4 STNPP-GAT-HCL-ZINB,76,2022-11-30,100,0.08,10.0
our_vol4,Our vol4 STNPP-GAT-HCL-ZINB,76,2022-11-30,500,0.056,32.0
our_vol4,Our vol4 STNPP-GAT-HCL-ZINB,77,2022-12-14,20,0.35,9.0
our_vol4,Our vol4 STNPP-GAT-HCL-ZINB,77,2022-12-14,50,0.24,15.0
our_vol4,Our vol4 STNPP-GAT-HCL-ZINB,77,2022-12-14,100,0.17,21.0
our_vol4,Our vol4 STNPP-GAT-HCL-ZINB,77,2022-12-14,500,0.076,45.0
our_vol4,Our vol4 STNPP-GAT-HCL-ZINB,78,2022-12-28,20,0.15,6.0
our_vol4,Our vol4 STNPP-GAT-HCL-ZINB,78,2022-12-28,50,0.12,10.0
our_vol4,Our vol4 STNPP-GAT-HCL-ZINB,78,2022-12-28,100,0.13,17.0
our_vol4,Our vol4 STNPP-GAT-HCL-ZINB,78,2022-12-28,500,0.074,43.0
our_vol4,Our vol4 STNPP-GAT-HCL-ZINB,79,2023-01-11,20,0.1,2.0
our_vol4,Our vol4 STNPP-GAT-HCL-ZINB,79,2023-01-11,50,0.1,6.0
our_vol4,Our vol4 STNPP-GAT-HCL-ZINB,79,2023-01-11,100,0.07,8.0
our_vol4,Our vol4 STNPP-GAT-HCL-ZINB,79,2023-01-11,500,0.046,27.0
our_vol4,Our vol4 STNPP-GAT-HCL-ZINB,80,2023-01-25,20,0.25,8.0
our_vol4,Our vol4 STNPP-GAT-HCL-ZINB,80,2023-01-25,50,0.16,11.0
our_vol4,Our vol4 STNPP-GAT-HCL-ZINB,80,2023-01-25,100,0.11,14.0
our_vol4,Our vol4 STNPP-GAT-HCL-ZINB,80,2023-01-25,500,0.064,40.0
our_vol4,Our vol4 STNPP-GAT-HCL-ZINB,81,2023-02-08,20,0.15,4.0
our_vol4,Our vol4 STNPP-GAT-HCL-ZINB,81,2023-02-08,50,0.12,7.0
our_vol4,Our vol4 STNPP-GAT-HCL-ZINB,81,2023-02-08,100,0.11,14.0
our_vol4,Our vol4 STNPP-GAT-HCL-ZINB,81,2023-02-08,500,0.062,34.0
our_vol4,Our vol4 STNPP-GAT-HCL-ZINB,82,2023-02-22,20,0.3,7.0
our_vol4,Our vol4 STNPP-GAT-HCL-ZINB,82,2023-02-22,50,0.18,10.0
our_vol4,Our vol4 STNPP-GAT-HCL-ZINB,82,2023-02-22,100,0.13,14.0
our_vol4,Our vol4 STNPP-GAT-HCL-ZINB,82,2023-02-22,500,0.06,32.0
our_vol4,Our vol4 STNPP-GAT-HCL-ZINB,83,2023-03-08,20,0.05,1.0
our_vol4,Our vol4 STNPP-GAT-HCL-ZINB,83,2023-03-08,50,0.06,3.0
our_vol4,Our vol4 STNPP-GAT-HCL-ZINB,83,2023-03-08,100,0.09,9.0
our_vol4,Our vol4 STNPP-GAT-HCL-ZINB,83,2023-03-08,500,0.05,25.0
our_vol4,Our vol4 STNPP-GAT-HCL-ZINB,84,2023-03-22,20,0.3,6.0
our_vol4,Our vol4 STNPP-GAT-HCL-ZINB,84,2023-03-22,50,0.18,9.0
our_vol4,Our vol4 STNPP-GAT-HCL-ZINB,84,2023-03-22,100,0.14,14.0
our_vol4,Our vol4 STNPP-GAT-HCL-ZINB,84,2023-03-22,500,0.062,31.0
our_vol4,Our vol4 STNPP-GAT-HCL-ZINB,85,2023-04-05,20,0.2,5.0
our_vol4,Our vol4 STNPP-GAT-HCL-ZINB,85,2023-04-05,50,0.18,10.0
our_vol4,Our vol4 STNPP-GAT-HCL-ZINB,85,2023-04-05,100,0.13,15.0
our_vol4,Our vol4 STNPP-GAT-HCL-ZINB,85,2023-04-05,500,0.058,32.0
our_vol4,Our vol4 STNPP-GAT-HCL-ZINB,86,2023-04-19,20,0.25,5.0
our_vol4,Our vol4 STNPP-GAT-HCL-ZINB,86,2023-04-19,50,0.16,8.0
our_vol4,Our vol4 STNPP-GAT-HCL-ZINB,86,2023-04-19,100,0.15,16.0
our_vol4,Our vol4 STNPP-GAT-HCL-ZINB,86,2023-04-19,500,0.056,30.0
our_vol4,Our vol4 STNPP-GAT-HCL-ZINB,87,2023-05-03,20,0.05,1.0
our_vol4,Our vol4 STNPP-GAT-HCL-ZINB,87,2023-05-03,50,0.04,2.0
our_vol4,Our vol4 STNPP-GAT-HCL-ZINB,87,2023-05-03,100,0.06,6.0
our_vol4,Our vol4 STNPP-GAT-HCL-ZINB,87,2023-05-03,500,0.052,26.0
our_vol4,Our vol4 STNPP-GAT-HCL-ZINB,88,2023-05-17,20,0.1,3.0
our_vol4,Our vol4 STNPP-GAT-HCL-ZINB,88,2023-05-17,50,0.04,3.0
our_vol4,Our vol4 STNPP-GAT-HCL-ZINB,88,2023-05-17,100,0.06,7.0
our_vol4,Our vol4 STNPP-GAT-HCL-ZINB,88,2023-05-17,500,0.052,28.0
our_vol4,Our vol4 STNPP-GAT-HCL-ZINB,89,2023-05-31,20,0.3,8.0
our_vol4,Our vol4 STNPP-GAT-HCL-ZINB,89,2023-05-31,50,0.18,12.0
our_vol4,Our vol4 STNPP-GAT-HCL-ZINB,89,2023-05-31,100,0.13,16.0
our_vol4,Our vol4 STNPP-GAT-HCL-ZINB,89,2023-05-31,500,0.076,42.0
our_vol4,Our vol4 STNPP-GAT-HCL-ZINB,90,2023-06-14,20,0.05,1.0
our_vol4,Our vol4 STNPP-GAT-HCL-ZINB,90,2023-06-14,50,0.1,5.0
our_vol4,Our vol4 STNPP-GAT-HCL-ZINB,90,2023-06-14,100,0.1,10.0
our_vol4,Our vol4 STNPP-GAT-HCL-ZINB,90,2023-06-14,500,0.062,33.0
our_vol4,Our vol4 STNPP-GAT-HCL-ZINB,91,2023-06-28,20,0.15,3.0
our_vol4,Our vol4 STNPP-GAT-HCL-ZINB,91,2023-06-28,50,0.08,4.0
our_vol4,Our vol4 STNPP-GAT-HCL-ZINB,91,2023-06-28,100,0.07,8.0
our_vol4,Our vol4 STNPP-GAT-HCL-ZINB,91,2023-06-28,500,0.042,22.0
our_vol4,Our vol4 STNPP-GAT-HCL-ZINB,92,2023-07-12,20,0.1,2.0
our_vol4,Our vol4 STNPP-GAT-HCL-ZINB,92,2023-07-12,50,0.1,5.0
our_vol4,Our vol4 STNPP-GAT-HCL-ZINB,92,2023-07-12,100,0.09,9.0
our_vol4,Our vol4 STNPP-GAT-HCL-ZINB,92,2023-07-12,500,0.06,31.0
our_vol4,Our vol4 STNPP-GAT-HCL-ZINB,93,2023-07-26,20,0.05,1.0
our_vol4,Our vol4 STNPP-GAT-HCL-ZINB,93,2023-07-26,50,0.06,4.0
our_vol4,Our vol4 STNPP-GAT-HCL-ZINB,93,2023-07-26,100,0.07,8.0
our_vol4,Our vol4 STNPP-GAT-HCL-ZINB,93,2023-07-26,500,0.034,19.0
our_vol4,Our vol4 STNPP-GAT-HCL-ZINB,94,2023-08-09,20,0.15,4.0
our_vol4,Our vol4 STNPP-GAT-HCL-ZINB,94,2023-08-09,50,0.14,8.0
our_vol4,Our vol4 STNPP-GAT-HCL-ZINB,94,2023-08-09,100,0.09,10.0
our_vol4,Our vol4 STNPP-GAT-HCL-ZINB,94,2023-08-09,500,0.042,22.0
our_vol4,Our vol4 STNPP-GAT-HCL-ZINB,95,2023-08-23,20,0.1,2.0
our_vol4,Our vol4 STNPP-GAT-HCL-ZINB,95,2023-08-23,50,0.08,4.0
our_vol4,Our vol4 STNPP-GAT-HCL-ZINB,95,2023-08-23,100,0.07,8.0
our_vol4,Our vol4 STNPP-GAT-HCL-ZINB,95,2023-08-23,500,0.044,23.0
our_vol4,Our vol4 STNPP-GAT-HCL-ZINB,96,2023-09-06,20,0.1,2.0
our_vol4,Our vol4 STNPP-GAT-HCL-ZINB,96,2023-09-06,50,0.06,3.0
our_vol4,Our vol4 STNPP-GAT-HCL-ZINB,96,2023-09-06,100,0.04,4.0
our_vol4,Our vol4 STNPP-GAT-HCL-ZINB,96,2023-09-06,500,0.04,20.0
our_vol4,Our vol4 STNPP-GAT-HCL-ZINB,97,2023-09-20,20,0.2,5.0
our_vol4,Our vol4 STNPP-GAT-HCL-ZINB,97,2023-09-20,50,0.12,7.0
our_vol4,Our vol4 STNPP-GAT-HCL-ZINB,97,2023-09-20,100,0.07,8.0
our_vol4,Our vol4 STNPP-GAT-HCL-ZINB,97,2023-09-20,500,0.064,35.0
our_vol4,Our vol4 STNPP-GAT-HCL-ZINB,98,2023-10-04,20,0.25,6.0
our_vol4,Our vol4 STNPP-GAT-HCL-ZINB,98,2023-10-04,50,0.16,9.0
our_vol4,Our vol4 STNPP-GAT-HCL-ZINB,98,2023-10-04,100,0.1,11.0
our_vol4,Our vol4 STNPP-GAT-HCL-ZINB,98,2023-10-04,500,0.056,31.0
our_vol4,Our vol4 STNPP-GAT-HCL-ZINB,99,2023-10-18,20,0.3,6.0
our_vol4,Our vol4 STNPP-GAT-HCL-ZINB,99,2023-10-18,50,0.18,9.0
our_vol4,Our vol4 STNPP-GAT-HCL-ZINB,99,2023-10-18,100,0.15,15.0
our_vol4,Our vol4 STNPP-GAT-HCL-ZINB,99,2023-10-18,500,0.058,29.0
our_vol4,Our vol4 STNPP-GAT-HCL-ZINB,100,2023-11-01,20,0.3,6.0
our_vol4,Our vol4 STNPP-GAT-HCL-ZINB,100,2023-11-01,50,0.14,7.0
our_vol4,Our vol4 STNPP-GAT-HCL-ZINB,100,2023-11-01,100,0.14,15.0
our_vol4,Our vol4 STNPP-GAT-HCL-ZINB,100,2023-11-01,500,0.068,36.0
our_vol4,Our vol4 STNPP-GAT-HCL-ZINB,101,2023-11-15,20,0.15,3.0
our_vol4,Our vol4 STNPP-GAT-HCL-ZINB,101,2023-11-15,50,0.16,10.0
our_vol4,Our vol4 STNPP-GAT-HCL-ZINB,101,2023-11-15,100,0.13,15.0
our_vol4,Our vol4 STNPP-GAT-HCL-ZINB,101,2023-11-15,500,0.062,34.0
our_vol4,Our vol4 STNPP-GAT-HCL-ZINB,102,2023-11-29,20,0.25,5.0
our_vol4,Our vol4 STNPP-GAT-HCL-ZINB,102,2023-11-29,50,0.2,10.0
our_vol4,Our vol4 STNPP-GAT-HCL-ZINB,102,2023-11-29,100,0.12,12.0
our_vol4,Our vol4 STNPP-GAT-HCL-ZINB,102,2023-11-29,500,0.078,40.0
our_vol4,Our vol4 STNPP-GAT-HCL-ZINB,103,2023-12-13,20,0.35,7.0
our_vol4,Our vol4 STNPP-GAT-HCL-ZINB,103,2023-12-13,50,0.18,9.0
our_vol4,Our vol4 STNPP-GAT-HCL-ZINB,103,2023-12-13,100,0.13,13.0
our_vol4,Our vol4 STNPP-GAT-HCL-ZINB,103,2023-12-13,500,0.066,35.0
our_vol4,Our vol4 STNPP-GAT-HCL-ZINB,104,2023-12-27,20,0.15,3.0
our_vol4,Our vol4 STNPP-GAT-HCL-ZINB,104,2023-12-27,50,0.18,9.0
our_vol4,Our vol4 STNPP-GAT-HCL-ZINB,104,2023-12-27,100,0.12,12.0
our_vol4,Our vol4 STNPP-GAT-HCL-ZINB,104,2023-12-27,500,0.058,29.0
our_vol4,Our vol4 STNPP-GAT-HCL-ZINB,105,2024-01-10,20,0.15,3.0
our_vol4,Our vol4 STNPP-GAT-HCL-ZINB,105,2024-01-10,50,0.14,8.0
our_vol4,Our vol4 STNPP-GAT-HCL-ZINB,105,2024-01-10,100,0.13,16.0
our_vol4,Our vol4 STNPP-GAT-HCL-ZINB,105,2024-01-10,500,0.064,36.0
our_vol4,Our vol4 STNPP-GAT-HCL-ZINB,106,2024-01-24,20,0.1,2.0
our_vol4,Our vol4 STNPP-GAT-HCL-ZINB,106,2024-01-24,50,0.08,4.0
our_vol4,Our vol4 STNPP-GAT-HCL-ZINB,106,2024-01-24,100,0.08,8.0
our_vol4,Our vol4 STNPP-GAT-HCL-ZINB,106,2024-01-24,500,0.052,27.0
our_vol4,Our vol4 STNPP-GAT-HCL-ZINB,107,2024-02-07,20,0.15,3.0
our_vol4,Our vol4 STNPP-GAT-HCL-ZINB,107,2024-02-07,50,0.06,3.0
our_vol4,Our vol4 STNPP-GAT-HCL-ZINB,107,2024-02-07,100,0.08,8.0
our_vol4,Our vol4 STNPP-GAT-HCL-ZINB,107,2024-02-07,500,0.056,31.0
our_vol4,Our vol4 STNPP-GAT-HCL-ZINB,108,2024-02-21,20,0.1,3.0
our_vol4,Our vol4 STNPP-GAT-HCL-ZINB,108,2024-02-21,50,0.06,4.0
our_vol4,Our vol4 STNPP-GAT-HCL-ZINB,108,2024-02-21,100,0.07,8.0
our_vol4,Our vol4 STNPP-GAT-HCL-ZINB,108,2024-02-21,500,0.054,29.0
our_vol4,Our vol4 STNPP-GAT-HCL-ZINB,109,2024-03-06,20,0.0,0.0
our_vol4,Our vol4 STNPP-GAT-HCL-ZINB,109,2024-03-06,50,0.08,4.0
our_vol4,Our vol4 STNPP-GAT-HCL-ZINB,109,2024-03-06,100,0.09,9.0
our_vol4,Our vol4 STNPP-GAT-HCL-ZINB,109,2024-03-06,500,0.056,30.0
our_vol4,Our vol4 STNPP-GAT-HCL-ZINB,110,2024-03-20,20,0.05,1.0
our_vol4,Our vol4 STNPP-GAT-HCL-ZINB,110,2024-03-20,50,0.04,2.0
our_vol4,Our vol4 STNPP-GAT-HCL-ZINB,110,2024-03-20,100,0.06,6.0
our_vol4,Our vol4 STNPP-GAT-HCL-ZINB,110,2024-03-20,500,0.048,24.0
our_vol4,Our vol4 STNPP-GAT-HCL-ZINB,111,2024-04-03,20,0.05,1.0
our_vol4,Our vol4 STNPP-GAT-HCL-ZINB,111,2024-04-03,50,0.04,2.0
our_vol4,Our vol4 STNPP-GAT-HCL-ZINB,111,2024-04-03,100,0.02,2.0
our_vol4,Our vol4 STNPP-GAT-HCL-ZINB,111,2024-04-03,500,0.032,16.0
our_vol4,Our vol4 STNPP-GAT-HCL-ZINB,112,2024-04-17,20,0.2,4.0
our_vol4,Our vol4 STNPP-GAT-HCL-ZINB,112,2024-04-17,50,0.1,5.0
our_vol4,Our vol4 STNPP-GAT-HCL-ZINB,112,2024-04-17,100,0.07,7.0
our_vol4,Our vol4 STNPP-GAT-HCL-ZINB,112,2024-04-17,500,0.044,22.0
our_vol4,Our vol4 STNPP-GAT-HCL-ZINB,113,2024-05-01,20,0.1,3.0
our_vol4,Our vol4 STNPP-GAT-HCL-ZINB,113,2024-05-01,50,0.12,8.0
our_vol4,Our vol4 STNPP-GAT-HCL-ZINB,113,2024-05-01,100,0.07,9.0
our_vol4,Our vol4 STNPP-GAT-HCL-ZINB,113,2024-05-01,500,0.046,25.0
our_vol4,Our vol4 STNPP-GAT-HCL-ZINB,114,2024-05-15,20,0.05,1.0
our_vol4,Our vol4 STNPP-GAT-HCL-ZINB,114,2024-05-15,50,0.08,4.0
our_vol4,Our vol4 STNPP-GAT-HCL-ZINB,114,2024-05-15,100,0.04,4.0
our_vol4,Our vol4 STNPP-GAT-HCL-ZINB,114,2024-05-15,500,0.034,17.0
our_vol4,Our vol4 STNPP-GAT-HCL-ZINB,115,2024-05-29,20,0.05,1.0
our_vol4,Our vol4 STNPP-GAT-HCL-ZINB,115,2024-05-29,50,0.08,4.0
our_vol4,Our vol4 STNPP-GAT-HCL-ZINB,115,2024-05-29,100,0.07,7.0
our_vol4,Our vol4 STNPP-GAT-HCL-ZINB,115,2024-05-29,500,0.03,16.0
our_vol4,Our vol4 STNPP-GAT-HCL-ZINB,116,2024-06-12,20,0.15,3.0
our_vol4,Our vol4 STNPP-GAT-HCL-ZINB,116,2024-06-12,50,0.06,3.0
our_vol4,Our vol4 STNPP-GAT-HCL-ZINB,116,2024-06-12,100,0.05,5.0
our_vol4,Our vol4 STNPP-GAT-HCL-ZINB,116,2024-06-12,500,0.032,18.0
our_vol4,Our vol4 STNPP-GAT-HCL-ZINB,117,2024-06-26,20,0.0,0.0
our_vol4,Our vol4 STNPP-GAT-HCL-ZINB,117,2024-06-26,50,0.08,5.0
our_vol4,Our vol4 STNPP-GAT-HCL-ZINB,117,2024-06-26,100,0.06,7.0
our_vol4,Our vol4 STNPP-GAT-HCL-ZINB,117,2024-06-26,500,0.032,17.0
our_vol4,Our vol4 STNPP-GAT-HCL-ZINB,118,2024-07-10,20,0.15,3.0
our_vol4,Our vol4 STNPP-GAT-HCL-ZINB,118,2024-07-10,50,0.14,7.0
our_vol4,Our vol4 STNPP-GAT-HCL-ZINB,118,2024-07-10,100,0.08,8.0
our_vol4,Our vol4 STNPP-GAT-HCL-ZINB,118,2024-07-10,500,0.028,16.0
our_vol4,Our vol4 STNPP-GAT-HCL-ZINB,119,2024-07-24,20,0.1,3.0
our_vol4,Our vol4 STNPP-GAT-HCL-ZINB,119,2024-07-24,50,0.08,5.0
our_vol4,Our vol4 STNPP-GAT-HCL-ZINB,119,2024-07-24,100,0.04,5.0
our_vol4,Our vol4 STNPP-GAT-HCL-ZINB,119,2024-07-24,500,0.044,24.0
our_vol4,Our vol4 STNPP-GAT-HCL-ZINB,120,2024-08-07,20,0.15,4.0
our_vol4,Our vol4 STNPP-GAT-HCL-ZINB,120,2024-08-07,50,0.06,4.0
our_vol4,Our vol4 STNPP-GAT-HCL-ZINB,120,2024-08-07,100,0.06,8.0
our_vol4,Our vol4 STNPP-GAT-HCL-ZINB,120,2024-08-07,500,0.04,22.0
our_vol4,Our vol4 STNPP-GAT-HCL-ZINB,121,2024-08-21,20,0.2,4.0
our_vol4,Our vol4 STNPP-GAT-HCL-ZINB,121,2024-08-21,50,0.08,4.0
our_vol4,Our vol4 STNPP-GAT-HCL-ZINB,121,2024-08-21,100,0.06,7.0
our_vol4,Our vol4 STNPP-GAT-HCL-ZINB,121,2024-08-21,500,0.056,29.0
our_vol4,Our vol4 STNPP-GAT-HCL-ZINB,122,2024-09-04,20,0.1,2.0
our_vol4,Our vol4 STNPP-GAT-HCL-ZINB,122,2024-09-04,50,0.04,2.0
our_vol4,Our vol4 STNPP-GAT-HCL-ZINB,122,2024-09-04,100,0.06,6.0
our_vol4,Our vol4 STNPP-GAT-HCL-ZINB,122,2024-09-04,500,0.032,16.0
our_vol4,Our vol4 STNPP-GAT-HCL-ZINB,123,2024-09-18,20,0.1,2.0
our_vol4,Our vol4 STNPP-GAT-HCL-ZINB,123,2024-09-18,50,0.08,5.0
our_vol4,Our vol4 STNPP-GAT-HCL-ZINB,123,2024-09-18,100,0.08,9.0
our_vol4,Our vol4 STNPP-GAT-HCL-ZINB,123,2024-09-18,500,0.03,16.0
our_vol4,Our vol4 STNPP-GAT-HCL-ZINB,124,2024-10-02,20,0.05,1.0
our_vol4,Our vol4 STNPP-GAT-HCL-ZINB,124,2024-10-02,50,0.08,4.0
our_vol4,Our vol4 STNPP-GAT-HCL-ZINB,124,2024-10-02,100,0.05,5.0
our_vol4,Our vol4 STNPP-GAT-HCL-ZINB,124,2024-10-02,500,0.038,19.0
our_vol4,Our vol4 STNPP-GAT-HCL-ZINB,125,2024-10-16,20,0.05,1.0
our_vol4,Our vol4 STNPP-GAT-HCL-ZINB,125,2024-10-16,50,0.06,3.0
our_vol4,Our vol4 STNPP-GAT-HCL-ZINB,125,2024-10-16,100,0.04,4.0
our_vol4,Our vol4 STNPP-GAT-HCL-ZINB,125,2024-10-16,500,0.032,16.0
our_vol4,Our vol4 STNPP-GAT-HCL-ZINB,126,2024-10-30,20,0.2,6.0
our_vol4,Our vol4 STNPP-GAT-HCL-ZINB,126,2024-10-30,50,0.12,8.0
our_vol4,Our vol4 STNPP-GAT-HCL-ZINB,126,2024-10-30,100,0.07,9.0
our_vol4,Our vol4 STNPP-GAT-HCL-ZINB,126,2024-10-30,500,0.034,19.0
our_vol4,Our vol4 STNPP-GAT-HCL-ZINB,127,2024-11-13,20,0.2,4.0
our_vol4,Our vol4 STNPP-GAT-HCL-ZINB,127,2024-11-13,50,0.14,8.0
our_vol4,Our vol4 STNPP-GAT-HCL-ZINB,127,2024-11-13,100,0.08,9.0
our_vol4,Our vol4 STNPP-GAT-HCL-ZINB,127,2024-11-13,500,0.042,23.0
our_vol4,Our vol4 STNPP-GAT-HCL-ZINB,128,2024-11-27,20,0.2,4.0
our_vol4,Our vol4 STNPP-GAT-HCL-ZINB,128,2024-11-27,50,0.14,8.0
our_vol4,Our vol4 STNPP-GAT-HCL-ZINB,128,2024-11-27,100,0.09,10.0
our_vol4,Our vol4 STNPP-GAT-HCL-ZINB,128,2024-11-27,500,0.026,14.0
