model,model_label,frame_index,forecast_date,mae,rmse,poisson_deviance,rmsle,mase,r2,pearson,spearman,residual_morans_i,brier_score,log_loss,probability_oe_ratio,count_oe_ratio,roc_auc,pr_auc_average_precision,poisson_log_likelihood,poisson_log_likelihood_per_event,centroid_distance_m,predicted_events,actual_events
our_vol2,Our vol2 ETAS-enhanced STNPP-GAT,0,2020-01-01,0.005579325877906763,0.05296445348565739,0.02895177336639576,0.03650074119268225,1.0066140123255778,0.011561887102765733,0.11095013107765096,0.07646606674297375,-0.0008950659946973273,0.0027001476253968614,0.01701610981369686,0.953067698609432,0.9550436033264407,0.8483314544397668,0.02593692824147702,-980.6825068532859,-6.2068513091980115,1233.9354279441557,165.43747264489502,158.0
our_vol2,Our vol2 ETAS-enhanced STNPP-GAT,1,2020-01-15,0.005818292353879834,0.05728783923555053,0.02989371019467261,0.038234233282669096,1.0023682420424007,0.01914029293653352,0.13885305001414147,0.08111882270570064,-0.0012438304533972113,0.0028557666839005634,0.01737721564530485,1.0153727690241001,1.0469527869019752,0.8582306534501141,0.038882394743422796,-1018.7920237908313,-5.888971235785152,478.5609481135414,165.2414532578132,173.0
our_vol2,Our vol2 ETAS-enhanced STNPP-GAT,2,2020-01-29,0.005934803515840302,0.05593680024270654,0.032007470949882204,0.038706553051340034,1.0043404581800472,0.012839969083397351,0.1146446023679563,0.08179722316084535,0.00070688165652191,0.0030759550177250337,0.019016022805734903,1.0884336563251242,1.082814221751546,0.848722969132159,0.027688487362555594,-1089.3515022014121,-6.085762582130794,1339.339608883225,165.30998245521005,179.0
our_vol2,Our vol2 ETAS-enhanced STNPP-GAT,3,2020-02-12,0.005598716720347306,0.053104574891796215,0.029245330499951865,0.03660840473633214,1.006252709709645,0.012403776335159322,0.11399915541789925,0.07595511803751621,0.0030119361656779594,0.002718773146566634,0.01723319613139669,0.9588223960439315,0.960675930088842,0.844982884339423,0.026505467131620622,-990.03817032426,-6.226655159272076,2235.319784664228,165.50846650784297,159.0
our_vol2,Our vol2 ETAS-enhanced STNPP-GAT,4,2020-02-26,0.005769070227198491,0.055676796083055514,0.030780213914714992,0.03793320727239965,1.0052372706053312,0.005835804183696336,0.0883005980976395,0.07776507364447714,-0.007056926900566135,0.002836268262633982,0.017729909124100635,0.9955945616464419,1.0151439312248716,0.84645992037639,0.019012128479784385,-1040.6468828586903,-6.1943266836826805,2937.306704405591,165.49377367334637,168.0
our_vol2,Our vol2 ETAS-enhanced STNPP-GAT,5,2020-03-11,0.005755520518731527,0.05427156920868769,0.03138734793838468,0.037533926760393396,1.0048115886702513,0.016570946086129856,0.1288986189757847,0.07677929806707369,0.0020131748978260825,0.0028928607017975902,0.018503887332828903,1.0256492045550776,1.020685895916025,0.8370339211989876,0.03497532581624058,-1061.7006308636523,-6.282252253631079,321.14116656591943,165.5749341459541,169.0
our_vol2,Our vol2 ETAS-enhanced STNPP-GAT,6,2020-03-25,0.005746020540391181,0.055469573962789204,0.03233040757578693,0.03778205957076347,1.005884800426748,0.007664753913712241,0.095380745229489,0.0718940943611463,0.003618387372452255,0.0028153500700229183,0.0185650102116356,0.9900825926475701,1.0096668441645706,0.8213166585652567,0.02186070574765054,-1083.7708201306116,-6.48964562952462,952.7870785604246,165.4010934054004,167.0
our_vol2,Our vol2 ETAS-enhanced STNPP-GAT,7,2020-04-08,0.005448562467675109,0.0523419666761694,0.029509206759710947,0.0357852174278224,1.007664614608584,0.004138700684405805,0.08543476742248297,0.06814264088735618,0.0042029914507438785,0.002530053212026478,0.01696546625481047,0.8847145190350005,0.8993635709254307,0.8221850294957486,0.01673994653079733,-986.1627178827928,-6.6185417307569985,1566.1112784517713,165.67270992161866,149.0
our_vol2,Our vol2 ETAS-enhanced STNPP-GAT,8,2020-04-22,0.005719369152761291,0.05446091699857034,0.030355826044388443,0.037387590398677194,1.0076148923243913,0.00983310852853636,0.10401011236865698,0.07688384497315752,0.0020117192887528414,0.002808707941534326,0.01773937967168207,0.9849118415171622,0.9924231148737673,0.8441626893636641,0.023580154118800368,-1026.9536130727706,-6.2239612913501245,362.7187536449633,166.25973088201135,165.0
our_vol2,Our vol2 ETAS-enhanced STNPP-GAT,9,2020-05-06,0.0057166069221533285,0.05463442107554034,0.029317173831970657,0.037346083445682896,1.0100899023998953,0.009357076942401066,0.10218687200369211,0.07942596219180635,-0.0043451471364086,0.0027751180034627744,0.017094198424132134,0.9683175361413812,0.9819277258218743,0.8580387262846373,0.027772283553158108,-995.6967886440569,-6.071321881975957,376.8721221595199,167.0184023602469,164.0
our_vol2,Our vol2 ETAS-enhanced STNPP-GAT,10,2020-05-20,0.0061591003427817126,0.058427096086354595,0.033651180389672644,0.03998846374823608,1.0104871100685846,0.010385146852245897,0.10450212904733866,0.08269470712705916,0.0050485837818716375,0.003204708379207524,0.019610485065331362,1.1144109775451754,1.126312087166873,0.8469997913743289,0.02459268628330119,-1144.0577842992075,-6.053215789942897,740.6919724538217,167.8042899063712,189.0
our_vol2,Our vol2 ETAS-enhanced STNPP-GAT,11,2020-06-03,0.005607141616400054,0.05225663878463765,0.03057586808543759,0.03623883750269362,1.017469019626441,0.007179838673014083,0.096975122158832,0.06927820204411829,0.009353965976694705,0.0026804334962785563,0.017923737206680113,0.919716272483107,0.9156066612993194,0.818711725278227,0.019601578875207172,-1024.6030740692927,-6.610342413350275,1438.7803656940378,169.28666702800365,155.0
our_vol2,Our vol2 ETAS-enhanced STNPP-GAT,12,2020-06-17,0.006465177540006132,0.0609468932820195,0.03547239161885356,0.041517503527248395,1.0165231182142966,0.01309182406249465,0.11514100673357368,0.08786884671205623,0.031643159448509886,0.0034700329088292003,0.020895939061738596,1.1937416314525156,1.2042381880658528,0.8544598079306953,0.028164599328586094,-1211.778047085342,-5.9111124248065465,1349.5398028145144,170.23210360838493,205.0
our_vol2,Our vol2 ETAS-enhanced STNPP-GAT,13,2020-07-01,0.006612310637686806,0.06222767551784611,0.04329840191569303,0.04237060176876523,1.021454929690321,0.0080121334976192,0.0942049213376012,0.07011342862531507,0.006081237032860778,0.003557516577799298,0.024441254076006353,1.2073586805152046,1.229177594969844,0.7809789465265338,0.022137980277370226,-1439.2651798439688,-6.821161989781842,256.6465672962718,171.65949075501703,211.0
our_vol2,Our vol2 ETAS-enhanced STNPP-GAT,14,2020-07-15,0.006040002701566847,0.05671753093955145,0.03444410321050377,0.03882697012654358,1.0244782008363678,0.007169607633765951,0.09343929268268437,0.07297965750992197,0.008869906994774633,0.0030063579688346257,0.01965361124724612,1.014305055213601,1.0265506391515038,0.8189313029501014,0.02052703500381008,-1154.6271430099343,-6.523317192146521,3139.2039390675977,172.42208347977794,177.0
our_vol2,Our vol2 ETAS-enhanced STNPP-GAT,15,2020-07-29,0.005776826433446282,0.05357782725058823,0.03229737439722912,0.03698009843394738,1.027507040228108,0.006873218440496709,0.09489499208985527,0.06749051581792286,0.005897879213159277,0.0027652251393787425,0.01872169178473533,0.927970376467467,0.9295092495884982,0.8081381551658122,0.02643884851281307,-1078.910021794411,-6.701304483195099,1270.6175140451728,173.20968034613543,161.0
our_vol2,Our vol2 ETAS-enhanced STNPP-GAT,16,2020-08-12,0.005675775182331019,0.05325352302509562,0.030457823781516038,0.03634962920008281,1.0298171658700674,0.006990750401618895,0.09543024831107341,0.06830460859006429,0.0032209717899514007,0.0026433004746464523,0.017598390602296555,0.8862916244795306,0.8941249124432018,0.8194510880901064,0.02677132452826275,-1019.7390426278456,-6.578961565340939,295.07499365518726,173.35385452627816,155.0
our_vol2,Our vol2 ETAS-enhanced STNPP-GAT,17,2020-08-26,0.005870822256561021,0.05547390874007911,0.0322872917976572,0.03778869980515971,1.0256405850715102,0.007509651934087702,0.09510934667030661,0.07171404740649662,0.00196542426936246,0.0028147002414109245,0.018282947119046013,0.9484496810637898,0.967384795750873,0.8251332382912876,0.021186820821437715,-1082.543594179816,-6.4822969711366225,532.9182592530242,172.6303749382132,167.0
our_vol2,Our vol2 ETAS-enhanced STNPP-GAT,18,2020-09-09,0.005471267219190153,0.051047122589323576,0.029033814449498513,0.035080135123291965,1.0313413517321053,0.002017698562464587,0.08040229929360329,0.06337580020982163,0.016052474445827285,0.0024480362434328214,0.016708974406197286,0.8190965315444623,0.8278084490746891,0.8092284702987858,0.018050055284770623,-967.3245360416211,-6.7645072450463015,1701.44201947491,172.7452771952776,143.0
our_vol2,Our vol2 ETAS-enhanced STNPP-GAT,19,2020-09-23,0.00559541498133962,0.05301783536403312,0.02989001729067878,0.036030379055855745,1.0273733561220968,0.0036356603787145447,0.0830413602873434,0.0664758807724643,0.0012714721513861192,0.002565967048689038,0.017140725671749117,0.8635006995537036,0.877713834811983,0.81659753721848,0.01669159709412328,-998.8841353953394,-6.6151267244724465,315.6102948416276,172.03784879652267,151.0
our_vol2,Our vol2 ETAS-enhanced STNPP-GAT,20,2020-10-07,0.00557915168101038,0.05188596274661644,0.027955544485916823,0.03578797288533538,1.0247854825551839,0.008688699002229683,0.10169478735961489,0.07351946062508302,0.007481632852202931,0.002588445402379765,0.01642486758149977,0.8762140237797535,0.8787455354643977,0.8478063391128192,0.023436150006090416,-945.3263461137738,-6.260439378236912,686.5076831669704,171.83586590878076,151.0
our_vol2,Our vol2 ETAS-enhanced STNPP-GAT,21,2020-10-21,0.005976295356413018,0.05736097977397407,0.03157439651392084,0.038623806403525966,1.0220089579135652,0.011412352962383854,0.10854701368766911,0.07726669607877319,-0.0005227879850755328,0.002878923277788072,0.01798351355602472,0.9758162089161619,1.012251349929139,0.8466226386138624,0.022911050283733716,-1067.1726577295062,-6.133176193847737,1843.846202403086,171.8940656509676,174.0
our_vol2,Our vol2 ETAS-enhanced STNPP-GAT,22,2020-11-04,0.005831746862404265,0.05456531642891014,0.031234193843506956,0.03749627798528353,1.0244562423457548,0.006033248153021087,0.08985716718007132,0.07338413597438062,-0.0025433639617151228,0.0028208296557875033,0.01821532307199428,0.9519219189854855,0.9594764435144426,0.8331226966712446,0.018509974803619853,-1051.9550349229803,-6.375485060139274,683.4625552200415,171.9687868475703,165.0
our_vol2,Our vol2 ETAS-enhanced STNPP-GAT,23,2020-11-18,0.0062580920798975224,0.06028860506178268,0.03502648965630437,0.04037134459276342,1.023323405131758,0.011713383087131657,0.10910381288459316,0.07627144771360024,-0.00013624884287511397,0.0031453206008776233,0.020082975577624704,1.0646597399237168,1.1059739846694232,0.8274324298273611,0.023849790002838656,-1180.6203806715234,-6.213791477218544,1082.779292940889,171.79427602611395,190.0
our_vol2,Our vol2 ETAS-enhanced STNPP-GAT,24,2020-12-02,0.0062449307457527635,0.05938967237434677,0.03482751351412977,0.040042055287268404,1.0195818106298904,0.017469492906082018,0.13263386182716316,0.07852325684619267,0.00038101175748179734,0.0032011462942904538,0.020302969729667313,1.0932941580779472,1.1110476691372762,0.8327038459796476,0.037336461188443845,-1178.61162893532,-6.170741512750366,118.99945584412461,171.90981566822484,191.0
our_vol2,Our vol2 ETAS-enhanced STNPP-GAT,25,2020-12-16,0.005839497728599519,0.05688911469708144,0.030266858933460542,0.03778256809809099,1.0237192875210277,0.006894439479689041,0.09118131108076308,0.07636785782610934,0.004000642748716254,0.0027646644762672357,0.017197974034951304,0.9364065022913809,0.9675353495721882,0.8497669317641969,0.019182760708826893,-1022.3610269161827,-6.158801366964956,1204.3621636154687,171.56995873422056,166.0
our_vol2,Our vol2 ETAS-enhanced STNPP-GAT,26,2020-12-30,0.005830977829040012,0.05647738870492208,0.0296365615821302,0.037833306393199075,1.020972147447559,0.0105503065800171,0.10550478531074389,0.07674712503823768,0.008648486691187536,0.002724209260800065,0.01690498282461569,0.9254746611996602,0.9684102879799289,0.8533565992624166,0.022890831821568394,-1003.3219459679235,-6.044108108240503,177.2288172479111,171.4149488707626,166.0
our_vol2,Our vol2 ETAS-enhanced STNPP-GAT,27,2021-01-13,0.00591427151009373,0.054705153335136196,0.03206835719455136,0.037909951986295466,1.0250601445430239,0.0065864713405912045,0.09179238591179953,0.07476794104973775,0.007186377564987881,0.0029388452929520296,0.0187672239545795,0.9931823572362694,0.9886667404146656,0.8319807274776685,0.019227182431788482,-1082.0845378265526,-6.365203163685604,2361.592321552346,171.9487397024186,170.0
our_vol2,Our vol2 ETAS-enhanced STNPP-GAT,28,2021-01-27,0.005476714412425957,0.051363812511493225,0.026852809363430725,0.035071854345936494,1.0262898617961163,0.016009289370180202,0.12783609156185632,0.0717645341391403,0.0005651383616318366,0.0024415251966525904,0.015677746590496824,0.8263707373205726,0.8409120374458664,0.8487916435301579,0.03095269252897058,-906.5523505937706,-6.252085176508762,800.1689024152035,172.43182823308598,145.0
our_vol2,Our vol2 ETAS-enhanced STNPP-GAT,29,2021-02-10,0.006167885649103621,0.05750757495231029,0.03349689027267779,0.039462528253655864,1.0202097999480444,0.016342284923823946,0.12790501283509118,0.07981424971175442,-0.0002811917858552493,0.0031519016363109466,0.019711941220429612,1.0727970925101185,1.0789025920206594,0.8402291299279901,0.03660636735815956,-1137.3592947346845,-6.114834917928411,1896.4991029426628,172.3973984079912,186.0
our_vol2,Our vol2 ETAS-enhanced STNPP-GAT,30,2021-02-24,0.006015707253371556,0.05635741447758869,0.03327182238437729,0.03856508505588185,1.0259470075961974,0.009058730557102712,0.10044964532305675,0.07352150002030565,-0.0018121429201396718,0.002967574027664386,0.01930043005702151,0.9977679945813398,1.0102677971409164,0.8239696635108573,0.024698372199775748,-1119.2599277154834,-6.395771015517048,448.512480986266,173.22139782665,175.0
our_vol2,Our vol2 ETAS-enhanced STNPP-GAT,31,2021-03-10,0.006039738977122616,0.05770160268781476,0.03225621936061704,0.03887203977343096,1.0279087573544905,0.01002238243375353,0.10347249687703029,0.07599544307798661,0.0017590976111649516,0.002914557100370276,0.018333657380180043,0.9780752218134535,1.0137590148437081,0.837663882128196,0.023507531316778976,-1088.5797223264437,-6.185112058672976,2074.1888054187625,173.61127982386824,176.0
our_vol2,Our vol2 ETAS-enhanced STNPP-GAT,32,2021-03-24,0.005665781374214598,0.052727890454218336,0.029557002674034105,0.03620884918825664,1.030899144869024,0.008229042129151765,0.10022609472316962,0.07112255432247365,-0.0007061582667865035,0.0026233073813970837,0.01705645483679037,0.8776008430069001,0.8854946290008645,0.8334201350817947,0.02229038944415829,-993.21630407069,-6.449456519939545,1739.8867379569767,173.91409835400555,154.0
our_vol2,Our vol2 ETAS-enhanced STNPP-GAT,33,2021-04-07,0.005447833467658249,0.050337964156359195,0.027918567325081266,0.0347171265672454,1.0316083565449918,0.00959767679104806,0.10710416927125473,0.066330101671881,0.014105326861641811,0.002429388222373416,0.01623668239372479,0.8152885224133213,0.8181073016458421,0.8226821908434778,0.0295505499378655,-935.2738466963307,-6.586435540115005,677.9239388773849,173.57136370049375,142.0
our_vol2,Our vol2 ETAS-enhanced STNPP-GAT,34,2021-04-21,0.005861337568883331,0.05534818352563676,0.02979539591919091,0.0377111504585378,1.0273955406609725,0.006407112121131986,0.09140669349183049,0.07966686116294186,-0.0004960030748868982,0.0028009149555870316,0.01715544795194771,0.9412962679899206,0.9601658709780512,0.8609278189660813,0.018623828072294103,-1010.6155158430906,-6.0880452761631965,1777.9356842077996,172.88679489399874,166.0
our_vol2,Our vol2 ETAS-enhanced STNPP-GAT,35,2021-05-05,0.005947288868278444,0.05618689428681279,0.03449981661650873,0.03831890504266454,1.026002967872264,0.004264459231562379,0.08279870970938341,0.06769730588466087,0.01144819005220009,0.002894476981030078,0.019614039242668205,0.9729503862200161,0.9915236430253352,0.8014652114562797,0.016244951234017382,-1149.5197943611965,-6.722337978720447,554.5122752343533,172.4618481897669,171.0
our_vol2,Our vol2 ETAS-enhanced STNPP-GAT,36,2021-05-19,0.005633330164348281,0.053057601229368485,0.029437827002905086,0.03626572677094191,1.0248098244865698,0.008216707423528535,0.09999163367338795,0.07035164290685153,0.00339184000753179,0.0026055840331288766,0.01697485672487816,0.8812453922599224,0.8949877530983948,0.8291166610892908,0.021760944685087193,-989.1310001749491,-6.422928572564604,346.46344763159567,172.0693936502048,154.0
our_vol2,Our vol2 ETAS-enhanced STNPP-GAT,37,2021-06-02,0.005453473410984109,0.05150989683557462,0.028532550115231484,0.035190930828562,1.0187684566174682,0.0104041746020761,0.10851461528534906,0.06687125663570025,0.007023703059068362,0.002449494587527501,0.01645932773424656,0.834919641283592,0.8494401686151185,0.8221197763008713,0.029971367182308917,-954.3636514826514,-6.581818286087251,1556.4786981982022,170.70066304540342,145.0
our_vol2,Our vol2 ETAS-enhanced STNPP-GAT,38,2021-06-16,0.005737452241295379,0.055221542260400394,0.03035531918604559,0.0372772519208515,1.018063110396975,0.011078612931213483,0.10858273916123992,0.07378960966229574,-0.0026587950519278074,0.0026886444214615315,0.017247930701711156,0.9203843863136476,0.9516126855596139,0.8384523379312382,0.024949303619565294,-1021.1665973880891,-6.303497514741291,993.5510216846344,170.23732707465206,162.0
our_vol2,Our vol2 ETAS-enhanced STNPP-GAT,39,2021-06-30,0.006377007718918926,0.06040452212773595,0.036366565522487904,0.04113746890804327,1.0127892044986306,0.012270648839224019,0.11174325034760332,0.08460218261821052,0.011149160226357376,0.0034027793663759997,0.021079697332687268,1.1785102417552542,1.1895062031771861,0.8437574994564151,0.02745118502418784,-1233.2293659914385,-6.13546948254447,1770.7584708248303,168.97768121185618,201.0
our_vol2,Our vol2 ETAS-enhanced STNPP-GAT,40,2021-07-14,0.0060815648960793256,0.058437658919615575,0.03372712131412268,0.039477290655529886,1.0145037689806362,0.010224916765530168,0.10401574755617235,0.08044531328339521,0.004485441922503762,0.00306698878182161,0.019087897105052896,1.0570356305157187,1.0810323288430266,0.8449137609198836,0.023221049698723344,-1138.715251405515,-6.222487712598442,2214.3790558375495,169.28263393922316,183.0
our_vol2,Our vol2 ETAS-enhanced STNPP-GAT,41,2021-07-28,0.00578589208421386,0.053976401613354055,0.028950226138941184,0.037349768910272065,1.01291579368019,0.015761749099564515,0.126152262049629,0.0828520946567139,0.00515658290108178,0.002861698109272263,0.017289174343316456,0.9918352494481538,0.9869697623286137,0.8668002465633221,0.036551903491029686,-990.3316145251925,-5.930129428294566,830.4765872803493,169.2047784787119,167.0
our_vol2,Our vol2 ETAS-enhanced STNPP-GAT,42,2021-08-11,0.0057035609819528444,0.05440409602148086,0.027906075036564754,0.03696772123213937,1.0158417647624591,0.012030897966345822,0.11262068345219181,0.08206315539881164,-0.0038865318989084663,0.002720700807524903,0.016440836672172533,0.9365337633413032,0.9499267526080891,0.8736651636001341,0.0231969658886106,-952.4141950453646,-5.91561611829419,426.50579650347646,169.48675206584448,161.0
our_vol2,Our vol2 ETAS-enhanced STNPP-GAT,43,2021-08-25,0.005814701360394798,0.05585070277299623,0.030848312811252627,0.037751244227035546,1.0184464574902288,0.010826299951257279,0.10772704260165507,0.07498137349157763,-0.0009471922730693008,0.0027632084871255635,0.017686499942804038,0.9429768046140662,0.973660344528468,0.839369265526508,0.025306947515594196,-1039.1989214391695,-6.260234466501021,1560.747277156441,170.4906653874168,166.0
our_vol2,Our vol2 ETAS-enhanced STNPP-GAT,44,2021-09-08,0.005965388777849989,0.05526017989770228,0.032614941350730564,0.038248471924882815,1.0180469287292977,0.014874378405275834,0.1228425807504805,0.07754488287893119,-0.004451666178228106,0.003001854532764906,0.0192542588483666,1.0254662825757621,1.0199636921667155,0.8359472515605535,0.03446101089950743,-1102.6422359559592,-6.3008127768911955,523.5358303325752,171.57473481065426,175.0
our_vol2,Our vol2 ETAS-enhanced STNPP-GAT,45,2021-09-22,0.006442538838750202,0.05951736244342522,0.03727244041629034,0.041040481520805375,1.0219180410978757,0.012907387459937913,0.11476179807075815,0.08116075794629331,0.008830918795517532,0.0034375261106572253,0.021935292132923227,1.1636676093687561,1.1622862200841135,0.8291696460018325,0.027531931544376175,-1260.5178134279604,-6.271232902626669,2350.5634263921847,172.9350279877308,201.0
our_vol2,Our vol2 ETAS-enhanced STNPP-GAT,46,2021-10-06,0.006356638714456981,0.060541656658497665,0.03417805346416814,0.040628720876447186,1.0262977254206476,0.017321694532558718,0.1317969413809763,0.08437555299125594,0.0017313180589296185,0.003216636734109306,0.019573623568747985,1.0818355027208222,1.1153902625225827,0.8532491296258947,0.04304776872242331,-1162.1640642972138,-5.959815714344686,717.1419541568423,174.82670106782643,195.0
our_vol2,Our vol2 ETAS-enhanced STNPP-GAT,47,2021-10-20,0.006175180986264844,0.05700937564397732,0.0337328184922823,0.03916980841867092,1.0333508506118312,0.012813376451726977,0.11540523786818561,0.0774399889714388,0.008812829931955852,0.00309385137452199,0.019720702506324937,1.0258093133702975,1.0310732430221365,0.8317657836881905,0.03117969553380112,-1140.0746376133975,-6.264146360513173,2857.7566005755484,176.51510329813937,182.0
our_vol2,Our vol2 ETAS-enhanced STNPP-GAT,48,2021-11-03,0.006478679171940426,0.05966493236030129,0.03536064736600617,0.04081710614021507,1.0352253000955245,0.017690809074371483,0.13314730207416953,0.08382410280025213,0.003695571874136982,0.0033518533219820683,0.020752981946306443,1.1072806327800087,1.11696595572313,0.8447443852065583,0.03605164385552041,-1202.715197580077,-6.043794962713955,1882.6727749607571,178.16120444885564,199.0
our_vol2,Our vol2 ETAS-enhanced STNPP-GAT,49,2021-11-17,0.006219216904932186,0.05899883394583366,0.03318548239890876,0.03931851673202501,1.0435134260351662,0.011323237640749273,0.10960797937379085,0.07832547249382753,0.0024207226293671688,0.0030143717541797448,0.019102350227222797,0.9800473832777908,1.0075783443619943,0.8413535686300243,0.025425530994495172,-1120.435265924968,-6.190250087983249,1489.4374781039107,179.63863655149362,181.0
our_vol2,Our vol2 ETAS-enhanced STNPP-GAT,50,2021-12-01,0.007420597196701341,0.0682135643036553,0.045861761849472306,0.04592001697350509,1.0350496640173357,0.02214224949106558,0.1543147540391944,0.08507517007458794,-0.0023207418944057325,0.004164432856974761,0.02650076486575335,1.3597358918158111,1.3935305749306348,0.814052847451455,0.053077294954922964,-1551.0301507417594,-6.154881550562537,970.3285978258584,180.83564475256935,252.0
our_vol2,Our vol2 ETAS-enhanced STNPP-GAT,51,2021-12-15,0.006332139177993631,0.058427266695906976,0.032825860667020965,0.03968457270990904,1.0480171455526304,0.015491916364191116,0.1252649889008892,0.08218263638114488,0.004619352061806959,0.003102158382882603,0.019043227697691935,0.999513622621282,1.0205454917513288,0.8526914785509954,0.03387869091000567,-1116.1800020123915,-6.000967752754793,293.74325276410406,182.2554717093608,186.0
our_vol2,Our vol2 ETAS-enhanced STNPP-GAT,52,2021-12-29,0.006701307145622378,0.06238101594334582,0.038776887463424684,0.04188806812379109,1.0519489505925337,0.012202480166930596,0.11230091811097649,0.07606739997011139,-0.004082208081024086,0.003398533012246213,0.02214950119305528,1.0815581071424631,1.1176795906576307,0.8134189672061382,0.02439431439079817,-1302.3698286544927,-6.35302355441216,1560.3287471517071,183.41571387143267,205.0
our_vol2,Our vol2 ETAS-enhanced STNPP-GAT,53,2022-01-12,0.0067814561289587984,0.062153383245265835,0.035839158144789794,0.04212024232850343,1.049913633043265,0.019206655850713128,0.13895115834686692,0.0865449244373188,0.002703953933289359,0.003500668297556987,0.02095665826490065,1.1204403231183389,1.144949752324135,0.8500845439810181,0.0427654392540735,-1226.2558475903047,-5.81163908810571,326.8556334045048,184.28756333777164,211.0
our_vol2,Our vol2 ETAS-enhanced STNPP-GAT,54,2022-01-26,0.006305653295739055,0.059857391717479586,0.033051644684872594,0.03931684319808762,1.0617680819818427,0.007139549431259384,0.09502797725204595,0.07690644632204599,0.0019958319257953406,0.00300870450841828,0.018975759505208894,0.9459552635812042,0.9723847594598677,0.8381644969741635,0.02087602950042375,-1115.4263491268027,-6.19681305070446,2509.7366652693217,185.11190991926378,180.0
our_vol2,Our vol2 ETAS-enhanced STNPP-GAT,55,2022-02-09,0.006508866207270919,0.05927142368124038,0.03728641607633233,0.0403404612663523,1.0608721595968975,0.01653334194585465,0.1290222262061546,0.07171338855482866,-0.0029877198853331685,0.0032175792671435975,0.021421316550864464,1.0126157191939795,1.0326878843267764,0.8045875495768076,0.03286879833488115,-1249.1430209053258,-6.505953233881905,1552.4600622727803,185.92258407792542,192.0
our_vol2,Our vol2 ETAS-enhanced STNPP-GAT,56,2022-02-23,0.006075584827139793,0.05555365270591405,0.030075322500990983,0.03766225367096009,1.0657690434173437,0.010294060975829744,0.1093545720650378,0.07654726161786625,-7.54546797941608e-05,0.002791954883227191,0.01745884522846224,0.8742541796033327,0.8905286523325886,0.8496777552305278,0.02479416374079086,-1018.4654230685007,-6.135333873906631,2687.168222221437,186.40613029708948,166.0
our_vol2,Our vol2 ETAS-enhanced STNPP-GAT,57,2022-03-09,0.006450730555661766,0.05844756929440371,0.03610325720589563,0.039953502556552084,1.0658985743078948,0.004723342533900943,0.08817971427395374,0.07291469455139755,0.0022243053032923532,0.0031552354590635634,0.020709195198364554,0.9793188567289057,0.99414615063013,0.8144990578351179,0.01783859111511885,-1210.1593255772104,-6.506232933210809,214.67260260675968,187.0952272783088,186.0
our_vol2,Our vol2 ETAS-enhanced STNPP-GAT,58,2022-03-23,0.006709406809197965,0.059933886777876845,0.03514158534082343,0.041182907521334466,1.0619120927903292,0.018198412176791523,0.13506612326517764,0.08565662286372555,0.0078996843800003,0.0034356296533188573,0.020768129641258872,1.0763476811413235,1.0790784323554874,0.8518700971318774,0.04241818189135332,-1201.1730728068478,-5.917108733038659,1376.1916842311753,188.12348937127535,203.0
our_vol2,Our vol2 ETAS-enhanced STNPP-GAT,59,2022-04-06,0.006839031327400729,0.06080158647242869,0.03706822967625835,0.04179324965210848,1.0635352357068375,0.01765872692952719,0.13316076071775101,0.08324983035921808,0.004042905343004508,0.0035410582563553863,0.02186709369762349,1.1004119446074783,1.1025602264758685,0.837392847600322,0.040038061835101744,-1262.0121138484997,-6.038335472959329,827.6130769080904,189.5588059330148,209.0
our_vol2,Our vol2 ETAS-enhanced STNPP-GAT,60,2022-04-20,0.006804595846067073,0.06217602123380684,0.0376618260546996,0.04170182995583879,1.068185451394133,0.01868395690522273,0.13674930362507215,0.07883939466647782,0.0017927194017077874,0.0033711456237262767,0.021377339955763627,1.036728170112682,1.0706708372931621,0.8279557949636288,0.04530237057987297,-1270.6312782472462,-6.19820135730364,1506.5167757878212,191.46874357601337,205.0
our_vol2,Our vol2 ETAS-enhanced STNPP-GAT,61,2022-05-04,0.007197683228861587,0.06557335584062432,0.037842039139784636,0.043779736186217104,1.0701374792746807,0.017359766528750042,0.13204844196020907,0.08865631334836079,0.01554338675025069,0.0037184946539068845,0.022001822289387764,1.133548175107899,1.1708874391546495,0.8516836419480969,0.03363703921511259,-1295.9498431783477,-5.734291341497114,1002.5420153115601,193.01599149715548,226.0
our_vol2,Our vol2 ETAS-enhanced STNPP-GAT,62,2022-05-18,0.006893464712759388,0.061080513038056485,0.0355020135024874,0.041662183031534655,1.0753527911910936,0.02234902546553119,0.14967501886884685,0.08561916389521762,-0.00761883335015434,0.0035005860302855163,0.021095705953620477,1.0636282619087463,1.0704615664178503,0.8495989972598176,0.04361918870158107,-1215.621189570154,-5.844332642164202,498.9922138662988,194.30870432466145,208.0
our_vol2,Our vol2 ETAS-enhanced STNPP-GAT,63,2022-06-01,0.006979317861410433,0.06254296786974753,0.03662258435520318,0.042320386424612215,1.077901094167124,0.015652938786712034,0.12613134228579428,0.08443499494989153,-0.002311210964938055,0.0034969577810203155,0.021194870654546838,1.0524632122732476,1.0796929462600178,0.8457866853692741,0.03618996732719489,-1247.861752349846,-5.914036740994531,354.68393952711773,195.425931725209,211.0
our_vol2,Our vol2 ETAS-enhanced STNPP-GAT,64,2022-06-15,0.006969498565090732,0.061724878065253654,0.035288929456319625,0.04200403472660708,1.0821162391777133,0.019598561757970256,0.14011063866353327,0.08736080674896378,0.0024428404136313422,0.0034994335310090307,0.020733830766743528,1.0503981049896531,1.0670656651569275,0.8571063264789016,0.04026985961442733,-1210.2875604965939,-5.763274097602828,1073.3194383967477,196.80138426074882,210.0
our_vol2,Our vol2 ETAS-enhanced STNPP-GAT,65,2022-06-29,0.006778215967241119,0.0597614406975753,0.03689147660867646,0.04084270929066453,1.0870903688560942,0.014576912637525141,0.1238622822827015,0.07755402716583479,0.002748457279562802,0.003312517451533977,0.021258987780442617,0.9841855450663385,0.9962827118103648,0.826825739549367,0.04145891088337959,-1243.5948085482628,-6.31266400278306,1626.1901567758375,197.73503812188756,197.0
our_vol2,Our vol2 ETAS-enhanced STNPP-GAT,66,2022-07-13,0.006851867521155293,0.06148067577625456,0.034238734213185414,0.04135191041582857,1.0865889152307835,0.018726302635275083,0.1372779401530278,0.08544886638219251,-0.00812516846704316,0.0033293551568251874,0.01985288520606604,0.9932962225705919,1.0202303298353381,0.8581683309101541,0.04115622049639965,-1170.891250796867,-5.79649134057855,777.7582731486686,197.9945058412468,202.0
our_vol2,Our vol2 ETAS-enhanced STNPP-GAT,67,2022-07-27,0.007257393816028147,0.06295604079354064,0.03834100123907932,0.04324335841226242,1.0790583473326696,0.02786258126402441,0.16880065069431782,0.09100782714492321,-0.0009620940672416938,0.0038129082285136106,0.022731896831151375,1.142683897195714,1.1421551572526265,0.8551286417826217,0.05916396754151481,-1316.239647226854,-5.798412542849577,548.2279466251293,198.74707788916567,227.0
our_vol2,Our vol2 ETAS-enhanced STNPP-GAT,68,2022-08-10,0.00639908522447029,0.05776044641670567,0.031770011029296996,0.03855447597449151,1.1006334044904929,0.013250922461227721,0.1217329933397772,0.0774513969380469,0.002865673207738756,0.0028504628016475736,0.01768460986746074,0.8384834893772093,0.8669774947969973,0.8518142205679642,0.0322173516451686,-1071.5049654166028,-6.1936703203271835,431.1960078560823,199.54381865530195,173.0
our_vol2,Our vol2 ETAS-enhanced STNPP-GAT,69,2022-08-24,0.006633522819290842,0.058817587074331296,0.030194187777981264,0.03979502679973899,1.0893561249518766,0.0268468722536902,0.16399960379328096,0.08900743445817841,-0.011828882264884403,0.003099068527813107,0.017716696119808435,0.9225723393054381,0.9446520444729445,0.8850417183486176,0.06180595016473017,-1043.58023355465,-5.52158853732619,1938.7273644455659,200.0736685066404,189.0
our_vol2,Our vol2 ETAS-enhanced STNPP-GAT,70,2022-09-07,0.006821974496480145,0.05944465008603024,0.03379698503112765,0.040754440804300573,1.0931149894427639,0.02021466648953485,0.1429669189085216,0.08453036118807335,0.0007055427865787224,0.003331700408167709,0.020043017028546835,0.9817226912260538,0.987771226662683,0.8539323555936915,0.040197749472473884,-1157.2078947112623,-5.8444843167235465,1637.6779657245388,200.45127318495543,198.0
our_vol2,Our vol2 ETAS-enhanced STNPP-GAT,71,2022-09-21,0.00723596022899998,0.0630794194603334,0.03867450255341695,0.04318067783976825,1.0926077742646463,0.011505601713635571,0.113652378895275,0.08529378012274336,0.01045441190449893,0.0037163405964723956,0.022673624423050084,1.0847549471377778,1.0940565122503703,0.839090123250237,0.029503824098043335,-1317.3459675263834,-5.9879362160290155,205.61595407507173,201.0865047066727,220.0
our_vol2,Our vol2 ETAS-enhanced STNPP-GAT,72,2022-10-05,0.006802017280148432,0.05871219177157208,0.033307503669006165,0.040575977940637206,1.0957393314132422,0.01550675871608298,0.12876110847787656,0.08601803632577834,0.0034596536917739797,0.003343183015283244,0.01989251208541631,0.9806027032411603,0.9765133239844551,0.8597182297762661,0.03457647031389416,-1142.6618363216369,-5.8299073281716165,1791.905868293893,200.71410720773747,196.0
our_vol2,Our vol2 ETAS-enhanced STNPP-GAT,73,2022-10-19,0.006851753095975499,0.06164855490272324,0.03498605254679035,0.04127383606708169,1.0967588971153726,0.013486498704053052,0.12090784342540457,0.0827230753117712,-0.0024694327436856865,0.0032545350579528394,0.019886640040211987,0.9512037782622939,0.9873381782143247,0.851007346817248,0.028658731727366715,-1186.7762518243112,-5.993819453658137,1341.4441811039087,200.53919150386537,198.0
our_vol2,Our vol2 ETAS-enhanced STNPP-GAT,74,2022-11-02,0.007093638164721714,0.06257547154223683,0.0362323392136516,0.042497450159353696,1.0899248373414674,0.018869504314279584,0.13816309437835625,0.08762358688948159,-0.003177544877299995,0.0035538322428422813,0.02122997803096924,1.047946203592706,1.0676275547189287,0.8539417291824233,0.04082398318095665,-1240.4471569438529,-5.796482041793705,1434.3616344990644,200.44443313037118,214.0
our_vol2,Our vol2 ETAS-enhanced STNPP-GAT,75,2022-11-16,0.0073719522605894434,0.06719554373851205,0.03906421984429362,0.0442963774424037,1.084743153611619,0.015442595060201625,0.12567281100952096,0.09134297020784835,0.008163945341558572,0.0037468595283886162,0.02209108082229434,1.1045690069208278,1.1483094914637544,0.8590052369403689,0.037545896106336824,-1333.1811902632237,-5.79643995766619,1015.3333531303741,200.29443430517858,230.0
our_vol2,Our vol2 ETAS-enhanced STNPP-GAT,76,2022-11-30,0.006867775640035303,0.060676988065631106,0.03499124437020733,0.04124559794799595,1.0961940321057795,0.012794821732022288,0.11989268812085084,0.08378374025245887,-0.004390872970451011,0.0033251796308729127,0.020257810453354785,0.9717670508802437,0.9922559516932541,0.8502596593078934,0.027587728205694176,-1190.1212538674765,-5.980508813404405,1461.0865475717583,200.5530928390126,199.0
our_vol2,Our vol2 ETAS-enhanced STNPP-GAT,77,2022-12-14,0.0069798405953151775,0.06172940252542795,0.034288038151533924,0.041730845938562286,1.0833934899662383,0.036869303423694766,0.19627677974861418,0.08879548457493766,0.004569020694420283,0.00342972045858338,0.020256828415742226,1.0227848294561521,1.0474003616762204,0.8615408715838531,0.07182104141058308,-1180.4123964817063,-5.6210114118176495,1314.47873990182,200.4963982100635,210.0
our_vol2,Our vol2 ETAS-enhanced STNPP-GAT,78,2022-12-28,0.006993495802022412,0.06345674877244918,0.035912752052543406,0.042027064632072134,1.0904515784003317,0.02554285544013668,0.15997228971815716,0.08416746587760267,0.0058038581421868095,0.003382929444579302,0.020555240852964715,0.9964106918317275,1.036163815231802,0.8464683991585399,0.04501609866049916,-1222.2903169889582,-5.876395754754607,566.8638070487771,200.74045912659858,208.0
our_vol2,Our vol2 ETAS-enhanced STNPP-GAT,79,2023-01-11,0.0070713224641798965,0.0650257393674464,0.03464822071494716,0.0427600721666926,1.0923247121529405,0.014375812161804724,0.12314275862605457,0.09056748574053905,0.01021216122242913,0.003384805514040049,0.019666267948644744,0.9905120247925393,1.0501184422604741,0.873776718915872,0.03126922287142318,-1186.5768565401866,-5.623586997820789,875.0506132718454,200.92971564788786,211.0
our_vol2,Our vol2 ETAS-enhanced STNPP-GAT,80,2023-01-25,0.007257899620882927,0.06523282760516586,0.03795707301579267,0.04345442839528174,1.0830264836624584,0.027600856699544818,0.16712186022108183,0.08862440408263297,0.012895058515573076,0.003644314790390205,0.021885921106186573,1.0758443619672262,1.114142090746386,0.8509897532152514,0.047279941417381455,-1296.5309627275424,-5.788084655033671,1045.1240513071866,201.05155514763646,224.0
our_vol2,Our vol2 ETAS-enhanced STNPP-GAT,81,2023-02-08,0.006658075494800318,0.05767335092472016,0.03336316795701051,0.0397271575207553,1.0959645184418942,0.020827842776845462,0.1463939026622738,0.08007624009180431,-0.004561323837996951,0.003181383449970439,0.01975932865826113,0.9338326287943526,0.9344558891784979,0.8402554664212695,0.04057146311128451,-1135.553089602689,-6.040176008524941,1416.3832773711242,201.18659658218348,188.0
our_vol2,Our vol2 ETAS-enhanced STNPP-GAT,82,2023-02-22,0.006870686526802621,0.06095423531723797,0.035122867297182336,0.04123354921974287,1.0903051642406563,0.02211220463447905,0.14922002178534838,0.08396544339575208,0.009833721910929632,0.003307564844377183,0.020233287227560355,0.9738509779200264,0.9986563724361136,0.8492095920403755,0.05208837905743191,-1195.1745558688697,-5.946142068999352,1049.4074198589835,201.27043250090355,201.0
our_vol2,Our vol2 ETAS-enhanced STNPP-GAT,83,2023-03-08,0.006652837467867238,0.05859226093413342,0.03676246103518786,0.03991759173839904,1.1038985727882102,0.004915411858285479,0.09964583239910546,0.07074163234441506,-0.0033423892160295305,0.0031325271753051558,0.020957584593740683,0.9070041117704942,0.9178226403469116,0.8046323545248598,0.023977543791049473,-1227.8047907366135,-6.636782652630344,1105.0578307864632,201.56399708126082,185.0
our_vol2,Our vol2 ETAS-enhanced STNPP-GAT,84,2023-03-22,0.006686857690486202,0.057384580995851746,0.031063797353596885,0.0397968624632413,1.0956741105852954,0.020410146048758016,0.14539316600992894,0.0901902042907415,0.0035782063602087144,0.003239812302300853,0.018717617114194326,0.9522935382140355,0.9426159125197894,0.8791436867241442,0.04365843615457177,-1073.4912487935449,-5.649953941018657,818.8313813508865,201.56672243320645,190.0
our_vol2,Our vol2 ETAS-enhanced STNPP-GAT,85,2023-04-05,0.006403165184825665,0.05760091660383474,0.03159676609893844,0.03852446039638334,1.1012586195470184,0.01869404211411063,0.14032600014427765,0.07611890674161312,-0.010276878953440193,0.0028230333335550013,0.017875720791474887,0.8283116385487742,0.860430225008297,0.843219593405701,0.04057877965134824,-1065.9984441964384,-6.161840717898488,774.9658220660303,201.06220698875586,173.0
our_vol2,Our vol2 ETAS-enhanced STNPP-GAT,86,2023-04-19,0.007052223803227685,0.061783318316691274,0.03514674089692097,0.04225458504384287,1.0877515807390092,0.017675389073000702,0.13504535505312118,0.09121740215811713,0.0009725164057848418,0.0035585363160411635,0.02078099422846948,1.050829056405083,1.0598563339819915,0.8659488852776246,0.03760667995355279,-1208.9335236167103,-5.702516620833539,911.9838016837008,200.0271104702406,212.0
our_vol2,Our vol2 ETAS-enhanced STNPP-GAT,87,2023-05-03,0.006109422156980771,0.05215247691751253,0.027147967798783354,0.03646838194699563,1.1056210209439994,0.004742792226998138,0.10701529707918553,0.08074882097734089,0.005752089112231798,0.0027150605317812445,0.016281933576034184,0.7953870374272952,0.7834071855071625,0.8725836344757096,0.025453562133713657,-928.7261814406701,-5.953372957953014,2267.094680445476,199.13016230379435,156.0
our_vol2,Our vol2 ETAS-enhanced STNPP-GAT,88,2023-05-17,0.0066013274742727345,0.058578365932626296,0.03384212774903273,0.039933935060328676,1.0932330417738831,0.010393243053130496,0.11402102641439346,0.07953968703224848,0.0005566237919369498,0.003123382603367242,0.019503887871968432,0.9237119394454885,0.9402940905812167,0.8417190923455572,0.02685635270674102,-1145.1065201012334,-6.156486667210932,963.8314312292991,197.8104529882021,186.0
our_vol2,Our vol2 ETAS-enhanced STNPP-GAT,89,2023-05-31,0.006544741786008082,0.05809243789795346,0.033046226833584214,0.039492678174309674,1.0812470713952895,0.03161714943406235,0.17838659917612001,0.07945879749869719,0.01036960155791066,0.0030851982472211922,0.01931728407838682,0.9321436946718324,0.9486960534226264,0.8402793450235644,0.06039230529786168,-1123.4523943943648,-6.007766814943127,124.61498425242863,197.11265723659017,187.0
our_vol2,Our vol2 ETAS-enhanced STNPP-GAT,90,2023-06-14,0.006340448354006099,0.057462402566851006,0.030995537908169505,0.0385114285390525,1.0897978029759388,0.013153577148126039,0.1231312044132208,0.07725518788101189,-0.00544295891094593,0.0028663567365825233,0.01783852667073688,0.8570941798196804,0.8799644378032713,0.8454389606133348,0.03417492120095458,-1050.1538969139503,-6.070253739386996,969.1954074793018,196.5988539626378,173.0
our_vol2,Our vol2 ETAS-enhanced STNPP-GAT,91,2023-06-28,0.006736306521606217,0.05970349490739849,0.03515359002406394,0.04078808265850399,1.0830911139873896,0.011729996469811321,0.11657403769175223,0.08153190071303576,0.0032167132149670216,0.003322066663512245,0.02060888352384515,0.9932893737709849,0.9991234012079769,0.8389508240063454,0.033175549547434485,-1193.7038378920479,-6.090325703530857,1674.6058356091435,196.1719641067648,196.0
our_vol2,Our vol2 ETAS-enhanced STNPP-GAT,92,2023-07-12,0.007387085827715014,0.06435562427335859,0.04061227163262046,0.044331735188837075,1.0755587818391774,0.013665741305114887,0.1203645997875117,0.09020408078193239,0.008193902997663845,0.003984961814095261,0.024096410899670972,1.193420783260635,1.1913860353941423,0.8422341498396247,0.03159767302542753,-1387.8879520734126,-5.931145094330823,1396.2421013893002,196.40988986629054,234.0
our_vol2,Our vol2 ETAS-enhanced STNPP-GAT,93,2023-07-26,0.006612508058601126,0.058244887156621364,0.032050114258792686,0.04001872313954478,1.090787031789357,0.006496156097921091,0.10140513640709072,0.08521693686674306,0.0034348409200450594,0.0031850815447362663,0.01895001338755082,0.9438240391770065,0.9505283191938239,0.8636175587568441,0.02232180109230634,-1096.4858384829058,-5.863560633598427,1153.5602131909238,196.73269720001736,187.0
our_vol2,Our vol2 ETAS-enhanced STNPP-GAT,94,2023-08-09,0.006306847672191214,0.05520077517607127,0.031019905304879056,0.03803397336162666,1.0931961354546167,0.01155956140021519,0.11951124292202306,0.07730154215893346,-0.0008864680995159542,0.0028940315574847524,0.018192187605690722,0.8603359552152644,0.8632050865377991,0.8452901279892646,0.02875468891930247,-1050.855633103745,-6.181503724139676,1667.11779391935,196.940452102579,170.0
our_vol2,Our vol2 ETAS-enhanced STNPP-GAT,95,2023-08-23,0.00649832386499671,0.05685762407824765,0.0301610794614805,0.039155055317069,1.0912303676333541,0.012828278453257291,0.12158735370595211,0.08598742603616732,-0.00274618387382315,0.0030769512761650544,0.017972669775953704,0.9148031926730615,0.9169273310802899,0.8723204249899171,0.02993946104932776,-1037.4104437101703,-5.731549412763372,1675.3633679339505,197.39841300918852,181.0
our_vol2,Our vol2 ETAS-enhanced STNPP-GAT,96,2023-09-06,0.006769265138129535,0.060288251320797,0.03443190928004942,0.0409723212134633,1.09229990919302,0.006820819942695344,0.10007405195473738,0.08211849810433208,-0.008440477275164157,0.00326687394786527,0.019913158072343683,0.9632692200373896,0.9848844702821596,0.846417789107496,0.027510430692289606,-1170.2006195287672,-6.001028818096242,1052.9759752049529,197.99276553130585,195.0
our_vol2,Our vol2 ETAS-enhanced STNPP-GAT,97,2023-09-20,0.0067576953186545925,0.05985996093381622,0.032812579352764486,0.040731822512774137,1.0860194288716578,0.020817143835723417,0.14472175214704622,0.08738478586966895,-0.0021849126553889595,0.0032778012278202075,0.019358471782069155,0.9796728818345398,0.9961131407237895,0.8657386336791252,0.039801432444159415,-1126.8019693240522,-5.719806950883513,363.1768686330901,197.76869910265123,197.0
our_vol2,Our vol2 ETAS-enhanced STNPP-GAT,98,2023-10-04,0.006998804198128918,0.06261601155715234,0.03629740280744644,0.042194323331119436,1.0851897165857234,0.017726633385915513,0.13411988699195948,0.0863051464347199,-0.0014661363675545723,0.0034753401284532766,0.02103988926536655,1.0333337896040997,1.0589477783110601,0.8516340342716511,0.0362704569776218,-1237.4881643296158,-5.89280078252198,856.5015108086837,198.31006240452552,210.0
our_vol2,Our vol2 ETAS-enhanced STNPP-GAT,99,2023-10-18,0.006624839491855717,0.05897149100255587,0.03309687506169711,0.039944531210801805,1.0883651627177722,0.021747443809314704,0.14794002349724203,0.0821438351763541,-4.1517959197023834e-05,0.003114693095680499,0.019150982312219067,0.9290695044237585,0.951007750596724,0.8525815316061154,0.05495954796824965,-1126.2008730546959,-5.958734778067174,1356.7846340903327,198.73655065524872,189.0
our_vol2,Our vol2 ETAS-enhanced STNPP-GAT,100,2023-11-01,0.007118946443433696,0.06211934962840938,0.0363438581300344,0.042569522801525275,1.0809892477426464,0.02440206266631495,0.1564001341714743,0.08967540424013519,0.006219334791325501,0.003656504691276598,0.021613436918317634,1.0910547901569418,1.0956069915092062,0.8549984666193496,0.04927096603402379,-1249.700817161994,-5.7325725557889635,1096.8728113627596,198.97645934123102,218.0
our_vol2,Our vol2 ETAS-enhanced STNPP-GAT,101,2023-11-15,0.0067188034076512675,0.05930103992126182,0.033610572344549866,0.04036487857167321,1.0927114486000653,0.020335265199436736,0.1433890300976629,0.08235463512041581,-0.001245211484657208,0.0032144359442240317,0.01967772387946539,0.952125859585184,0.9686941435263486,0.8487269541712925,0.03996338375261039,-1145.5156428457353,-5.9353142116359345,43.034330001267094,199.23729413436922,193.0
our_vol2,Our vol2 ETAS-enhanced STNPP-GAT,102,2023-11-29,0.007216406949842988,0.06369491171052281,0.037721678718849606,0.043242547569297775,1.0828491021056261,0.021900238253054538,0.14813181663515448,0.08892283941390305,0.002582936149306431,0.003694830742399912,0.022090181075557044,1.0994380483035124,1.1189418132168778,0.850614870261632,0.046557196227455584,-1291.838971950056,-5.792999874215498,696.4154259342815,199.29543910678512,223.0
our_vol2,Our vol2 ETAS-enhanced STNPP-GAT,103,2023-12-13,0.006969283844108271,0.06135408722915255,0.035064796522498984,0.0417653463663372,1.0861419769122045,0.022570404386041076,0.15027638717972122,0.08813465166918058,-0.0022393643547293073,0.003457285679856233,0.02063143102552816,1.0253829993329537,1.0408224551461773,0.8595832769702708,0.0524873009625968,-1201.9079527347903,-5.778403618917261,947.2210473369939,199.8419605299423,208.0
our_vol2,Our vol2 ETAS-enhanced STNPP-GAT,104,2023-12-27,0.006796303818705195,0.060293926516034484,0.03516322312088319,0.04090121178010298,1.092067126008719,0.016015092946429332,0.1292599256054236,0.08267640407714535,0.002430073143180372,0.0032691506740050473,0.020085594868013208,0.9660642612170419,0.9874831524207619,0.8475870660842317,0.03669156446113641,-1193.016371037339,-6.055920665164157,1429.127210603847,199.4970744736911,197.0
our_vol2,Our vol2 ETAS-enhanced STNPP-GAT,105,2024-01-10,0.006766334892161804,0.059696018141655594,0.03495665313093059,0.04062503516437239,1.0896248163630455,0.021508645125751458,0.14692926866509062,0.08046768140096747,0.004373001905382184,0.0032611345970208557,0.02040965912082657,0.9672246482501113,0.9837697001955241,0.8381313873894599,0.041815380373943445,-1186.8298133088833,-6.055254149535119,2547.6844937059104,199.2336214065599,196.0
our_vol2,Our vol2 ETAS-enhanced STNPP-GAT,106,2024-01-24,0.007298187583356772,0.0651705475896472,0.03638119000782737,0.04391423420819031,1.0858024271813074,0.013555173855427927,0.11903500197718225,0.09493948398538943,0.0070208634075389735,0.0037253573485323374,0.02113478438764224,1.1011556934970688,1.1360569671929235,0.8743746314158138,0.03110886972361238,-1254.604529982195,-5.551347477797322,266.3296202300706,198.93368600909344,226.0
our_vol2,Our vol2 ETAS-enhanced STNPP-GAT,107,2024-02-07,0.00708201821605158,0.06324744969978904,0.03463952572607282,0.042697238057436714,1.0863586608626294,0.015025700034768441,0.12451827728457257,0.09245879318378175,0.008746769746958013,0.0035339543913114283,0.020193726595370328,1.0471370165675764,1.0780018694166709,0.8740354970454962,0.035155362219303724,-1193.7238158790342,-5.578148672331936,1522.7040735190928,198.5154256882688,214.0
our_vol2,Our vol2 ETAS-enhanced STNPP-GAT,108,2024-02-21,0.006963320844559101,0.0612015428026855,0.03622290174967436,0.04186190186908907,1.0870984003566382,0.013964965704326482,0.12157881253284114,0.08616702141260264,0.0006985206975357273,0.0034901405106428666,0.021276295797806037,1.0336761952744957,1.0447499314334716,0.8511645554154356,0.028817264409402396,-1234.5648280490564,-5.964081294922978,1872.339956059017,198.13353777011616,207.0
our_vol2,Our vol2 ETAS-enhanced STNPP-GAT,109,2024-03-06,0.0067315711530825315,0.06097285287787281,0.033500265567401495,0.04075190228967637,1.0925196591055353,0.012637536010485229,0.11721242554869862,0.08274880918943459,-0.005235768295601579,0.0031646249727382302,0.0192315818725456,0.9349440617172938,0.9725888150985755,0.85433976698338,0.02887319925386646,-1139.4855541364768,-5.904070228686408,343.54446829484493,198.4394607503673,193.0
our_vol2,Our vol2 ETAS-enhanced STNPP-GAT,110,2024-03-20,0.006605355081955096,0.057465090239249735,0.032989732152371776,0.03975268017638296,1.092766678366998,0.00742296172922885,0.10288881989607321,0.08183327986830612,0.011955550841287275,0.003195985398773196,0.019552913057910768,0.9449472524591549,0.9422724550824921,0.8491893081621252,0.024020080247420035,-1123.6169467579143,-6.0409513266554535,1266.2968082772572,197.39513661546698,186.0
our_vol2,Our vol2 ETAS-enhanced STNPP-GAT,111,2024-04-03,0.0059980327727311685,0.053009620999047484,0.030002906257428318,0.036163336379497694,1.1048556505200382,-0.002263384473814245,0.08027573865174775,0.06783284306269868,-0.0003721984904144656,0.002561199210395731,0.01705240099166828,0.7518081630703995,0.7620118637083935,0.8249007301062746,0.01626749524657792,-1001.0973505004147,-6.6739823366694315,1430.652625305365,196.84732895103843,150.0
our_vol2,Our vol2 ETAS-enhanced STNPP-GAT,112,2024-04-17,0.006307326149998169,0.05634253801932794,0.033133851938849795,0.03825953011947092,1.08881450779192,0.00971376069277019,0.1104639728391289,0.07030724551960331,0.011112184974291662,0.002877537545592305,0.0190455069304731,0.8605645910233825,0.8746672000396548,0.8156664288626821,0.030229805972190386,-1110.521875722995,-6.494279974988275,2477.8308634371597,195.50292956252088,171.0
our_vol2,Our vol2 ETAS-enhanced STNPP-GAT,113,2024-05-01,0.006430508689178543,0.05779230377628641,0.031279787851551014,0.03917492571858382,1.0865494222020082,0.011971707336831172,0.11599345323266196,0.08262159600299279,0.006799569345496306,0.0029802810505169816,0.017998200940697623,0.8960419444411863,0.9202153485392929,0.8646331231957843,0.026171523975574852,-1064.4802112487023,-5.946816822618448,2856.2354107751917,194.51968529337864,179.0
our_vol2,Our vol2 ETAS-enhanced STNPP-GAT,114,2024-05-15,0.005369973176801897,0.0461474881532729,0.022503694417292892,0.03198935769643664,1.1061516693353475,-0.0039058905582354253,0.0887955680713266,0.0668013368468146,0.0009144506888482517,0.0020222360270639485,0.013100434821865545,0.6020174424946887,0.604473053543357,0.8600118927721945,0.01754442094779379,-756.1476116854964,-6.462800099876038,427.5307996658298,193.5570151790198,117.0
our_vol2,Our vol2 ETAS-enhanced STNPP-GAT,115,2024-05-29,0.005229189000671709,0.04498060232483734,0.022196965384773965,0.031183033855356458,1.0980760480073477,-0.003434715352039319,0.09181556007833312,0.06279775820430941,0.001780610273961349,0.0019180226906573181,0.012852427563148866,0.5769443062240418,0.5799284821855969,0.8469607286229555,0.019710817798950418,-741.4170298683939,-6.6794327015170625,1872.1983086255757,191.40291158259788,111.0
our_vol2,Our vol2 ETAS-enhanced STNPP-GAT,116,2024-06-12,0.005724807409509339,0.05191697333980928,0.02617117621017757,0.03514271114612193,1.0786000522337889,0.007768564057663796,0.10725634719813054,0.07389599355026731,0.004994513916062918,0.0024003977879350734,0.015084365117035812,0.739275318922745,0.7563161943536719,0.862318712977942,0.029038762703957686,-884.3397551199333,-6.184194091747785,433.54686980091935,189.07435946443547,143.0
our_vol2,Our vol2 ETAS-enhanced STNPP-GAT,117,2024-06-26,0.005081215898305779,0.044180235402239115,0.020839090572570447,0.030604005698633013,1.0838782568229524,-0.00285690089997237,0.09242562715801154,0.06528434040225291,-0.005255300241180607,0.0018471287156325872,0.012122424369576173,0.5694713487215441,0.5730109155789874,0.8664373792176405,0.017389700462336274,-698.7671601512391,-6.530534207020926,1234.5712681375219,186.7329174556544,107.0
our_vol2,Our vol2 ETAS-enhanced STNPP-GAT,118,2024-07-10,0.005436426441324989,0.04960650159337,0.0269337355656083,0.03371054830260034,1.064984390342391,0.004351839605008956,0.09894206169191935,0.06142648377526647,0.0008386272926744274,0.0022189894090810847,0.015387958866968468,0.6998021638327518,0.7128460687065963,0.812923713541089,0.027841312703267472,-894.7380105137959,-6.830061148960274,759.2068769348471,183.77038992119196,131.0
our_vol2,Our vol2 ETAS-enhanced STNPP-GAT,119,2024-07-24,0.0054806299186740196,0.04987645234333895,0.025918397822248803,0.03428621861131309,1.054127693701242,0.007396408915849029,0.10620564367699217,0.07073362235597774,-0.002203212957550129,0.0023324067553381895,0.014963386178622617,0.7510932974192267,0.7584591874985627,0.8500162675082672,0.02229791890998578,-872.6488748718989,-6.3696998165832035,1448.5772990511923,180.6293631326862,137.0
our_vol2,Our vol2 ETAS-enhanced STNPP-GAT,120,2024-08-07,0.005052532105276374,0.045865510897964645,0.021350701088108156,0.03149582279005439,1.0480355558152472,0.0083919874417685,0.11441435878624871,0.06913621961626756,0.00188323825269537,0.0019511500472338158,0.012425204508138894,0.6374260961952452,0.6465435656709613,0.8731108799235613,0.02485378720556061,-720.6362388796867,-6.266402077214667,417.99928272799923,177.86891109287717,115.0
our_vol2,Our vol2 ETAS-enhanced STNPP-GAT,121,2024-08-21,0.005177406076169288,0.04749661322835302,0.02215279871732873,0.03274032423371608,1.0315485003492464,0.01754515065656015,0.1372702550522931,0.07557132701648073,-0.001092365924203916,0.0021543957684383654,0.01312705509821874,0.7256823258240147,0.7284568082866407,0.8850354564980106,0.042074904184210456,-756.1598919295664,-5.9540148970832,1424.2751988040138,174.3411531820384,127.0
our_vol2,Our vol2 ETAS-enhanced STNPP-GAT,122,2024-09-04,0.004855902532148822,0.04463829908102314,0.020957994508280422,0.030827888824668054,1.024443377195986,0.003128410115374902,0.09942267958825474,0.06703452274439793,-0.004588714684602293,0.0018869126861334525,0.012205418751642888,0.6390054107839863,0.643148149001766,0.8665072259996494,0.02178537928082964,-705.1515823253199,-6.410468930230181,3261.399527710295,171.03368822678203,110.0
our_vol2,Our vol2 ETAS-enhanced STNPP-GAT,123,2024-09-18,0.005103687203418821,0.04819796658977027,0.024972836108203663,0.033104663876948576,1.0127164895380376,0.003562079873174806,0.09280660137832383,0.06617277783120958,0.0028306398414224467,0.0021671134127292965,0.014428422907647022,0.7465762564881051,0.7557293902765326,0.8369242906866003,0.019035163875044208,-835.734879024175,-6.580589598615552,650.748140609935,168.04957122751148,127.0
our_vol2,Our vol2 ETAS-enhanced STNPP-GAT,124,2024-10-02,0.004911513320290067,0.04631396404591193,0.02244675843752126,0.03195259995963534,1.0053154588199233,0.005244594201509134,0.09986752519181545,0.06896961347674431,0.0016384734767724664,0.0020385443275554656,0.01306846436322067,0.7159169187396486,0.7197751807711523,0.8607107662819685,0.02147581266257602,-756.5270144252663,-6.357369869119885,824.7095309446707,165.3294017063854,119.0
our_vol2,Our vol2 ETAS-enhanced STNPP-GAT,125,2024-10-16,0.0049825857222524405,0.04730354264179343,0.024056659609230938,0.032835696240593584,0.9934579057817365,0.002660717461266837,0.08876549273793496,0.06916601879646533,0.003698236324508655,0.0021837389563007146,0.01412893237072827,0.7806728952103043,0.778043139141663,0.8491587620154221,0.017545698488137404,-810.0435836067848,-6.4289173302125775,1091.2497612553211,161.9447478696402,126.0
our_vol2,Our vol2 ETAS-enhanced STNPP-GAT,126,2024-10-30,0.004707336259423266,0.045546033092072995,0.022216460239973836,0.03121589520850391,0.9799777177407304,0.014026663117710614,0.12529373351150622,0.06442881537702347,-0.002585439602756478,0.001929582100280847,0.012878403240844008,0.7072345314578334,0.7182555744723766,0.8438291237590729,0.03206114617135812,-744.2787744988156,-6.528761179814172,2253.9376786330754,158.71787710626995,114.0
our_vol2,Our vol2 ETAS-enhanced STNPP-GAT,127,2024-11-13,0.004496539393260254,0.04356193853049374,0.02018429800772238,0.029973829806295947,0.9642974395702031,0.016170200652295574,0.1329970489364046,0.06620817451532687,-0.0018299550132720357,0.0017968807464818714,0.011784798770609934,0.6777151138060669,0.6831588392073039,0.8635794992276963,0.03827131058139359,-679.1294719816862,-6.406881811147983,761.0165222258037,155.16157285324152,106.0
our_vol2,Our vol2 ETAS-enhanced STNPP-GAT,128,2024-11-27,0.004724511982627391,0.0467534189626839,0.02320094655765023,0.0322074571441205,0.9551523985980477,0.010361399066571741,0.11080606572650638,0.06937002270677706,0.0006425679822150369,0.0020837435237053624,0.013529244526916352,0.7998611271094758,0.8043631774011787,0.8534352427224343,0.03181271584681504,-780.9938479825576,-6.401588917889816,828.1420726111403,151.67278093730056,122.0
our_vol2,Our vol2 ETAS-enhanced STNPP-GAT,129,2024-12-11,0.004185977960115907,0.04185198237825016,0.018569071543251683,0.028580416873233556,0.9355758574784586,0.011193700400214612,0.11836185567896261,0.0635740821110668,-0.003946175167398328,0.0015985501696438268,0.010531400709125604,0.6306016034743684,0.6442559913611098,0.8682353762416759,0.03098520062809374,-621.4613263296645,-6.5416981718912055,1846.7383517851695,147.45691351553432,95.0
our_vol2,Our vol2 ETAS-enhanced STNPP-GAT,130,2024-12-25,0.002768805245684784,0.018221672631156996,0.0067400313724573675,0.013440407845017927,0.8804335007027361,-0.11218124650040151,0.07462713297833502,0.033496048821613236,0.017284040193540965,0.00033012233660089166,0.003663857842324844,0.12122414658456993,0.11996962504769772,0.9484748881102256,0.017045231916203423,-208.84488296994027,-12.284993115878839,2110.2760827098136,141.70253506453082,17.0
