model,model_label,frame_index,forecast_date,q,tp,fp,tn,fn,accuracy,recall_tpr,specificity_tnr,precision_ppv,fpr,fnr,f1,balanced_accuracy,mcc
our_vol3,Our vol3 STNPP-GAT-ZINB,0,2020-01-01,0.01,24,546,56225,132,0.9880900100128235,0.15384615384615385,0.990382413556217,0.042105263157894736,0.009617586443782918,0.8461538461538461,0.06611570247933884,0.5721142837011854,0.07572957157364511
our_vol3,Our vol3 STNPP-GAT-ZINB,0,2020-01-01,0.05,66,2781,53990,90,0.9495669893020886,0.4230769230769231,0.9510137217945782,0.023182297154899896,0.048986278205421785,0.5769230769230769,0.04395604395604396,0.6870453224357507,0.0897202229063955
our_vol3,Our vol3 STNPP-GAT-ZINB,0,2020-01-01,0.1,93,5600,51171,63,0.9005217208003232,0.5961538461538461,0.9013580877560726,0.01633585104514316,0.09864191224392736,0.40384615384615385,0.031800307744913665,0.7487559669549594,0.0866920654350047
our_vol3,Our vol3 STNPP-GAT-ZINB,1,2020-01-15,0.01,30,540,56221,136,0.98812514272665,0.18072289156626506,0.9904864255386621,0.05263157894736842,0.00951357446133789,0.8192771084337349,0.08152173913043478,0.5856046585524636,0.0927246274186396
our_vol3,Our vol3 STNPP-GAT-ZINB,1,2020-01-15,0.05,70,2777,53984,96,0.9495318565882621,0.42168674698795183,0.9510755624460457,0.024587284861257466,0.0489244375539543,0.5783132530120482,0.04646531695984069,0.6863811547169988,0.09221445031010642
our_vol3,Our vol3 STNPP-GAT-ZINB,1,2020-01-15,0.1,98,5595,51166,68,0.9005217208003232,0.5903614457831325,0.9014287979422491,0.017214122606709993,0.09857120205775093,0.40963855421686746,0.03345280764635603,0.7458951218626908,0.08839124439292688
our_vol3,Our vol3 STNPP-GAT-ZINB,2,2020-01-29,0.01,28,542,56207,150,0.987844081016038,0.15730337078651685,0.9904491709105007,0.04912280701754386,0.009550829089499375,0.8426966292134831,0.07486631016042782,0.5738762708485088,0.08285385253406918
our_vol3,Our vol3 STNPP-GAT-ZINB,2,2020-01-29,0.05,77,2770,53979,101,0.9495669893020886,0.43258426966292135,0.951188567199422,0.02704601334738321,0.04881143280057798,0.5674157303370787,0.05090909090909091,0.6918864184311717,0.09829949010809177
our_vol3,Our vol3 STNPP-GAT-ZINB,2,2020-01-29,0.1,105,5588,51161,73,0.9005568535141497,0.5898876404494382,0.9015313045163792,0.018443702792903565,0.09846869548362086,0.4101123595505618,0.03576903423607562,0.7457094724829088,0.09145159386623897
our_vol3,Our vol3 STNPP-GAT-ZINB,3,2020-02-12,0.01,19,551,56219,138,0.9878967800867778,0.12101910828025478,0.9902941694556985,0.03333333333333333,0.009705830544301568,0.8789808917197452,0.052269601100412656,0.5556566388679767,0.05863337364812491
our_vol3,Our vol3 STNPP-GAT-ZINB,3,2020-02-12,0.05,63,2784,53986,94,0.9494440248036959,0.4012738853503185,0.95096001409195,0.022128556375131718,0.049039985908050025,0.5987261146496815,0.041944074567243674,0.6761169497211342,0.08474778360246864
our_vol3,Our vol3 STNPP-GAT-ZINB,3,2020-02-12,0.1,90,5603,51167,67,0.9003987563019306,0.5732484076433121,0.9013035053725559,0.015808888108203058,0.09869649462744408,0.4267515923566879,0.03076923076923077,0.737275956507934,0.08295513566530728
our_vol3,Our vol3 STNPP-GAT-ZINB,4,2020-02-26,0.01,16,554,56210,147,0.9876859838038189,0.09815950920245399,0.9902402931435417,0.028070175438596492,0.009759706856458319,0.901840490797546,0.043656207366985,0.5441999011729979,0.04744279106436527
our_vol3,Our vol3 STNPP-GAT-ZINB,4,2020-02-26,0.05,54,2793,53971,109,0.9490224322377782,0.3312883435582822,0.950796279331971,0.018967334035827187,0.049203720668029034,0.6687116564417178,0.035880398671096346,0.6410423114451266,0.06915086789784838
our_vol3,Our vol3 STNPP-GAT-ZINB,4,2020-02-26,0.1,92,5601,51163,71,0.9003636235881041,0.5644171779141104,0.9013283066732436,0.01616019673282979,0.09867169332675639,0.43558282208588955,0.031420765027322405,0.7328727422936769,0.0829524518480826
our_vol3,Our vol3 STNPP-GAT-ZINB,5,2020-03-11,0.01,34,536,56223,134,0.9882305408681293,0.20238095238095238,0.9905565637167674,0.05964912280701754,0.009443436283232616,0.7976190476190477,0.09214092140921408,0.5964687580488599,0.10511805835793367
our_vol3,Our vol3 STNPP-GAT-ZINB,5,2020-03-11,0.05,73,2774,53985,95,0.9496021220159151,0.43452380952380953,0.9511266935640162,0.02564102564102564,0.04887330643598372,0.5654761904761905,0.048424543946932005,0.6928252515439128,0.09597405304378452
our_vol3,Our vol3 STNPP-GAT-ZINB,5,2020-03-11,0.1,102,5591,51168,66,0.9006271189418027,0.6071428571428571,0.901495798023221,0.017916739855963464,0.09850420197677902,0.39285714285714285,0.03480634703975431,0.7543193275830391,0.09196692103037532
our_vol3,Our vol3 STNPP-GAT-ZINB,6,2020-03-25,0.01,21,549,56216,141,0.9878792137298645,0.12962962962962962,0.9903285475204792,0.03684210526315789,0.009671452479520832,0.8703703703703703,0.057377049180327856,0.5599790885750544,0.06418245499140177
our_vol3,Our vol3 STNPP-GAT-ZINB,6,2020-03-25,0.05,53,2794,53971,109,0.949004865880865,0.3271604938271605,0.9507795296397428,0.018616087109237796,0.0492204703602572,0.6728395061728395,0.035227650382186775,0.6389700117334516,0.06792612549910781
our_vol3,Our vol3 STNPP-GAT-ZINB,6,2020-03-25,0.1,90,5603,51162,72,0.9003109245173644,0.5555555555555556,0.9012948119439795,0.015808888108203058,0.09870518805602044,0.4444444444444444,0.030742954739538857,0.7284251837497675,0.08111890564943401
our_vol3,Our vol3 STNPP-GAT-ZINB,7,2020-04-08,0.01,17,553,56229,128,0.9880373109420837,0.11724137931034483,0.9902609982036561,0.02982456140350877,0.009739001796343912,0.8827586206896552,0.04755244755244755,0.5537511887570005,0.05442470100449313
our_vol3,Our vol3 STNPP-GAT-ZINB,7,2020-04-08,0.05,53,2794,53988,92,0.9493034939483901,0.36551724137931035,0.950794265788454,0.018616087109237796,0.049205734211545914,0.6344827586206897,0.03542780748663102,0.6581557535838822,0.07314628272003726
our_vol3,Our vol3 STNPP-GAT-ZINB,7,2020-04-08,0.1,77,5616,51166,68,0.9001528273051452,0.5310344827586206,0.9010954175619034,0.01352538204812928,0.09890458243809658,0.4689655172413793,0.026378896882494004,0.7160649501602621,0.07260289484516504
our_vol3,Our vol3 STNPP-GAT-ZINB,8,2020-04-22,0.01,25,545,56220,137,0.9880197445851705,0.15432098765432098,0.9903990134766141,0.043859649122807015,0.009600986523385889,0.845679012345679,0.06830601092896174,0.5723600005654675,0.07743102787664718
our_vol3,Our vol3 STNPP-GAT-ZINB,8,2020-04-22,0.05,62,2785,53980,100,0.9493210603053033,0.38271604938271603,0.9509380780410465,0.021777309448542326,0.04906192195895358,0.6172839506172839,0.04120970422067132,0.6668270637118813,0.08154216816269565
our_vol3,Our vol3 STNPP-GAT-ZINB,8,2020-04-22,0.1,92,5601,51164,70,0.9003811899450173,0.5679012345679012,0.901330044922047,0.01616019673282979,0.09866995507795297,0.43209876543209874,0.03142613151152861,0.7346156397449741,0.08331727540691329
our_vol3,Our vol3 STNPP-GAT-ZINB,9,2020-05-06,0.01,23,547,56220,137,0.987984611871344,0.14375,0.9903641199992954,0.04035087719298246,0.009635880000704635,0.85625,0.06301369863013698,0.5670570599996477,0.0713133939916752
our_vol3,Our vol3 STNPP-GAT-ZINB,9,2020-05-06,0.05,62,2785,53982,98,0.9493561930191298,0.3875,0.9509398065777652,0.021777309448542326,0.04906019342223475,0.6125,0.041237113402061855,0.6692199032888826,0.08220104263801625
our_vol3,Our vol3 STNPP-GAT-ZINB,9,2020-05-06,0.1,96,5597,51170,64,0.9005568535141497,0.6,0.9014039847094263,0.01686281398208326,0.09859601529057375,0.4,0.032803690415171706,0.7507019923547131,0.0884801846258286
our_vol3,Our vol3 STNPP-GAT-ZINB,10,2020-05-20,0.01,26,544,56198,159,0.9876508510899924,0.14054054054054055,0.9904127454090444,0.0456140350877193,0.009587254590955554,0.8594594594594595,0.06887417218543047,0.5654766429747925,0.07485886242813111
our_vol3,Our vol3 STNPP-GAT-ZINB,10,2020-05-20,0.05,60,2787,53955,125,0.9488467686686458,0.32432432432432434,0.9508829438511156,0.02107481559536354,0.049117056148884425,0.6756756756756757,0.039577836411609495,0.63760363408772,0.07185980067571189
our_vol3,Our vol3 STNPP-GAT-ZINB,10,2020-05-20,0.1,100,5593,51149,85,0.9002582254466246,0.5405405405405406,0.9014310387367382,0.01756543123133673,0.09856896126326178,0.4594594594594595,0.034025178632187826,0.7209857896386394,0.08384608774091792
our_vol3,Our vol3 STNPP-GAT-ZINB,11,2020-06-03,0.01,18,552,56221,136,0.987914346443691,0.11688311688311688,0.9902770683247318,0.031578947368421054,0.009722931675268174,0.8831168831168831,0.049723756906077346,0.5535800926039244,0.055905350766455475
our_vol3,Our vol3 STNPP-GAT-ZINB,11,2020-06-03,0.05,57,2790,53983,97,0.9492859275914768,0.37012987012987014,0.9508569214239163,0.020021074815595362,0.0491430785760837,0.6298701298701299,0.03798733755414861,0.6604933957768933,0.07649030084662081
our_vol3,Our vol3 STNPP-GAT-ZINB,11,2020-06-03,0.1,80,5613,51160,74,0.9001001282344054,0.5194805194805194,0.9011325806281155,0.014052344985069383,0.09886741937188452,0.4805194805194805,0.02736446040704635,0.7103065500543175,0.07282229359161763
our_vol3,Our vol3 STNPP-GAT-ZINB,12,2020-06-17,0.01,31,539,56187,170,0.987545452948513,0.15422885572139303,0.9904981842541339,0.054385964912280704,0.009501815745866093,0.845771144278607,0.08041504539559013,0.5723635199877635,0.08622385336274904
our_vol3,Our vol3 STNPP-GAT-ZINB,12,2020-06-17,0.05,86,2761,53965,115,0.9494791575175224,0.42786069651741293,0.9513274336283186,0.03020723568668774,0.048672566371681415,0.572139303482587,0.056430446194225714,0.6895940650728658,0.10318861134427701
our_vol3,Our vol3 STNPP-GAT-ZINB,12,2020-06-17,0.1,111,5582,51144,90,0.9003636235881041,0.5522388059701493,0.9015971512181363,0.01949762866678377,0.0984028487818637,0.44776119402985076,0.03766542246352223,0.7269179785941429,0.0897301279412407
our_vol3,Our vol3 STNPP-GAT-ZINB,13,2020-07-01,0.01,22,548,56174,183,0.9871589930964217,0.1073170731707317,0.990338845597828,0.03859649122807018,0.009661154402171997,0.8926829268292683,0.05677419354838711,0.5488279593842799,0.058754333957333225
our_vol3,Our vol3 STNPP-GAT-ZINB,13,2020-07-01,0.05,66,2781,53941,139,0.9487062378133398,0.32195121951219513,0.950971404393357,0.023182297154899896,0.049028595606642925,0.6780487804878049,0.04325032765399738,0.6364613119527761,0.07500326361253647
our_vol3,Our vol3 STNPP-GAT-ZINB,13,2020-07-01,0.1,89,5604,51118,116,0.8995204384562685,0.43414634146341463,0.9012023553471317,0.01563323379588969,0.09879764465286837,0.5658536585365853,0.03017972193964056,0.6676743484052732,0.06695755664623863
our_vol3,Our vol3 STNPP-GAT-ZINB,14,2020-07-15,0.01,19,551,56203,154,0.987615718376166,0.10982658959537572,0.9902914332029461,0.03333333333333333,0.009708566797053952,0.8901734104046243,0.05114401076716016,0.5500590113991609,0.05535058210642902
our_vol3,Our vol3 STNPP-GAT-ZINB,14,2020-07-15,0.05,65,2782,53972,108,0.9492332285207371,0.37572254335260113,0.9509814286217712,0.0228310502283105,0.04901857137822885,0.6242774566473989,0.04304635761589404,0.6633519859871861,0.08250183894790125
our_vol3,Our vol3 STNPP-GAT-ZINB,14,2020-07-15,0.1,83,5610,51144,90,0.8998717655945333,0.4797687861271676,0.9011523416851676,0.014579307922009486,0.09884765831483243,0.5202312138728323,0.02829867030344357,0.6904605639061676,0.06988864607031957
our_vol3,Our vol3 STNPP-GAT-ZINB,15,2020-07-29,0.01,21,549,56219,138,0.9879319128006043,0.1320754716981132,0.9903290586245772,0.03684210526315789,0.009670941375422773,0.8679245283018868,0.05761316872427982,0.5612022651613452,0.0648838317883502
our_vol3,Our vol3 STNPP-GAT-ZINB,15,2020-07-29,0.05,49,2798,53970,110,0.9489170340962988,0.3081761006289308,0.9507116685456595,0.017211099402880226,0.04928833145434047,0.6918238993710691,0.03260146373918829,0.6294438845872952,0.0626830063049907
our_vol3,Our vol3 STNPP-GAT-ZINB,15,2020-07-29,0.1,82,5611,51157,77,0.9000825618774922,0.5157232704402516,0.9011591037204059,0.014403653609696119,0.09884089627959414,0.48427672955974843,0.028024606971975397,0.7084411870803287,0.07333548502881408
our_vol3,Our vol3 STNPP-GAT-ZINB,16,2020-08-12,0.01,18,552,56223,134,0.9879494791575175,0.11842105263157894,0.9902774108322325,0.031578947368421054,0.009722589167767503,0.881578947368421,0.04986149584487535,0.5543492317319058,0.056339424874614595
our_vol3,Our vol3 STNPP-GAT-ZINB,16,2020-08-12,0.05,56,2791,53984,96,0.9492859275914768,0.3684210526315789,0.9508410391897842,0.01966982788900597,0.049158960810215764,0.631578947368421,0.037345781927309106,0.6596310459106816,0.0755850048389707
our_vol3,Our vol3 STNPP-GAT-ZINB,16,2020-08-12,0.1,83,5610,51165,69,0.9002406590897114,0.5460526315789473,0.9011889035667107,0.014579307922009486,0.0988110964332893,0.45394736842105265,0.028400342172797265,0.723620767572829,0.07692947542815529
our_vol3,Our vol3 STNPP-GAT-ZINB,17,2020-08-26,0.01,19,551,56214,143,0.9878089483022116,0.11728395061728394,0.9902933145424117,0.03333333333333333,0.009706685457588302,0.8827160493827161,0.051912568306010924,0.5537886325798478,0.057558168548779064
our_vol3,Our vol3 STNPP-GAT-ZINB,17,2020-08-26,0.05,61,2786,53979,101,0.9492859275914768,0.3765432098765432,0.9509204615520127,0.02142606252195293,0.04907953844798731,0.6234567901234568,0.040545031571950815,0.663731835714278,0.0800292745334081
our_vol3,Our vol3 STNPP-GAT-ZINB,17,2020-08-26,0.1,80,5613,51152,82,0.8999595973790996,0.49382716049382713,0.9011186470536422,0.014052344985069383,0.09888135294635779,0.5061728395061729,0.027327070879590097,0.6974729037737346,0.07012705686203764
our_vol3,Our vol3 STNPP-GAT-ZINB,18,2020-09-09,0.01,14,556,56231,126,0.9880197445851705,0.1,0.9902090267138606,0.02456140350877193,0.009790973286139433,0.9,0.03943661971830986,0.5451045133569303,0.04487734098948421
our_vol3,Our vol3 STNPP-GAT-ZINB,18,2020-09-09,0.05,42,2805,53982,98,0.949004865880865,0.3,0.9506048919647102,0.014752370916754479,0.049395108035289764,0.7,0.02812186139939739,0.6253024459823551,0.0569463574994442
our_vol3,Our vol3 STNPP-GAT-ZINB,18,2020-09-09,0.1,69,5624,51163,71,0.8999595973790996,0.4928571428571429,0.9009632486308486,0.012120147549622344,0.0990367513691514,0.5071428571428571,0.02365849477112978,0.6969101957439958,0.06501850158050151
our_vol3,Our vol3 STNPP-GAT-ZINB,19,2020-09-23,0.01,18,552,56228,129,0.9880373109420837,0.12244897959183673,0.9902782669954209,0.031578947368421054,0.009721733004579076,0.8775510204081632,0.0502092050209205,0.5563636232936288,0.057461095236720904
our_vol3,Our vol3 STNPP-GAT-ZINB,19,2020-09-23,0.05,50,2797,53983,97,0.9491629630930841,0.3401360544217687,0.9507396970764354,0.017562346329469618,0.04926030292356463,0.6598639455782312,0.033400133600534405,0.645437875749102,0.06772543524499705
our_vol3,Our vol3 STNPP-GAT-ZINB,19,2020-09-23,0.1,71,5622,51158,76,0.8999068983083598,0.48299319727891155,0.9009862627685805,0.012471456174249078,0.09901373723141951,0.5170068027210885,0.024315068493150686,0.6919897300237461,0.06495530571852265
our_vol3,Our vol3 STNPP-GAT-ZINB,20,2020-10-07,0.01,19,551,56227,130,0.9880373109420837,0.12751677852348994,0.990295537003769,0.03333333333333333,0.009704462996230935,0.87248322147651,0.05285118219749652,0.5589061577636295,0.060459215852328475
our_vol3,Our vol3 STNPP-GAT-ZINB,20,2020-10-07,0.05,57,2790,53988,92,0.949373759376043,0.3825503355704698,0.9508612490753461,0.020021074815595362,0.04913875092465392,0.6174496644295302,0.038050734312416554,0.6667057923229079,0.07815410428608048
our_vol3,Our vol3 STNPP-GAT-ZINB,20,2020-10-07,0.1,81,5612,51166,68,0.9002230927327981,0.5436241610738255,0.9011588995737786,0.01422799929738275,0.09884110042622142,0.4563758389261745,0.027730229373502228,0.722391530323802,0.07574983558804459
our_vol3,Our vol3 STNPP-GAT-ZINB,21,2020-10-21,0.01,22,548,56213,144,0.987844081016038,0.13253012048192772,0.9903454836947905,0.03859649122807018,0.009654516305209563,0.8674698795180723,0.05978260869565217,0.5614378020883591,0.06654774873696716
our_vol3,Our vol3 STNPP-GAT-ZINB,21,2020-10-21,0.05,59,2788,53973,107,0.9491453967361709,0.35542168674698793,0.9508817674107222,0.02072356866877415,0.049118232589277847,0.6445783132530121,0.039163624294722865,0.653151727078855,0.07577376772916837
our_vol3,Our vol3 STNPP-GAT-ZINB,21,2020-10-21,0.1,96,5597,51164,70,0.9004514553726702,0.5783132530120482,0.9013935624812811,0.01686281398208326,0.09860643751871884,0.42168674698795183,0.03277009728622632,0.7398534077466646,0.08621944600613306
our_vol3,Our vol3 STNPP-GAT-ZINB,22,2020-11-04,0.01,16,554,56211,146,0.9877035501607322,0.09876543209876543,0.9902404650753105,0.028070175438596492,0.00975953492468951,0.9012345679012346,0.04371584699453552,0.544502948587038,0.04762173888484501
our_vol3,Our vol3 STNPP-GAT-ZINB,22,2020-11-04,0.05,57,2790,53975,105,0.9491453967361709,0.35185185185185186,0.9508499955958778,0.020021074815595362,0.04915000440412226,0.6481481481481481,0.03788634097706879,0.6513509237238648,0.07397770001625796
our_vol3,Our vol3 STNPP-GAT-ZINB,22,2020-11-04,0.1,80,5613,51152,82,0.8999595973790996,0.49382716049382713,0.9011186470536422,0.014052344985069383,0.09888135294635779,0.5061728395061729,0.027327070879590097,0.6974729037737346,0.07012705686203764
our_vol3,Our vol3 STNPP-GAT-ZINB,23,2020-11-18,0.01,18,552,56194,163,0.9874400548070336,0.09944751381215469,0.9902724421104572,0.031578947368421054,0.009727557889542875,0.9005524861878453,0.047936085219707054,0.5448599779613059,0.050732306160908375
our_vol3,Our vol3 STNPP-GAT-ZINB,23,2020-11-18,0.05,56,2791,53955,125,0.9487765032409928,0.30939226519337015,0.9508159165403729,0.01966982788900597,0.04918408345962711,0.6906077348066298,0.036988110964332896,0.6301040908668716,0.06720719769685352
our_vol3,Our vol3 STNPP-GAT-ZINB,23,2020-11-18,0.1,95,5598,51148,86,0.9001528273051452,0.5248618784530387,0.9013498748810489,0.016687159669769892,0.09865012511895112,0.47513812154696133,0.032345931222335714,0.7131058766670437,0.07998022327514288
our_vol3,Our vol3 STNPP-GAT-ZINB,24,2020-12-02,0.01,34,536,56205,152,0.987914346443691,0.1827956989247312,0.990553567966726,0.05964912280701754,0.009446432033274,0.8172043010752689,0.08994708994708994,0.5866746334457286,0.09936092205167545
our_vol3,Our vol3 STNPP-GAT-ZINB,24,2020-12-02,0.05,74,2773,53968,112,0.9493210603053033,0.3978494623655914,0.9511288133800955,0.02599227256761503,0.04887118661990448,0.6021505376344086,0.04879657105176392,0.6744891378728435,0.09136740331939332
our_vol3,Our vol3 STNPP-GAT-ZINB,24,2020-12-02,0.1,112,5581,51160,74,0.9006622516556292,0.6021505376344086,0.9016407888475705,0.019673282979097137,0.09835921115242946,0.3978494623655914,0.038101717979248176,0.7518956632409896,0.095830979508749
our_vol3,Our vol3 STNPP-GAT-ZINB,25,2020-12-16,0.01,21,549,56219,138,0.9879319128006043,0.1320754716981132,0.9903290586245772,0.03684210526315789,0.009670941375422773,0.8679245283018868,0.05761316872427982,0.5612022651613452,0.0648838317883502
our_vol3,Our vol3 STNPP-GAT-ZINB,25,2020-12-16,0.05,59,2788,53980,100,0.9492683612345636,0.3710691823899371,0.9508878241262683,0.02072356866877415,0.04911217587373168,0.6289308176100629,0.03925482368596141,0.6609785032581027,0.07795359793834561
our_vol3,Our vol3 STNPP-GAT-ZINB,25,2020-12-16,0.1,88,5605,51163,71,0.9002933581604511,0.5534591194968553,0.9012647970687712,0.015457579483576322,0.09873520293122887,0.44654088050314467,0.03007518796992481,0.7273619582828132,0.07999234566508882
our_vol3,Our vol3 STNPP-GAT-ZINB,26,2020-12-30,0.01,23,547,56223,134,0.9880373109420837,0.1464968152866242,0.9903646292055663,0.04035087719298246,0.00963537079443368,0.8535031847133758,0.06327372764786796,0.5684307222460953,0.07209066497860231
our_vol3,Our vol3 STNPP-GAT-ZINB,26,2020-12-30,0.05,61,2786,53984,96,0.949373759376043,0.3885350318471338,0.950924784217016,0.02142606252195293,0.04907521578298397,0.6114649681528662,0.04061251664447403,0.6697299080320749,0.0816743279936733
our_vol3,Our vol3 STNPP-GAT-ZINB,26,2020-12-30,0.1,92,5601,51169,65,0.9004690217295835,0.5859872611464968,0.9013387352474899,0.01616019673282979,0.09866126475251012,0.4140127388535032,0.031452991452991456,0.7436629981969933,0.08518813861096466
our_vol3,Our vol3 STNPP-GAT-ZINB,27,2021-01-13,0.01,17,553,56205,152,0.987615718376166,0.10059171597633136,0.9902568800873885,0.02982456140350877,0.009743119912611438,0.8994082840236687,0.046008119079837616,0.54542429803186,0.049643655509914765
our_vol3,Our vol3 STNPP-GAT-ZINB,27,2021-01-13,0.05,61,2786,53972,108,0.9491629630930841,0.3609467455621302,0.9509144085415272,0.02142606252195293,0.04908559145847281,0.6390532544378699,0.04045092838196286,0.6559305770518287,0.07784058673932544
our_vol3,Our vol3 STNPP-GAT-ZINB,27,2021-01-13,0.1,89,5604,51154,80,0.9001528273051452,0.5266272189349113,0.9012650199090877,0.01563323379588969,0.09873498009091229,0.47337278106508873,0.030365063118389633,0.7139461194219995,0.07759640115012105
our_vol3,Our vol3 STNPP-GAT-ZINB,28,2021-01-27,0.01,25,545,56241,116,0.9883886380803485,0.1773049645390071,0.9904025640122566,0.043859649122807015,0.009597435987743458,0.8226950354609929,0.07032348804500703,0.5838537642756318,0.08372813027982264
our_vol3,Our vol3 STNPP-GAT-ZINB,28,2021-01-27,0.05,62,2785,54001,79,0.9496899538004813,0.4397163120567376,0.9509562216039165,0.021777309448542326,0.049043778396083544,0.5602836879432624,0.041499330655957165,0.695336266830327,0.08909041858548543
our_vol3,Our vol3 STNPP-GAT-ZINB,28,2021-01-27,0.1,87,5606,51180,54,0.9005744198710629,0.6170212765957447,0.9012784841334132,0.015281925171262955,0.09872151586658684,0.3829787234042553,0.029825162838532746,0.7591498803645789,0.08587395790296512
our_vol3,Our vol3 STNPP-GAT-ZINB,29,2021-02-10,0.01,30,540,56204,153,0.9878265146591249,0.16393442622950818,0.9904835753559847,0.05263157894736842,0.009516424644015226,0.8360655737704918,0.07968127490039839,0.5772090007927465,0.08779546529125422
our_vol3,Our vol3 STNPP-GAT-ZINB,29,2021-02-10,0.05,73,2774,53970,110,0.9493386266622166,0.3989071038251366,0.9511137741435218,0.02564102564102564,0.04888622585647822,0.6010928961748634,0.04818481848184818,0.6750104389843292,0.09090073463169925
our_vol3,Our vol3 STNPP-GAT-ZINB,29,2021-02-10,0.1,106,5587,51157,77,0.90050415444341,0.5792349726775956,0.9015402509516425,0.018619357105216932,0.09845974904835754,0.4207650273224044,0.03607896528250511,0.7403876118146191,0.09071474267240928
our_vol3,Our vol3 STNPP-GAT-ZINB,30,2021-02-24,0.01,21,549,56207,150,0.9877211165176454,0.12280701754385964,0.9903270138839947,0.03684210526315789,0.009672986116005356,0.8771929824561403,0.056680161943319825,0.5565670157139272,0.0621850298504861
our_vol3,Our vol3 STNPP-GAT-ZINB,30,2021-02-24,0.05,62,2785,53971,109,0.9491629630930841,0.36257309941520466,0.9509302981182606,0.021777309448542326,0.049069701881739376,0.6374269005847953,0.04108681245858184,0.6567516987667326,0.07871076292829121
our_vol3,Our vol3 STNPP-GAT-ZINB,30,2021-02-24,0.1,88,5605,51151,83,0.9000825618774922,0.5146198830409356,0.9012439213475227,0.015457579483576322,0.09875607865247728,0.4853801169590643,0.030013642564802188,0.7079319021942292,0.07585869086646528
our_vol3,Our vol3 STNPP-GAT-ZINB,31,2021-03-10,0.01,27,543,56216,141,0.987984611871344,0.16071428571428573,0.9904332352578445,0.04736842105263158,0.00956676474215543,0.8392857142857143,0.07317073170731707,0.5755737604860651,0.0823496344907758
our_vol3,Our vol3 STNPP-GAT-ZINB,31,2021-03-10,0.05,51,2796,53963,117,0.9488292023117326,0.30357142857142855,0.9507390898359731,0.01791359325605901,0.04926091016402685,0.6964285714285714,0.03383084577114428,0.6271552592037009,0.06328842044234533
our_vol3,Our vol3 STNPP-GAT-ZINB,31,2021-03-10,0.1,88,5605,51154,80,0.9001352609482319,0.5238095238095238,0.9012491411053754,0.015457579483576322,0.09875085889462464,0.47619047619047616,0.0300290052891998,0.7125293324574495,0.07685482861451297
our_vol3,Our vol3 STNPP-GAT-ZINB,32,2021-03-24,0.01,23,547,56229,128,0.9881427090835632,0.152317880794702,0.9903656474566719,0.04035087719298246,0.009634352543328166,0.847682119205298,0.0638002773925104,0.5713417641256869,0.07371117744001082
our_vol3,Our vol3 STNPP-GAT-ZINB,32,2021-03-24,0.05,55,2792,53984,96,0.9492683612345636,0.36423841059602646,0.9508242919543469,0.01931858096241658,0.04917570804565309,0.6357615894039735,0.03669112741827885,0.6575313512751867,0.07434568866801616
our_vol3,Our vol3 STNPP-GAT-ZINB,32,2021-03-24,0.1,79,5614,51162,72,0.9001176945913187,0.5231788079470199,0.9011201916302664,0.013876690672756016,0.09887980836973369,0.4768211920529801,0.0270362765229295,0.7121494997886431,0.0727433259156914
our_vol3,Our vol3 STNPP-GAT-ZINB,33,2021-04-07,0.01,26,544,56243,114,0.9884413371510883,0.18571428571428572,0.990420342684065,0.0456140350877193,0.009579657315934985,0.8142857142857143,0.07323943661971831,0.5880673141991754,0.0876237563648867
our_vol3,Our vol3 STNPP-GAT-ZINB,33,2021-04-07,0.05,53,2794,53993,87,0.9493913257329563,0.37857142857142856,0.950798598270731,0.018616087109237796,0.049201401729269026,0.6214285714285714,0.03548711081352528,0.6646850134210798,0.07484460160018104
our_vol3,Our vol3 STNPP-GAT-ZINB,33,2021-04-07,0.1,77,5616,51171,63,0.9002406590897114,0.55,0.9011041259443182,0.01352538204812928,0.09889587405568176,0.45,0.02640150865763758,0.7255520629721591,0.07447586503802396
our_vol3,Our vol3 STNPP-GAT-ZINB,34,2021-04-21,0.01,18,552,56214,143,0.9877913819452984,0.11180124223602485,0.9902758693584188,0.031578947368421054,0.009724130641581228,0.8881987577639752,0.049247606019151846,0.5510385557972218,0.05444701761966948
our_vol3,Our vol3 STNPP-GAT-ZINB,34,2021-04-21,0.05,68,2779,53987,93,0.9495494229451754,0.422360248447205,0.951044639396822,0.02388479100807868,0.048955360603177955,0.577639751552795,0.04521276595744681,0.6867024439220135,0.09097561663851857
our_vol3,Our vol3 STNPP-GAT-ZINB,34,2021-04-21,0.1,89,5604,51162,72,0.9002933581604511,0.5527950310559007,0.9012789345735123,0.01563323379588969,0.09872106542648769,0.4472049689440994,0.03040655961735566,0.7270369828147065,0.08037740168245516
our_vol3,Our vol3 STNPP-GAT-ZINB,35,2021-05-05,0.01,17,553,56208,149,0.9876684174469057,0.10240963855421686,0.9902573950423706,0.02982456140350877,0.009742604957629358,0.8975903614457831,0.046195652173913034,0.5463335167982938,0.05018719956092187
our_vol3,Our vol3 STNPP-GAT-ZINB,35,2021-05-05,0.05,55,2792,53969,111,0.949004865880865,0.3313253012048193,0.9508112964887863,0.01931858096241658,0.04918870351121368,0.6686746987951807,0.036508463325589116,0.6410682988468028,0.06979533769973635
our_vol3,Our vol3 STNPP-GAT-ZINB,35,2021-05-05,0.1,81,5612,51149,85,0.8999244646652731,0.4879518072289157,0.9011292965240217,0.01422799929738275,0.09887070347597822,0.5120481927710844,0.027649769585253454,0.6945405518764687,0.06993095810517941
our_vol3,Our vol3 STNPP-GAT-ZINB,36,2021-05-19,0.01,26,544,56233,124,0.9882656735819558,0.17333333333333334,0.990418655441464,0.0456140350877193,0.009581344558536027,0.8266666666666667,0.07222222222222223,0.5818759943873987,0.0843154325394266
our_vol3,Our vol3 STNPP-GAT-ZINB,36,2021-05-19,0.05,59,2788,53989,91,0.9494264584467828,0.3933333333333333,0.9508956091375028,0.02072356866877415,0.04910439086249714,0.6066666666666667,0.0393727060393727,0.6721144712354181,0.08095937705722016
our_vol3,Our vol3 STNPP-GAT-ZINB,36,2021-05-19,0.1,80,5613,51164,70,0.9001703936620584,0.5333333333333333,0.9011395459428995,0.014052344985069383,0.09886045405710059,0.4666666666666667,0.027383193564949514,0.7172364396381163,0.07424116844363607
our_vol3,Our vol3 STNPP-GAT-ZINB,37,2021-06-02,0.01,21,549,56237,120,0.9882481072250426,0.14893617021276595,0.9903321241150987,0.03684210526315789,0.009667875884901207,0.851063829787234,0.0590717299578059,0.5696341471639323,0.06952981772531333
our_vol3,Our vol3 STNPP-GAT-ZINB,37,2021-06-02,0.05,51,2796,53990,90,0.9493034939483901,0.3617021276595745,0.9507625118867327,0.01791359325605901,0.04923748811326736,0.6382978723404256,0.03413654618473896,0.6562323197731535,0.07125559933661378
our_vol3,Our vol3 STNPP-GAT-ZINB,37,2021-06-02,0.1,72,5621,51165,69,0.9000474291636658,0.5106382978723404,0.9010143345190716,0.012647110486562444,0.0989856654809284,0.48936170212765956,0.024682893383613302,0.705826316195706,0.06820423913546331
our_vol3,Our vol3 STNPP-GAT-ZINB,38,2021-06-16,0.01,26,544,56228,129,0.9881778417973897,0.16774193548387098,0.9904178115972663,0.0456140350877193,0.009582188402733742,0.832258064516129,0.07172413793103448,0.5790798735405687,0.08277849892122403
our_vol3,Our vol3 STNPP-GAT-ZINB,38,2021-06-16,0.05,48,2799,53973,107,0.9489521668101253,0.3096774193548387,0.9506975269499048,0.01685985247629083,0.049302473050095115,0.6903225806451613,0.031978680879413725,0.6301874731523718,0.06224723492794572
our_vol3,Our vol3 STNPP-GAT-ZINB,38,2021-06-16,0.1,85,5608,51164,70,0.9002582254466246,0.5483870967741935,0.9012189107306419,0.01493061654663622,0.09878108926935814,0.45161290322580644,0.029069767441860468,0.7248030037524177,0.07809357916767153
our_vol3,Our vol3 STNPP-GAT-ZINB,39,2021-06-30,0.01,26,544,56186,171,0.9874400548070336,0.1319796954314721,0.9904107174334568,0.0456140350877193,0.009589282566543275,0.868020304568528,0.06779661016949153,0.5611952064324645,0.07218975094709013
our_vol3,Our vol3 STNPP-GAT-ZINB,39,2021-06-30,0.05,76,2771,53959,121,0.9491980958069106,0.38578680203045684,0.9511545919266702,0.026694766420793818,0.04884540807332981,0.6142131979695431,0.04993429697766097,0.6684706969785635,0.09077824828616073
our_vol3,Our vol3 STNPP-GAT-ZINB,39,2021-06-30,0.1,114,5579,51151,83,0.9005392871572364,0.5786802030456852,0.9016569716199542,0.02002459160372387,0.09834302838004583,0.4213197969543147,0.03870967741935484,0.7401685873328196,0.09402340616291684
our_vol3,Our vol3 STNPP-GAT-ZINB,40,2021-07-14,0.01,22,548,56202,155,0.9876508510899924,0.12429378531073447,0.9903436123348017,0.03859649122807018,0.009656387665198237,0.8757062146892656,0.05890227576974565,0.5573186988227681,0.06410391053795882
our_vol3,Our vol3 STNPP-GAT-ZINB,40,2021-07-14,0.05,64,2783,53967,113,0.9491278303792576,0.3615819209039548,0.9509603524229074,0.02247980330172111,0.04903964757709251,0.6384180790960452,0.04232804232804233,0.6562711366634311,0.07983002362786462
our_vol3,Our vol3 STNPP-GAT-ZINB,40,2021-07-14,0.1,101,5592,51158,76,0.900433889015757,0.5706214689265536,0.9014625550660793,0.017741085543650097,0.0985374449339207,0.4293785310734463,0.034412265758091996,0.7360420119963165,0.08760706799757632
our_vol3,Our vol3 STNPP-GAT-ZINB,41,2021-07-28,0.01,26,544,56217,140,0.987984611871344,0.1566265060240964,0.9904159546167263,0.0456140350877193,0.009584045383273726,0.8433734939759037,0.07065217391304347,0.5735212303204114,0.07963618807780337
our_vol3,Our vol3 STNPP-GAT-ZINB,41,2021-07-28,0.05,66,2781,53980,100,0.9493913257329563,0.39759036144578314,0.9510050915241098,0.023182297154899896,0.04899490847589014,0.6024096385542169,0.04381015599070694,0.6742977264849465,0.0862360202806744
our_vol3,Our vol3 STNPP-GAT-ZINB,41,2021-07-28,0.1,105,5588,51173,61,0.9007676497971085,0.6325301204819277,0.9015521220556368,0.018443702792903565,0.0984478779443632,0.3674698795180723,0.035842293906810034,0.7670411212687822,0.09599253874670526
our_vol3,Our vol3 STNPP-GAT-ZINB,42,2021-08-11,0.01,24,546,56224,133,0.9880724436559102,0.15286624203821655,0.9903822441430333,0.042105263157894736,0.009617755856966708,0.8471337579617835,0.06602475928473177,0.571624243090625,0.07545498781122166
our_vol3,Our vol3 STNPP-GAT-ZINB,42,2021-08-11,0.05,67,2780,53990,90,0.9495845556590019,0.4267515923566879,0.9510304738418178,0.023533544081489288,0.04896952615818214,0.5732484076433121,0.04460719041278296,0.6888910330992528,0.09089469482005931
our_vol3,Our vol3 STNPP-GAT-ZINB,42,2021-08-11,0.1,104,5589,51181,53,0.9008906142955012,0.6624203821656051,0.9015501144970935,0.018268048480590198,0.09844988550290647,0.3375796178343949,0.035555555555555556,0.7819852483313493,0.09858615628490897
our_vol3,Our vol3 STNPP-GAT-ZINB,43,2021-08-25,0.01,14,556,56212,145,0.9876859838038189,0.0880503144654088,0.9902057497181511,0.02456140350877193,0.009794250281848929,0.9119496855345912,0.03840877914951989,0.53912803209178,0.04148174329429371
our_vol3,Our vol3 STNPP-GAT-ZINB,43,2021-08-25,0.05,59,2788,53980,100,0.9492683612345636,0.3710691823899371,0.9508878241262683,0.02072356866877415,0.04911217587373168,0.6289308176100629,0.03925482368596141,0.6609785032581027,0.07795359793834561
our_vol3,Our vol3 STNPP-GAT-ZINB,43,2021-08-25,0.1,89,5604,51164,70,0.9003284908742776,0.559748427672956,0.9012824126268321,0.01563323379588969,0.09871758737316798,0.44025157232704404,0.030416951469583054,0.730515420149894,0.08110182243780129
our_vol3,Our vol3 STNPP-GAT-ZINB,44,2021-09-08,0.01,30,540,56213,144,0.987984611871344,0.1724137931034483,0.9904850844889257,0.05263157894736842,0.009514915511074305,0.8275862068965517,0.08064516129032258,0.581449438796187,0.09031830252254296
our_vol3,Our vol3 STNPP-GAT-ZINB,44,2021-09-08,0.05,63,2784,53969,111,0.9491453967361709,0.3620689655172414,0.9509453244762391,0.022128556375131718,0.04905467552376086,0.6379310344827587,0.04170804369414101,0.6565071449967402,0.07927223916190357
our_vol3,Our vol3 STNPP-GAT-ZINB,44,2021-09-08,0.1,100,5593,51160,74,0.9004514553726702,0.5747126436781609,0.9014501436047434,0.01756543123133673,0.09854985639525664,0.42528735632183906,0.03408897221748765,0.7380813936414521,0.08761425325624933
our_vol3,Our vol3 STNPP-GAT-ZINB,45,2021-09-22,0.01,25,545,56183,174,0.9873697893793806,0.12562814070351758,0.9903927513749824,0.043859649122807015,0.009607248625017628,0.8743718592964824,0.06501950585175552,0.55801044603925,0.06877809040295299
our_vol3,Our vol3 STNPP-GAT-ZINB,45,2021-09-22,0.05,78,2769,53959,121,0.9492332285207371,0.39195979899497485,0.9511881257932591,0.0273972602739726,0.04881187420674094,0.6080402010050251,0.05121470781352593,0.6715739623941169,0.09291687094896607
our_vol3,Our vol3 STNPP-GAT-ZINB,45,2021-09-22,0.1,118,5575,51153,81,0.9006446852987159,0.592964824120603,0.9017240163587646,0.020727208852977342,0.09827598364123537,0.40703517587939697,0.04005431093007469,0.7473444202396838,0.09732124674696002
our_vol3,Our vol3 STNPP-GAT-ZINB,46,2021-10-06,0.01,28,542,56198,159,0.9876859838038189,0.1497326203208556,0.990447655974621,0.04912280701754386,0.009552344025378922,0.8502673796791443,0.07397622192866579,0.5700901381477383,0.08056399975680476
our_vol3,Our vol3 STNPP-GAT-ZINB,46,2021-10-06,0.05,77,2770,53970,110,0.9494088920898694,0.4117647058823529,0.9511808248149454,0.02704601334738321,0.04881917518505464,0.5882352941176471,0.050758075148319044,0.6814727653486492,0.09527848585985792
our_vol3,Our vol3 STNPP-GAT-ZINB,46,2021-10-06,0.1,104,5589,51151,83,0.9003636235881041,0.5561497326203209,0.9014980613323934,0.018268048480590198,0.09850193866760662,0.44385026737967914,0.03537414965986395,0.7288238969763572,0.08728650779392165
our_vol3,Our vol3 STNPP-GAT-ZINB,47,2021-10-20,0.01,26,544,56204,153,0.9877562492314719,0.1452513966480447,0.9904137590752097,0.0456140350877193,0.009586240924790301,0.8547486033519553,0.06942590120160215,0.5678325778616272,0.07628844312616005
our_vol3,Our vol3 STNPP-GAT-ZINB,47,2021-10-20,0.05,71,2776,53972,108,0.9493386266622166,0.39664804469273746,0.9510819764573201,0.024938531787846857,0.04891802354267992,0.6033519553072626,0.046926635822868476,0.6738650105750288,0.08931654343280464
our_vol3,Our vol3 STNPP-GAT-ZINB,47,2021-10-20,0.1,104,5589,51159,75,0.90050415444341,0.5810055865921788,0.9015119475576232,0.018268048480590198,0.09848805244237682,0.41899441340782123,0.035422343324250684,0.741258767074901,0.09004615465863625
our_vol3,Our vol3 STNPP-GAT-ZINB,48,2021-11-03,0.01,36,534,56198,159,0.9878265146591249,0.18461538461538463,0.9905873228513008,0.06315789473684211,0.009412677148699146,0.8153846153846154,0.09411764705882353,0.5876013537333427,0.10281602389686632
our_vol3,Our vol3 STNPP-GAT-ZINB,48,2021-11-03,0.05,84,2763,53969,111,0.9495142902313489,0.4307692307692308,0.951297327786787,0.029504741833508957,0.048702672213213,0.5692307692307692,0.05522682445759369,0.691033279278009,0.10241375840239506
our_vol3,Our vol3 STNPP-GAT-ZINB,48,2021-11-03,0.1,121,5572,51160,74,0.9008203488678483,0.6205128205128205,0.9017838257068321,0.021254171789917443,0.09821617429316788,0.37948717948717947,0.04110054347826087,0.7611483231098264,0.10171824678314866
our_vol3,Our vol3 STNPP-GAT-ZINB,49,2021-11-17,0.01,25,545,56208,149,0.9878089483022116,0.14367816091954022,0.9903969834193788,0.043859649122807015,0.00960301658062129,0.8563218390804598,0.06720430107526881,0.5670375721694595,0.07433715705186045
our_vol3,Our vol3 STNPP-GAT-ZINB,49,2021-11-17,0.05,66,2781,53972,108,0.9492507948776503,0.3793103448275862,0.9509981851179673,0.023182297154899896,0.04900181488203267,0.6206896551724138,0.04369414101290964,0.6651542649727767,0.0836520811353567
our_vol3,Our vol3 STNPP-GAT-ZINB,49,2021-11-17,0.1,105,5588,51165,69,0.9006271189418027,0.603448275862069,0.9015382446742903,0.018443702792903565,0.09846175532570965,0.39655172413793105,0.035793420828362024,0.7524932602681796,0.09291783835887596
our_vol3,Our vol3 STNPP-GAT-ZINB,50,2021-12-01,0.01,37,533,56151,206,0.9870184622411158,0.1522633744855967,0.9905969938607014,0.06491228070175438,0.009403006139298568,0.8477366255144033,0.09102091020910208,0.5714301841731491,0.09354784467274053
our_vol3,Our vol3 STNPP-GAT-ZINB,50,2021-12-01,0.05,87,2760,53924,156,0.9487765032409928,0.35802469135802467,0.9513090113612307,0.030558482613277135,0.04869098863876932,0.6419753086419753,0.05631067961165048,0.6546668513596277,0.09252275297678401
our_vol3,Our vol3 STNPP-GAT-ZINB,50,2021-12-01,0.1,133,5560,51124,110,0.9003987563019306,0.5473251028806584,0.9019123562204502,0.02336202353767785,0.09808764377954979,0.45267489711934156,0.044811320754716985,0.7246187295505543,0.09762467920711486
our_vol3,Our vol3 STNPP-GAT-ZINB,51,2021-12-15,0.01,29,541,56206,151,0.987844081016038,0.16111111111111112,0.9904664563765485,0.05087719298245614,0.00953354362345146,0.8388888888888889,0.07733333333333332,0.5757887837438298,0.08547345869664272
our_vol3,Our vol3 STNPP-GAT-ZINB,51,2021-12-15,0.05,77,2770,53977,103,0.9495318565882621,0.42777777777777776,0.9511868468817735,0.02704601334738321,0.04881315311822652,0.5722222222222222,0.05087545424512719,0.6894823123297756,0.09760999771717987
our_vol3,Our vol3 STNPP-GAT-ZINB,51,2021-12-15,0.1,110,5583,51164,70,0.9006973843694556,0.6111111111111112,0.9016159444552135,0.019321974354470403,0.0983840555447865,0.3888888888888889,0.03745956070151541,0.7563635277831624,0.09594983164204779
our_vol3,Our vol3 STNPP-GAT-ZINB,52,2021-12-29,0.01,19,551,56180,177,0.9872116921671614,0.09693877551020408,0.9902874971356048,0.03333333333333333,0.009712502864395128,0.9030612244897959,0.04960835509138382,0.5436131363229044,0.051318530107592776
our_vol3,Our vol3 STNPP-GAT-ZINB,52,2021-12-29,0.05,72,2775,53956,124,0.949075131308518,0.3673469387755102,0.9510849447392078,0.02528977871443625,0.04891505526079216,0.6326530612244898,0.04732172198488334,0.659215941757359,0.08557417596692762
our_vol3,Our vol3 STNPP-GAT-ZINB,52,2021-12-29,0.1,98,5595,51136,98,0.8999947300929261,0.5,0.9013766723660785,0.017214122606709993,0.0986233276339215,0.5,0.033282390898284935,0.7006883361830393,0.078368342120727
our_vol3,Our vol3 STNPP-GAT-ZINB,53,2022-01-12,0.01,41,529,56194,163,0.987844081016038,0.20098039215686275,0.9906739770463481,0.07192982456140351,0.009326022953651958,0.7990196078431373,0.10594315245478036,0.5958271846016054,0.11502759588846306
our_vol3,Our vol3 STNPP-GAT-ZINB,53,2022-01-12,0.05,79,2768,53955,125,0.9491805294499973,0.3872549019607843,0.9512014526735186,0.027748507200561996,0.04879854732648132,0.6127450980392157,0.0517862995739102,0.6692281773171515,0.09278660345041578
our_vol3,Our vol3 STNPP-GAT-ZINB,53,2022-01-12,0.1,119,5574,51149,85,0.9005919862279762,0.5833333333333334,0.9017329830932779,0.02090286316529071,0.09826701690672214,0.4166666666666667,0.04035950483296592,0.7425331582133057,0.09661533711968849
our_vol3,Our vol3 STNPP-GAT-ZINB,54,2022-01-26,0.01,23,547,56207,150,0.9877562492314719,0.1329479768786127,0.9903619128167178,0.04035087719298246,0.009638087183282235,0.8670520231213873,0.061911170928667554,0.5616549448476653,0.0681722829051964
our_vol3,Our vol3 STNPP-GAT-ZINB,54,2022-01-26,0.05,62,2785,53969,111,0.9491278303792576,0.3583815028901734,0.9509285689114424,0.021777309448542326,0.04907143108855763,0.6416184971098265,0.04105960264900662,0.6546550359008079,0.07810939540931704
our_vol3,Our vol3 STNPP-GAT-ZINB,54,2022-01-26,0.1,89,5604,51150,84,0.9000825618774922,0.5144508670520231,0.9012580611058252,0.01563323379588969,0.09874193889417486,0.48554913294797686,0.030344357313331065,0.7078544640789242,0.07627125939469862
our_vol3,Our vol3 STNPP-GAT-ZINB,55,2022-02-09,0.01,22,548,56193,164,0.9874927538777732,0.11827956989247312,0.9903420806823989,0.03859649122807018,0.00965791931760103,0.8817204301075269,0.0582010582010582,0.554310825287436,0.062260126906980705
our_vol3,Our vol3 STNPP-GAT-ZINB,55,2022-02-09,0.05,62,2785,53956,124,0.9488994677393855,0.3333333333333333,0.9509173260957685,0.021777309448542326,0.04908267390423151,0.6666666666666666,0.04088361358391032,0.6421253297145509,0.07442080624751679
our_vol3,Our vol3 STNPP-GAT-ZINB,55,2022-02-09,0.1,94,5599,51142,92,0.9000298628067525,0.5053763440860215,0.90132355792108,0.016511505357456525,0.09867644207892,0.4946236559139785,0.03197822758972615,0.7033499510035508,0.07736228856422542
our_vol3,Our vol3 STNPP-GAT-ZINB,56,2022-02-23,0.01,28,542,56224,133,0.9881427090835632,0.17391304347826086,0.9904520311454039,0.04912280701754386,0.009547968854596061,0.8260869565217391,0.07660738714090287,0.5821825373118323,0.08767085955222209
our_vol3,Our vol3 STNPP-GAT-ZINB,56,2022-02-23,0.05,70,2777,53989,91,0.9496196883728284,0.43478260869565216,0.951079871754219,0.024587284861257466,0.048920128245780924,0.5652173913043478,0.046542553191489366,0.6929312402249356,0.09401075947152168
our_vol3,Our vol3 STNPP-GAT-ZINB,56,2022-02-23,0.1,96,5597,51169,65,0.9005392871572364,0.5962732919254659,0.9014022478244019,0.01686281398208326,0.09859775217559807,0.40372670807453415,0.032798086778271264,0.7488377698749339,0.08809548618485397
our_vol3,Our vol3 STNPP-GAT-ZINB,57,2022-03-09,0.01,20,550,56196,161,0.9875103202346865,0.11049723756906077,0.9903076868854193,0.03508771929824561,0.009692313114580763,0.8895027624309392,0.05326231691078562,0.55040246222724,0.05700032102515822
our_vol3,Our vol3 STNPP-GAT-ZINB,57,2022-03-09,0.05,59,2788,53958,122,0.9488819013824723,0.3259668508287293,0.950868783702816,0.02072356866877415,0.04913121629718394,0.6740331491712708,0.03896961690885072,0.6384178172657726,0.0715017763681747
our_vol3,Our vol3 STNPP-GAT-ZINB,57,2022-03-09,0.1,89,5604,51142,92,0.8999420310221863,0.49171270718232046,0.9012441405561625,0.01563323379588969,0.09875585944383745,0.5082872928176796,0.030303030303030307,0.6964784238692415,0.07373981635599017
our_vol3,Our vol3 STNPP-GAT-ZINB,58,2022-03-23,0.01,36,534,56193,164,0.9877386828745587,0.18,0.9905864932042943,0.06315789473684211,0.009413506795705748,0.82,0.09350649350649351,0.5852932466021471,0.10137787562240876
our_vol3,Our vol3 STNPP-GAT-ZINB,58,2022-03-23,0.05,78,2769,53958,122,0.9492156621638238,0.39,0.9511872653233909,0.0273972602739726,0.04881273467660902,0.61,0.05119789957335083,0.6705936326616955,0.09261698604302633
our_vol3,Our vol3 STNPP-GAT-ZINB,58,2022-03-23,0.1,122,5571,51156,78,0.9007676497971085,0.61,0.9017927970807552,0.02142982610223081,0.0982072029192448,0.39,0.041405056847106735,0.7558963985403776,0.10093792011948474
our_vol3,Our vol3 STNPP-GAT-ZINB,59,2022-04-06,0.01,32,538,56183,174,0.9874927538777732,0.1553398058252427,0.9905149768163467,0.056140350877192984,0.00948502318365332,0.8446601941747572,0.08247422680412371,0.5729273913207947,0.08796600379677055
our_vol3,Our vol3 STNPP-GAT-ZINB,59,2022-04-06,0.05,81,2766,53955,125,0.9492156621638238,0.3932038834951456,0.9512349923308827,0.02845100105374078,0.04876500766911726,0.6067961165048543,0.05306256141500164,0.6722194379130142,0.0948867644218682
our_vol3,Our vol3 STNPP-GAT-ZINB,59,2022-04-06,0.1,117,5576,51145,89,0.9004865880864967,0.5679611650485437,0.9016942578586414,0.02055155454066397,0.09830574214135858,0.4320388349514563,0.03966774029496525,0.7348277114535926,0.09400158296508425
our_vol3,Our vol3 STNPP-GAT-ZINB,60,2022-04-20,0.01,29,541,56190,167,0.9875630193054262,0.14795918367346939,0.9904637676050131,0.05087719298245614,0.009536232394986868,0.8520408163265306,0.07571801566579635,0.5692114756392412,0.08143948121699283
our_vol3,Our vol3 STNPP-GAT-ZINB,60,2022-04-20,0.05,71,2776,53955,125,0.9490399985946915,0.3622448979591837,0.951067317692267,0.024938531787846857,0.04893268230773298,0.6377551020408163,0.0466644758462044,0.6566561078257254,0.08419833585384669
our_vol3,Our vol3 STNPP-GAT-ZINB,60,2022-04-20,0.1,107,5586,51145,89,0.9003109245173644,0.5459183673469388,0.901535315788546,0.0187950114175303,0.09846468421145406,0.45408163265306123,0.036338937001188655,0.7237268415677424,0.08736482645199334
our_vol3,Our vol3 STNPP-GAT-ZINB,61,2022-05-04,0.01,35,535,56176,181,0.9874224884501204,0.16203703703703703,0.9905662040873905,0.06140350877192982,0.009433795912609547,0.8379629629629629,0.08905852417302798,0.5763016205622138,0.0942351496893358
our_vol3,Our vol3 STNPP-GAT-ZINB,61,2022-05-04,0.05,87,2760,53951,129,0.9492507948776503,0.4027777777777778,0.9513321930489675,0.030558482613277135,0.04866780695103243,0.5972222222222222,0.05680705190989226,0.6770549854133727,0.09988185714512478
our_vol3,Our vol3 STNPP-GAT-ZINB,61,2022-05-04,0.1,119,5574,51137,97,0.9003811899450173,0.5509259259259259,0.9017121898749801,0.02090286316529071,0.09828781012501983,0.44907407407407407,0.04027754273142664,0.726319057900453,0.09276025346532496
our_vol3,Our vol3 STNPP-GAT-ZINB,62,2022-05-18,0.01,35,535,56188,169,0.9876332847330792,0.1715686274509804,0.9905681998483861,0.06140350877192982,0.009431800151613984,0.8284313725490197,0.09043927648578812,0.5810684136496832,0.09731168418839574
our_vol3,Our vol3 STNPP-GAT-ZINB,62,2022-05-18,0.05,91,2756,53967,113,0.9496021220159151,0.44607843137254904,0.9514130070694428,0.0319634703196347,0.04858699293055727,0.553921568627451,0.05965257292690921,0.6987457192209959,0.10897086129023272
our_vol3,Our vol3 STNPP-GAT-ZINB,62,2022-05-18,0.1,118,5575,51148,86,0.9005568535141497,0.5784313725490197,0.9017153535602842,0.020727208852977342,0.09828464643971581,0.4215686274509804,0.04002034933016788,0.7400733630546519,0.09563545486255938
our_vol3,Our vol3 STNPP-GAT-ZINB,63,2022-06-01,0.01,31,539,56185,172,0.9875103202346865,0.15270935960591134,0.9904978492348917,0.054385964912280704,0.009502150765108243,0.8472906403940886,0.08020698576972835,0.5716036044204015,0.08574029279199157
our_vol3,Our vol3 STNPP-GAT-ZINB,63,2022-06-01,0.05,79,2768,53956,124,0.9491980958069106,0.3891625615763547,0.9512023129539525,0.027748507200561996,0.048797687046047526,0.6108374384236454,0.05180327868852459,0.6701824372651536,0.09308165636854235
our_vol3,Our vol3 STNPP-GAT-ZINB,63,2022-06-01,0.1,111,5582,51142,92,0.9003284908742776,0.5467980295566502,0.901593681686764,0.01949762866678377,0.09840631831323603,0.45320197044334976,0.03765264586160109,0.7241958556217072,0.08909212035641302
our_vol3,Our vol3 STNPP-GAT-ZINB,64,2022-06-15,0.01,34,536,56187,170,0.9875981520192527,0.16666666666666666,0.9905505703153924,0.05964912280701754,0.009449429684607654,0.8333333333333334,0.08785529715762273,0.5786086184910295,0.09435903223838452
our_vol3,Our vol3 STNPP-GAT-ZINB,64,2022-06-15,0.05,96,2751,53972,108,0.9497777855850476,0.47058823529411764,0.9515011547344111,0.03371970495258166,0.04849884526558892,0.5294117647058824,0.06293018682399212,0.7110446950142644,0.1157143020568231
our_vol3,Our vol3 STNPP-GAT-ZINB,64,2022-06-15,0.1,126,5567,51156,78,0.9008379152247615,0.6176470588235294,0.9018563898242336,0.022132443351484277,0.09814361017576645,0.38235294117647056,0.04273359335255215,0.7597517243238815,0.10347451291959224
our_vol3,Our vol3 STNPP-GAT-ZINB,65,2022-06-29,0.01,20,550,56185,172,0.9873170903086409,0.10416666666666667,0.9903058077024764,0.03508771929824561,0.009694192297523574,0.8958333333333334,0.052493438320209966,0.5472362371845716,0.05501360097346884
our_vol3,Our vol3 STNPP-GAT-ZINB,65,2022-06-29,0.05,80,2767,53968,112,0.9494264584467828,0.4166666666666667,0.9512293998413678,0.028099754127151388,0.04877060015863224,0.5833333333333334,0.05264889766370517,0.6839480332540172,0.09785639520534138
our_vol3,Our vol3 STNPP-GAT-ZINB,65,2022-06-29,0.1,115,5578,51157,77,0.9006622516556292,0.5989583333333334,0.9016832642989336,0.020200245916037238,0.09831673570106636,0.4010416666666667,0.03908241291418861,0.7503207988161336,0.09675052978205062
our_vol3,Our vol3 STNPP-GAT-ZINB,66,2022-07-13,0.01,36,534,56199,158,0.987844081016038,0.18556701030927836,0.9905874887631537,0.06315789473684211,0.00941251123684628,0.8144329896907216,0.09424083769633508,0.5880772495362161,0.10311007867421394
our_vol3,Our vol3 STNPP-GAT-ZINB,66,2022-07-13,0.05,83,2764,53969,111,0.9494967238744357,0.42783505154639173,0.951280559815275,0.029153494906919566,0.04871944018472494,0.5721649484536082,0.054587306806971395,0.6895578056808334,0.1013627379485535
our_vol3,Our vol3 STNPP-GAT-ZINB,66,2022-07-13,0.1,112,5581,51152,82,0.9005217208003232,0.5773195876288659,0.9016269190770804,0.019673282979097137,0.09837308092291965,0.422680412371134,0.0380499405469679,0.7394732533529731,0.09303707020974454
our_vol3,Our vol3 STNPP-GAT-ZINB,67,2022-07-27,0.01,43,527,56176,181,0.9875630193054262,0.19196428571428573,0.9907059591203288,0.07543859649122807,0.00929404087967127,0.8080357142857143,0.10831234256926953,0.5913351224173072,0.11486387867894954
our_vol3,Our vol3 STNPP-GAT-ZINB,67,2022-07-27,0.05,102,2745,53958,122,0.9496372547297416,0.45535714285714285,0.9515898629702132,0.03582718651211802,0.04841013702978678,0.5446428571428571,0.06642787365678932,0.703473502913678,0.11688339293828029
our_vol3,Our vol3 STNPP-GAT-ZINB,67,2022-07-27,0.1,143,5550,51153,81,0.9010838442215469,0.6383928571428571,0.9021215808687371,0.025118566660811522,0.0978784191312629,0.36160714285714285,0.04833530505323644,0.770257219005797,0.11279363758851657
our_vol3,Our vol3 STNPP-GAT-ZINB,68,2022-08-10,0.01,29,541,56221,136,0.9881075763697367,0.17575757575757575,0.9904689757231951,0.05087719298245614,0.009531024276804904,0.8242424242424242,0.07891156462585033,0.5831132757403854,0.0897552479006422
our_vol3,Our vol3 STNPP-GAT-ZINB,68,2022-08-10,0.05,70,2777,53985,95,0.9495494229451754,0.42424242424242425,0.9510764243684154,0.024587284861257466,0.04892357563158451,0.5757575757575758,0.04648074369189907,0.6876594243054198,0.0925676241200822
our_vol3,Our vol3 STNPP-GAT-ZINB,68,2022-08-10,0.1,93,5600,51162,72,0.9003636235881041,0.5636363636363636,0.901342447412001,0.01633585104514316,0.09865755258799902,0.43636363636363634,0.03175145100716968,0.7324894055241823,0.08332095816824689
our_vol3,Our vol3 STNPP-GAT-ZINB,69,2022-08-24,0.01,37,533,56212,145,0.9880900100128235,0.2032967032967033,0.9906071019473082,0.06491228070175438,0.009392898052691867,0.7967032967032966,0.09840425531914894,0.5969519026220057,0.10994474211277146
our_vol3,Our vol3 STNPP-GAT-ZINB,69,2022-08-24,0.05,85,2762,53983,97,0.9497777855850476,0.46703296703296704,0.9513261080271389,0.02985598876009835,0.048673891972861046,0.532967032967033,0.05612413337735225,0.7091795375300529,0.10835192045999209
our_vol3,Our vol3 STNPP-GAT-ZINB,69,2022-08-24,0.1,116,5577,51168,66,0.900873047938588,0.6373626373626373,0.9017182130584193,0.020375900228350605,0.09828178694158075,0.3626373626373626,0.039489361702127655,0.7695404252105282,0.10143870006638635
our_vol3,Our vol3 STNPP-GAT-ZINB,70,2022-09-07,0.01,32,538,56195,162,0.9877035501607322,0.16494845360824742,0.9905169830610051,0.056140350877192984,0.009483016938994941,0.8350515463917526,0.0837696335078534,0.5777327183346262,0.09099996588504011
our_vol3,Our vol3 STNPP-GAT-ZINB,70,2022-09-07,0.05,87,2760,53973,107,0.9496372547297416,0.4484536082474227,0.9513510655174238,0.030558482613277135,0.048648934482576275,0.5515463917525774,0.057218020388030255,0.6999023368824232,0.10689429599556355
our_vol3,Our vol3 STNPP-GAT-ZINB,70,2022-09-07,0.1,111,5582,51151,83,0.9004865880864967,0.5721649484536082,0.9016092926515432,0.01949762866678377,0.09839070734845681,0.42783505154639173,0.037710208934941404,0.7368871205525758,0.09203233913621768
our_vol3,Our vol3 STNPP-GAT-ZINB,71,2022-09-21,0.01,32,538,56174,183,0.9873346566655541,0.14883720930232558,0.9905134715756806,0.056140350877192984,0.009486528424319369,0.8511627906976744,0.08152866242038218,0.5696753404390031,0.08585279638708178
our_vol3,Our vol3 STNPP-GAT-ZINB,71,2022-09-21,0.05,79,2768,53944,136,0.9489872995239518,0.3674418604651163,0.9511919875864014,0.027748507200561996,0.048808012413598535,0.6325581395348837,0.05160026126714566,0.6593169240257588,0.08966780630978559
our_vol3,Our vol3 STNPP-GAT-ZINB,71,2022-09-21,0.1,119,5574,51138,96,0.9003987563019306,0.5534883720930233,0.9017139229792637,0.02090286316529071,0.09828607702073636,0.44651162790697674,0.04028436018957346,0.7276011475361435,0.09307036793327637
our_vol3,Our vol3 STNPP-GAT-ZINB,72,2022-10-05,0.01,28,542,56191,166,0.9875630193054262,0.14432989690721648,0.9904464773588564,0.04912280701754386,0.009553522641143602,0.8556701030927835,0.07329842931937172,0.5673881871330364,0.07888985309586628
our_vol3,Our vol3 STNPP-GAT-ZINB,72,2022-10-05,0.05,79,2768,53965,115,0.9493561930191298,0.4072164948453608,0.9512100541131264,0.027748507200561996,0.048789945886873604,0.5927835051546392,0.051956593225912534,0.6792132744792436,0.09583117990154344
our_vol3,Our vol3 STNPP-GAT-ZINB,72,2022-10-05,0.1,111,5582,51151,83,0.9004865880864967,0.5721649484536082,0.9016092926515432,0.01949762866678377,0.09839070734845681,0.42783505154639173,0.037710208934941404,0.7368871205525758,0.09203233913621768
our_vol3,Our vol3 STNPP-GAT-ZINB,73,2022-10-19,0.01,29,541,56198,159,0.9877035501607322,0.15425531914893617,0.9904651121803345,0.05087719298245614,0.009534887819665485,0.8457446808510638,0.07651715039577837,0.5723602156646354,0.083394661524961
our_vol3,Our vol3 STNPP-GAT-ZINB,73,2022-10-19,0.05,76,2771,53968,112,0.9493561930191298,0.40425531914893614,0.9511623398367965,0.026694766420793818,0.04883766016320344,0.5957446808510638,0.050082372322899506,0.6777088294928664,0.09355062433584803
our_vol3,Our vol3 STNPP-GAT-ZINB,73,2022-10-19,0.1,105,5588,51151,83,0.9003811899450173,0.5585106382978723,0.9015139498404977,0.018443702792903565,0.09848605015950228,0.44148936170212766,0.03570821288896447,0.730012294069185,0.08797334077825245
our_vol3,Our vol3 STNPP-GAT-ZINB,74,2022-11-02,0.01,39,531,56189,168,0.9877211165176454,0.18840579710144928,0.9906382228490832,0.06842105263157895,0.009361777150916784,0.8115942028985508,0.1003861003861004,0.5895220099752663,0.10824347914924468
our_vol3,Our vol3 STNPP-GAT-ZINB,74,2022-11-02,0.05,78,2769,53951,129,0.9490926976654311,0.37681159420289856,0.9511812411847673,0.0273972602739726,0.048818758815232725,0.6231884057971014,0.05108055009823183,0.6639964176938329,0.09057442088997344
our_vol3,Our vol3 STNPP-GAT-ZINB,74,2022-11-02,0.1,118,5575,51145,89,0.90050415444341,0.5700483091787439,0.9017101551480959,0.020727208852977342,0.09828984485190409,0.42995169082125606,0.04000000000000001,0.73587923216342,0.09465057594926628
our_vol3,Our vol3 STNPP-GAT-ZINB,75,2022-11-16,0.01,36,534,56175,182,0.9874224884501204,0.1651376146788991,0.9905835052637147,0.06315789473684211,0.009416494736285246,0.8348623853211009,0.09137055837563453,0.5778605599713069,0.09660295218629404
our_vol3,Our vol3 STNPP-GAT-ZINB,75,2022-11-16,0.05,93,2754,53955,125,0.9494264584467828,0.42660550458715596,0.9514362799555626,0.032665964172813484,0.04856372004443739,0.573394495412844,0.06068515497553017,0.6890208922713592,0.10712281357395677
our_vol3,Our vol3 STNPP-GAT-ZINB,75,2022-11-16,0.1,132,5561,51148,86,0.900802782510935,0.6055045871559633,0.9019379639916063,0.023186369225364482,0.09806203600839374,0.3944954128440367,0.044662493655895794,0.7537212755737848,0.10446995298224689
our_vol3,Our vol3 STNPP-GAT-ZINB,76,2022-11-30,0.01,31,539,56196,161,0.9877035501607322,0.16145833333333334,0.9904996915484269,0.054385964912280704,0.009500308451573103,0.8385416666666666,0.08136482939632546,0.5759790124408801,0.08848882387579445
our_vol3,Our vol3 STNPP-GAT-ZINB,76,2022-11-30,0.05,79,2768,53967,113,0.9493913257329563,0.4114583333333333,0.9512117740371905,0.027748507200561996,0.04878822596280955,0.5885416666666666,0.05199078644290886,0.6813350536852619,0.096466346305006
our_vol3,Our vol3 STNPP-GAT-ZINB,76,2022-11-30,0.1,109,5584,51151,83,0.9004514553726702,0.5677083333333334,0.9015775094738697,0.019146320042157036,0.09842249052613025,0.4322916666666667,0.03704333050127443,0.7346429214036015,0.09069093364503658
our_vol3,Our vol3 STNPP-GAT-ZINB,77,2022-12-14,0.01,41,529,56196,161,0.9878792137298645,0.20297029702970298,0.9906743058616131,0.07192982456140351,0.009325694138386955,0.7970297029702971,0.10621761658031088,0.5968223014456581,0.11565301872390601
our_vol3,Our vol3 STNPP-GAT-ZINB,77,2022-12-14,0.05,85,2762,53963,117,0.9494264584467828,0.4207920792079208,0.951308946672543,0.02985598876009835,0.04869105332745703,0.5792079207920792,0.055755985569039025,0.6860505129402319,0.10151067819886599
our_vol3,Our vol3 STNPP-GAT-ZINB,77,2022-12-14,0.1,119,5574,51151,83,0.9006271189418027,0.5891089108910891,0.9017364477743499,0.02090286316529071,0.09826355222565007,0.41089108910891087,0.04037319762510602,0.7454226793327194,0.09728769229681226
our_vol3,Our vol3 STNPP-GAT-ZINB,78,2022-12-28,0.01,39,531,56199,158,0.9878967800867778,0.19796954314720813,0.9906398730830248,0.06842105263157895,0.009360126916975145,0.8020304568527918,0.1016949152542373,0.5943047081151165,0.11124782133844872
our_vol3,Our vol3 STNPP-GAT-ZINB,78,2022-12-28,0.05,80,2767,53963,117,0.9493386266622166,0.40609137055837563,0.9512251013573065,0.028099754127151388,0.04877489864269346,0.5939086294416244,0.05256241787122208,0.678658235957841,0.09626767142900837
our_vol3,Our vol3 STNPP-GAT-ZINB,78,2022-12-28,0.1,109,5584,51146,88,0.9003636235881041,0.5532994923857868,0.9015688348316587,0.019146320042157036,0.09843116516834127,0.4467005076142132,0.037011884550084896,0.7274341636087227,0.08903801691048219
our_vol3,Our vol3 STNPP-GAT-ZINB,79,2023-01-11,0.01,26,544,56187,170,0.9874576211639469,0.1326530612244898,0.9904108864641906,0.0456140350877193,0.009589113535809346,0.8673469387755102,0.06788511749347259,0.5615319738443402,0.07240319588417281
our_vol3,Our vol3 STNPP-GAT-ZINB,79,2023-01-11,0.05,93,2754,53977,103,0.949812918298874,0.4744897959183674,0.9514551127249652,0.032665964172813484,0.048544887275034816,0.5255102040816326,0.061123890897140966,0.7129724543216662,0.1144668183416273
our_vol3,Our vol3 STNPP-GAT-ZINB,79,2023-01-11,0.1,125,5568,51163,71,0.900943313366241,0.6377551020408163,0.9018526026334808,0.02195678903917091,0.09814739736651919,0.3622448979591837,0.042452029206996096,0.7698038523371485,0.10535779511452602
our_vol3,Our vol3 STNPP-GAT-ZINB,80,2023-01-25,0.01,35,535,56179,178,0.98747518752086,0.1643192488262911,0.9905667031068166,0.06140350877192982,0.00943329689318334,0.8356807511737089,0.08939974457215837,0.5774429759665538,0.09498075320966072
our_vol3,Our vol3 STNPP-GAT-ZINB,80,2023-01-25,0.05,88,2759,53955,125,0.9493386266622166,0.4131455399061033,0.9513523997602003,0.030909729539866527,0.0486476002397997,0.5868544600938967,0.05751633986928105,0.6822489698331518,0.10209816671247042
our_vol3,Our vol3 STNPP-GAT-ZINB,80,2023-01-25,0.1,124,5569,51145,89,0.9006095525848894,0.5821596244131455,0.901805550657686,0.021781134726857544,0.09819444934231407,0.41784037558685444,0.041991195394514055,0.7419825875354158,0.09849163099152064
our_vol3,Our vol3 STNPP-GAT-ZINB,81,2023-02-08,0.01,35,535,56207,150,0.9879670455144307,0.1891891891891892,0.9905713580769095,0.06140350877192982,0.00942864192309048,0.8108108108108109,0.09271523178807944,0.5898802736330494,0.10275931589054632
our_vol3,Our vol3 STNPP-GAT-ZINB,81,2023-02-08,0.05,75,2772,53970,110,0.949373759376043,0.40540540540540543,0.9511472982975574,0.026343519494204427,0.04885270170244264,0.5945945945945946,0.04947229551451187,0.6782763518514814,0.09310003470601512
our_vol3,Our vol3 STNPP-GAT-ZINB,81,2023-02-08,0.1,99,5594,51148,86,0.9002230927327981,0.5351351351351351,0.9014134151069755,0.017389776919023364,0.09858658489302456,0.4648648648648649,0.033684926845865944,0.7182742751210554,0.08281728908140278
our_vol3,Our vol3 STNPP-GAT-ZINB,82,2023-02-22,0.01,32,538,56196,161,0.9877211165176454,0.16580310880829016,0.9905171502097507,0.056140350877192984,0.009482849790249234,0.8341968911917098,0.08387942332896461,0.5781601295090204,0.091265000706827
our_vol3,Our vol3 STNPP-GAT-ZINB,82,2023-02-22,0.05,66,2781,53953,127,0.9489170340962988,0.34196891191709844,0.9509817745972433,0.023182297154899896,0.04901822540275672,0.6580310880829016,0.04342105263157895,0.6464753432571708,0.0781236996570361
our_vol3,Our vol3 STNPP-GAT-ZINB,82,2023-02-22,0.1,107,5586,51148,86,0.9003636235881041,0.5544041450777202,0.9015405224380442,0.0187950114175303,0.09845947756195579,0.44559585492227977,0.036357458375807,0.7279723337578822,0.0883410940851311
our_vol3,Our vol3 STNPP-GAT-ZINB,83,2023-03-08,0.01,25,545,56202,155,0.9877035501607322,0.1388888888888889,0.9903959680687966,0.043859649122807015,0.009604031931203412,0.8611111111111112,0.06666666666666667,0.5646424284788427,0.07290276565609709
our_vol3,Our vol3 STNPP-GAT-ZINB,83,2023-03-08,0.05,61,2786,53961,119,0.9489697331670385,0.3388888888888889,0.9509048936507657,0.02142606252195293,0.04909510634923432,0.6611111111111111,0.04030393128510076,0.6448968912698273,0.07464224524270692
our_vol3,Our vol3 STNPP-GAT-ZINB,83,2023-03-08,0.1,93,5600,51147,87,0.9001001282344054,0.5166666666666667,0.9013163691472676,0.01633585104514316,0.09868363085273231,0.48333333333333334,0.031670355865826665,0.7089915179069672,0.0782197886383843
our_vol3,Our vol3 STNPP-GAT-ZINB,84,2023-03-22,0.01,29,541,56197,160,0.9876859838038189,0.15343915343915343,0.9904649441291551,0.05087719298245614,0.009535055870844937,0.8465608465608465,0.0764163372859025,0.5719520487841543,0.08314376997158006
our_vol3,Our vol3 STNPP-GAT-ZINB,84,2023-03-22,0.05,82,2765,53973,107,0.9495494229451754,0.43386243386243384,0.9512672283125947,0.02880224798033017,0.048732771687405266,0.5661375661375662,0.054018445322793145,0.6925648310875143,0.10163956723395604
our_vol3,Our vol3 STNPP-GAT-ZINB,84,2023-03-22,0.1,124,5569,51169,65,0.9010311451508072,0.656084656084656,0.9018470866086221,0.021781134726857544,0.09815291339137791,0.3439153439153439,0.04216252975178511,0.7789658713466391,0.10697917892948376
our_vol3,Our vol3 STNPP-GAT-ZINB,85,2023-04-05,0.01,30,540,56223,134,0.9881602754404764,0.18292682926829268,0.9904867607420327,0.05263157894736842,0.009513239257967338,0.8170731707317073,0.08174386920980926,0.5867067950051627,0.09335258796575972
our_vol3,Our vol3 STNPP-GAT-ZINB,85,2023-04-05,0.05,68,2779,53984,96,0.9494967238744357,0.4146341463414634,0.9510420520409422,0.02388479100807868,0.048957947959057835,0.5853658536585366,0.045167718365991365,0.6828380991912028,0.08991646250132129
our_vol3,Our vol3 STNPP-GAT-ZINB,85,2023-04-05,0.1,96,5597,51166,68,0.9004865880864967,0.5853658536585366,0.9013970368021422,0.01686281398208326,0.09860296319785776,0.4146341463414634,0.03278128734847192,0.7433814452303393,0.08696056077820492
our_vol3,Our vol3 STNPP-GAT-ZINB,86,2023-04-19,0.01,30,540,56180,177,0.9874049220932071,0.14492753623188406,0.9904795486600846,0.05263157894736842,0.009520451339915375,0.855072463768116,0.07722007722007722,0.5677035424459843,0.08186218101120235
our_vol3,Our vol3 STNPP-GAT-ZINB,86,2023-04-19,0.05,91,2756,53964,116,0.9495494229451754,0.4396135265700483,0.951410437235543,0.0319634703196347,0.04858956276445698,0.5603864734299517,0.05959397511460379,0.6955119819027956,0.10798031314901466
our_vol3,Our vol3 STNPP-GAT-ZINB,86,2023-04-19,0.1,123,5570,51150,84,0.9006798180125424,0.5942028985507246,0.9017983074753173,0.021605480414544177,0.09820169252468265,0.4057971014492754,0.04169491525423729,0.748000603013021,0.09951448330425769
our_vol3,Our vol3 STNPP-GAT-ZINB,87,2023-05-03,0.01,28,542,56229,128,0.9882305408681293,0.1794871794871795,0.9904528720649628,0.04912280701754386,0.009547127935037255,0.8205128205128205,0.07713498622589532,0.5849700257760712,0.08922980744406492
our_vol3,Our vol3 STNPP-GAT-ZINB,87,2023-05-03,0.05,63,2784,53987,93,0.9494615911606092,0.40384615384615385,0.950960877913019,0.022128556375131718,0.04903912208698103,0.5961538461538461,0.04195804195804196,0.6774035158795864,0.08509532760201521
our_vol3,Our vol3 STNPP-GAT-ZINB,87,2023-05-03,0.1,92,5601,51170,64,0.9004865880864967,0.5897435897435898,0.9013404731288862,0.01616019673282979,0.09865952687111378,0.41025641025641024,0.0314583689519576,0.745542031436238,0.08557200101322007
our_vol3,Our vol3 STNPP-GAT-ZINB,88,2023-05-17,0.01,27,543,56204,153,0.9877738155883852,0.15,0.9904312122226726,0.04736842105263158,0.009568787777327436,0.85,0.072,0.5702156061113363,0.0791881121763699
our_vol3,Our vol3 STNPP-GAT-ZINB,88,2023-05-17,0.05,72,2775,53972,108,0.9493561930191298,0.4,0.9510987364970835,0.02528977871443625,0.04890126350291645,0.6,0.04757185332011893,0.6755493682485418,0.09043257506890708
our_vol3,Our vol3 STNPP-GAT-ZINB,88,2023-05-17,0.1,98,5595,51152,82,0.9002757918035379,0.5444444444444444,0.9014044795319577,0.017214122606709993,0.09859552046804236,0.45555555555555555,0.033373063170441,0.722924461988201,0.08343450716887356
our_vol3,Our vol3 STNPP-GAT-ZINB,89,2023-05-31,0.01,41,529,56217,140,0.9882481072250426,0.2265193370165746,0.9906777570225214,0.07192982456140351,0.009322242977478589,0.7734806629834254,0.10918774966711053,0.608598547019548,0.1228144770997816
our_vol3,Our vol3 STNPP-GAT-ZINB,89,2023-05-31,0.05,79,2768,53978,102,0.9495845556590019,0.43646408839779005,0.9512212314524372,0.027748507200561996,0.04877876854756282,0.56353591160221,0.052179656538969624,0.6938426599251136,0.10013230084364923
our_vol3,Our vol3 STNPP-GAT-ZINB,89,2023-05-31,0.1,104,5589,51157,77,0.9004690217295835,0.574585635359116,0.9015084763683784,0.018268048480590198,0.09849152363162161,0.425414364640884,0.035410282601293835,0.7380470558637472,0.08934083365387196
our_vol3,Our vol3 STNPP-GAT-ZINB,90,2023-06-14,0.01,30,540,56221,136,0.98812514272665,0.18072289156626506,0.9904864255386621,0.05263157894736842,0.00951357446133789,0.8192771084337349,0.08152173913043478,0.5856046585524636,0.0927246274186396
our_vol3,Our vol3 STNPP-GAT-ZINB,90,2023-06-14,0.05,68,2779,53982,98,0.9494615911606092,0.40963855421686746,0.9510403269850778,0.02388479100807868,0.04895967301492222,0.5903614457831325,0.04513773647527381,0.6803394406009726,0.0892252352953904
our_vol3,Our vol3 STNPP-GAT-ZINB,90,2023-06-14,0.1,95,5598,51163,71,0.9004163226588437,0.572289156626506,0.9013759447507972,0.016687159669769892,0.0986240552492028,0.42771084337349397,0.032428742106161465,0.7368325506886516,0.08513354681273615
our_vol3,Our vol3 STNPP-GAT-ZINB,91,2023-06-28,0.01,27,543,56192,165,0.9875630193054262,0.140625,0.9904291883317177,0.04736842105263158,0.009570811668282365,0.859375,0.07086614173228346,0.5655270941658588,0.07631601554767604
our_vol3,Our vol3 STNPP-GAT-ZINB,91,2023-06-28,0.05,72,2775,53960,120,0.9491453967361709,0.375,0.9510883934079493,0.02528977871443625,0.04891160659205076,0.625,0.04738400789733465,0.6630441967039746,0.08673600400265831
our_vol3,Our vol3 STNPP-GAT-ZINB,91,2023-06-28,0.1,96,5597,51138,96,0.8999947300929261,0.5,0.9013483740195647,0.01686281398208326,0.09865162598043535,0.5,0.03262531860662702,0.7006741870097823,0.07756180868150617
our_vol3,Our vol3 STNPP-GAT-ZINB,92,2023-07-12,0.01,31,539,56157,200,0.9870184622411158,0.1341991341991342,0.9904931564837025,0.054385964912280704,0.009506843516297447,0.8658008658008658,0.07740324594257178,0.5623461453414184,0.07961784931007256
our_vol3,Our vol3 STNPP-GAT-ZINB,92,2023-07-12,0.05,82,2765,53931,149,0.9488116359548193,0.354978354978355,0.9512311274163963,0.02880224798033017,0.04876887258360378,0.645021645021645,0.05328135152696556,0.6531047411973756,0.0893076702481471
our_vol3,Our vol3 STNPP-GAT-ZINB,92,2023-07-12,0.1,122,5571,51125,109,0.9002230927327981,0.5281385281385281,0.9017390997601241,0.02142982610223081,0.09826090023987583,0.47186147186147187,0.0411883862255233,0.7149388139493261,0.09109138800436928
our_vol3,Our vol3 STNPP-GAT-ZINB,93,2023-07-26,0.01,18,552,56192,165,0.9874049220932071,0.09836065573770492,0.9902720992527845,0.031578947368421054,0.009727900747215565,0.9016393442622951,0.04780876494023905,0.5443163774952446,0.050392790248146795
our_vol3,Our vol3 STNPP-GAT-ZINB,93,2023-07-26,0.05,60,2787,53957,123,0.9488819013824723,0.32786885245901637,0.9508846750317214,0.02107481559536354,0.049115324968278584,0.6721311475409836,0.039603960396039604,0.6393767637453689,0.07239254005972334
our_vol3,Our vol3 STNPP-GAT-ZINB,93,2023-07-26,0.1,98,5595,51149,85,0.9002230927327981,0.5355191256830601,0.9013992668828422,0.017214122606709993,0.09860073311715777,0.4644808743169399,0.033356024506466984,0.7184591962829512,0.08243964664249008
our_vol3,Our vol3 STNPP-GAT-ZINB,94,2023-08-09,0.01,23,547,56213,144,0.9878616473729513,0.1377245508982036,0.9903629316420014,0.04035087719298246,0.009637068357998591,0.8622754491017964,0.06241519674355495,0.5640437412701025,0.06957845129474029
our_vol3,Our vol3 STNPP-GAT-ZINB,94,2023-08-09,0.05,75,2772,53988,92,0.9496899538004813,0.4491017964071856,0.9511627906976744,0.026343519494204427,0.04883720930232558,0.5508982035928144,0.0497677504976775,0.70013229355243,0.09931492571238426
our_vol3,Our vol3 STNPP-GAT-ZINB,94,2023-08-09,0.1,93,5600,51160,74,0.9003284908742776,0.5568862275449101,0.9013389711064129,0.01633585104514316,0.09866102889358704,0.4431137724550898,0.03174061433447099,0.7291125993256615,0.08260544464745652
our_vol3,Our vol3 STNPP-GAT-ZINB,95,2023-08-23,0.01,25,545,56204,153,0.9877386828745587,0.1404494382022472,0.9903963065428466,0.043859649122807015,0.00960369345715343,0.8595505617977528,0.06684491978609626,0.565422872372547,0.07337318137004538
our_vol3,Our vol3 STNPP-GAT-ZINB,95,2023-08-23,0.05,72,2775,53974,106,0.9493913257329563,0.4044943820224719,0.9511004599199986,0.02528977871443625,0.04889954008000141,0.5955056179775281,0.047603305785123964,0.6777974209712352,0.09108198468082403
our_vol3,Our vol3 STNPP-GAT-ZINB,95,2023-08-23,0.1,104,5589,51160,74,0.9005217208003232,0.5842696629213483,0.9015136830604945,0.018268048480590198,0.09848631693950555,0.4157303370786517,0.03542837676716062,0.7428916729909214,0.09040282577385035
our_vol3,Our vol3 STNPP-GAT-ZINB,96,2023-09-06,0.01,20,550,56189,168,0.9873873557362939,0.10638297872340426,0.9903064911260332,0.03508771929824561,0.00969350887396676,0.8936170212765957,0.05277044854881267,0.5483447349247187,0.055716981611088436
our_vol3,Our vol3 STNPP-GAT-ZINB,96,2023-09-06,0.05,66,2781,53958,122,0.949004865880865,0.35106382978723405,0.9509860942209063,0.023182297154899896,0.049013905779093744,0.648936170212766,0.043492586490939046,0.6510249620040702,0.07950353128821681
our_vol3,Our vol3 STNPP-GAT-ZINB,96,2023-09-06,0.1,99,5594,51145,89,0.9001703936620584,0.526595744680851,0.9014082024709635,0.017389776919023364,0.09859179752903646,0.4734042553191489,0.03366774358102364,0.7140019735759073,0.08184983600463148
our_vol3,Our vol3 STNPP-GAT-ZINB,97,2023-09-20,0.01,33,537,56199,158,0.9877913819452984,0.17277486910994763,0.9905351099830795,0.05789473684210526,0.009464890016920474,0.8272251308900523,0.08672798948751642,0.5816549895465135,0.09485219874862669
our_vol3,Our vol3 STNPP-GAT-ZINB,97,2023-09-20,0.05,93,2754,53982,98,0.9499007500834402,0.4869109947643979,0.9514593908629442,0.032665964172813484,0.04854060913705584,0.5130890052356021,0.06122448979591836,0.719185192813671,0.11629878377094527
our_vol3,Our vol3 STNPP-GAT-ZINB,97,2023-09-20,0.1,121,5572,51164,70,0.9008906142955012,0.6335078534031413,0.901790750141004,0.021254171789917443,0.09820924985899605,0.36649214659685864,0.04112848402447315,0.7676493017720727,0.10317926435618573
our_vol3,Our vol3 STNPP-GAT-ZINB,98,2023-10-04,0.01,29,541,56184,173,0.9874576211639469,0.14356435643564355,0.9904627589246364,0.05087719298245614,0.009537241075363596,0.8564356435643564,0.07512953367875648,0.56701355768014,0.08004685000683123
our_vol3,Our vol3 STNPP-GAT-ZINB,98,2023-10-04,0.05,84,2763,53962,118,0.9493913257329563,0.4158415841584158,0.9512913177611283,0.029504741833508957,0.04870868223887175,0.5841584158415841,0.055100032797638566,0.6835664509597721,0.10015535371015845
our_vol3,Our vol3 STNPP-GAT-ZINB,98,2023-10-04,0.1,116,5577,51148,86,0.9005217208003232,0.5742574257425742,0.9016835610401057,0.020375900228350605,0.09831643895989423,0.42574257425742573,0.039355385920271414,0.73797049339134,0.0943335807421068
our_vol3,Our vol3 STNPP-GAT-ZINB,99,2023-10-18,0.01,30,540,56205,152,0.987844081016038,0.16483516483516483,0.9904837430610627,0.05263157894736842,0.00951625693893735,0.8351648351648352,0.07978723404255318,0.5776594539481138,0.08806684970621756
our_vol3,Our vol3 STNPP-GAT-ZINB,99,2023-10-18,0.05,76,2771,53974,106,0.9494615911606092,0.4175824175824176,0.9511675037448233,0.026694766420793818,0.04883249625517667,0.5824175824175825,0.05018157807857379,0.6843749606636205,0.09550351486826769
our_vol3,Our vol3 STNPP-GAT-ZINB,99,2023-10-18,0.1,112,5581,51164,70,0.9007325170832821,0.6153846153846154,0.901647722266279,0.019673282979097137,0.09835227773372103,0.38461538461538464,0.038127659574468085,0.7585161688254471,0.0972898372899485
our_vol3,Our vol3 STNPP-GAT-ZINB,100,2023-11-01,0.01,37,533,56180,177,0.9875278865915997,0.17289719626168223,0.990601802055966,0.06491228070175438,0.009398197944033996,0.8271028037383178,0.0943877551020408,0.5817494991588241,0.1004967303768163
our_vol3,Our vol3 STNPP-GAT-ZINB,100,2023-11-01,0.05,88,2759,53954,126,0.9493210603053033,0.411214953271028,0.9513515419745032,0.030909729539866527,0.0486484580254968,0.5887850467289719,0.05749754982032016,0.6812832476227656,0.10179437745579138
our_vol3,Our vol3 STNPP-GAT-ZINB,100,2023-11-01,0.1,126,5567,51146,88,0.9006622516556292,0.5887850467289719,0.9018390845132509,0.022132443351484277,0.09816091548674907,0.411214953271028,0.04266124936515998,0.7453120656211114,0.10008001884440959
our_vol3,Our vol3 STNPP-GAT-ZINB,101,2023-11-15,0.01,32,538,56202,155,0.9878265146591249,0.1711229946524064,0.9905181529784984,0.056140350877192984,0.009481847021501587,0.8288770053475936,0.0845442536327609,0.5808205738154524,0.0928979291706965
our_vol3,Our vol3 STNPP-GAT-ZINB,101,2023-11-15,0.05,79,2768,53972,108,0.9494791575175224,0.42245989304812837,0.9512160733168841,0.027748507200561996,0.048783926683115965,0.5775401069518716,0.052076466710613056,0.6868379831825062,0.09809538144491221
our_vol3,Our vol3 STNPP-GAT-ZINB,101,2023-11-15,0.1,110,5583,51157,77,0.9005744198710629,0.5882352941176471,0.9016038068382094,0.019321974354470403,0.09839619316179063,0.4117647058823529,0.037414965986394565,0.7449195504779282,0.09342630963882384
our_vol3,Our vol3 STNPP-GAT-ZINB,102,2023-11-29,0.01,40,530,56181,176,0.9875981520192527,0.18518518518518517,0.9906543704043307,0.07017543859649122,0.00934562959566927,0.8148148148148148,0.10178117048346055,0.5879197777947579,0.10858397711732402
our_vol3,Our vol3 STNPP-GAT-ZINB,102,2023-11-29,0.05,92,2755,53956,124,0.9494264584467828,0.42592592592592593,0.9514203593659079,0.032314717246224096,0.048579640634092154,0.5740740740740741,0.06007182500816193,0.688673142645917,0.10643599691295609
our_vol3,Our vol3 STNPP-GAT-ZINB,102,2023-11-29,0.1,128,5565,51146,88,0.9006973843694556,0.5925925925925926,0.9018708892454727,0.022483751976111015,0.09812911075452734,0.4074074074074074,0.043323743442206804,0.7472317409190325,0.10133162962533308
our_vol3,Our vol3 STNPP-GAT-ZINB,103,2023-12-13,0.01,32,538,56187,170,0.9875630193054262,0.15841584158415842,0.9905156456588806,0.056140350877192984,0.009484354341119435,0.8415841584158416,0.08290155440414507,0.5744657436215195,0.08894839218609993
our_vol3,Our vol3 STNPP-GAT-ZINB,103,2023-12-13,0.05,84,2763,53962,118,0.9493913257329563,0.4158415841584158,0.9512913177611283,0.029504741833508957,0.04870868223887175,0.5841584158415841,0.055100032797638566,0.6835664509597721,0.10015535371015845
our_vol3,Our vol3 STNPP-GAT-ZINB,103,2023-12-13,0.1,127,5566,51159,75,0.9009081806524145,0.6287128712871287,0.9018774790656677,0.022308097663797648,0.09812252093433231,0.3712871287128713,0.04308736217133164,0.7652951751763982,0.10516532310936015
our_vol3,Our vol3 STNPP-GAT-ZINB,104,2023-12-27,0.01,33,537,56200,157,0.9878089483022116,0.1736842105263158,0.9905352768034968,0.05789473684210526,0.009464723196503164,0.8263157894736842,0.0868421052631579,0.5821097436649063,0.0951312745889967
our_vol3,Our vol3 STNPP-GAT-ZINB,104,2023-12-27,0.05,80,2767,53970,110,0.9494615911606092,0.42105263157894735,0.9512311190228598,0.028099754127151388,0.04876888097714014,0.5789473684210527,0.052683569311820874,0.6861418753009036,0.09850811081972254
our_vol3,Our vol3 STNPP-GAT-ZINB,104,2023-12-27,0.1,108,5585,51152,82,0.9004514553726702,0.5684210526315789,0.9015633537197948,0.01897066572984367,0.09843664628020515,0.43157894736842106,0.036715961244263136,0.7349922031756868,0.09035323560731794
our_vol3,Our vol3 STNPP-GAT-ZINB,105,2024-01-10,0.01,33,537,56200,157,0.9878089483022116,0.1736842105263158,0.9905352768034968,0.05789473684210526,0.009464723196503164,0.8263157894736842,0.0868421052631579,0.5821097436649063,0.0951312745889967
our_vol3,Our vol3 STNPP-GAT-ZINB,105,2024-01-10,0.05,79,2768,53969,111,0.9494264584467828,0.41578947368421054,0.9512134938399985,0.027748507200561996,0.04878650616000141,0.5842105263157895,0.05202502469542312,0.6835014837621045,0.09711078965332183
our_vol3,Our vol3 STNPP-GAT-ZINB,105,2024-01-10,0.1,111,5582,51155,79,0.9005568535141497,0.5842105263157895,0.9016162292683787,0.01949762866678377,0.09838377073162134,0.41578947368421054,0.03773584905660378,0.7429133777920841,0.09339888455536818
our_vol3,Our vol3 STNPP-GAT-ZINB,106,2024-01-24,0.01,29,541,56170,187,0.9872116921671614,0.13425925925925927,0.9904604045070621,0.05087719298245614,0.009539595492937878,0.8657407407407407,0.07379134860050891,0.5623598318831606,0.07701655677574992
our_vol3,Our vol3 STNPP-GAT-ZINB,106,2024-01-24,0.05,93,2754,53957,123,0.9494615911606092,0.4305555555555556,0.951437992629296,0.032665964172813484,0.0485620073707041,0.5694444444444444,0.06072477962781586,0.6909967740924258,0.10774682486652236
our_vol3,Our vol3 STNPP-GAT-ZINB,106,2024-01-24,0.1,126,5567,51144,90,0.9006271189418027,0.5833333333333334,0.9018356227186966,0.022132443351484277,0.09816437728130345,0.4166666666666667,0.04264680995092232,0.7425844780260149,0.0994268793675535
our_vol3,Our vol3 STNPP-GAT-ZINB,107,2024-02-07,0.01,29,541,56181,176,0.9874049220932071,0.14146341463414633,0.990462254504425,0.05087719298245614,0.00953774549557491,0.8585365853658536,0.07483870967741935,0.5659628345692856,0.0793726065952264
our_vol3,Our vol3 STNPP-GAT-ZINB,107,2024-02-07,0.05,81,2766,53956,124,0.9492332285207371,0.3951219512195122,0.9512358520503509,0.02845100105374078,0.048764147949649166,0.6048780487804878,0.05307994757536042,0.6731789016349315,0.09518436123455466
our_vol3,Our vol3 STNPP-GAT-ZINB,107,2024-02-07,0.1,121,5572,51150,84,0.9006446852987159,0.5902439024390244,0.9017665103487184,0.021254171789917443,0.09823348965128169,0.4097560975609756,0.041030857917938285,0.7460052063938714,0.0982374924909459
our_vol3,Our vol3 STNPP-GAT-ZINB,108,2024-02-21,0.01,28,542,56183,174,0.9874224884501204,0.13861386138613863,0.9904451300132217,0.04912280701754386,0.009554869986778316,0.8613861386138614,0.07253886010362695,0.5645294956996801,0.07707966928040834
our_vol3,Our vol3 STNPP-GAT-ZINB,108,2024-02-21,0.05,86,2761,53964,116,0.9494615911606092,0.42574257425742573,0.9513265755839577,0.03020723568668774,0.04867342441604231,0.5742574257425742,0.056411938340439484,0.6885345749206917,0.10286600268757352
our_vol3,Our vol3 STNPP-GAT-ZINB,108,2024-02-21,0.1,124,5569,51156,78,0.900802782510935,0.6138613861386139,0.9018245923314235,0.021781134726857544,0.09817540766857646,0.38613861386138615,0.04206955046649703,0.7578429892350187,0.1022112115546547
our_vol3,Our vol3 STNPP-GAT-ZINB,109,2024-03-06,0.01,34,536,56208,149,0.9879670455144307,0.18579234972677597,0.9905540673903849,0.05964912280701754,0.009445932609615114,0.8142076502732241,0.0903054448871182,0.5881732085585805,0.10026302363895669
our_vol3,Our vol3 STNPP-GAT-ZINB,109,2024-03-06,0.05,75,2772,53972,108,0.9494088920898694,0.4098360655737705,0.9511490201607219,0.026343519494204427,0.048850979839278164,0.5901639344262295,0.04950495049504951,0.6804925428672461,0.09374814918123399
our_vol3,Our vol3 STNPP-GAT-ZINB,109,2024-03-06,0.1,107,5586,51158,76,0.9005392871572364,0.5846994535519126,0.9015578739602425,0.0187950114175303,0.09844212603975751,0.41530054644808745,0.036419332879509866,0.7431286637560774,0.09174912967614919
our_vol3,Our vol3 STNPP-GAT-ZINB,110,2024-03-20,0.01,25,545,56198,159,0.9876332847330792,0.1358695652173913,0.9903952910491162,0.043859649122807015,0.00960470895088381,0.8641304347826086,0.0663129973474801,0.5631324281332537,0.07198403477571824
our_vol3,Our vol3 STNPP-GAT-ZINB,110,2024-03-20,0.05,62,2785,53958,122,0.948934600453212,0.33695652173913043,0.9509190560950249,0.021777309448542326,0.04908094390497506,0.6630434782608695,0.04091059056417024,0.6439377889170776,0.07496487234204753
our_vol3,Our vol3 STNPP-GAT-ZINB,110,2024-03-20,0.1,103,5590,51153,81,0.9003811899450173,0.5597826086956522,0.9014856458065312,0.01809239416827683,0.0985143541934688,0.44021739130434784,0.0350518972264761,0.7306341272510917,0.08727078867765453
our_vol3,Our vol3 STNPP-GAT-ZINB,111,2024-04-03,0.01,15,555,56226,131,0.9879494791575175,0.10273972602739725,0.9902256036350188,0.02631578947368421,0.009774396364981244,0.8972602739726028,0.04189944134078212,0.546482664831208,0.04722669987300957
our_vol3,Our vol3 STNPP-GAT-ZINB,111,2024-04-03,0.05,53,2794,53987,93,0.9492859275914768,0.363013698630137,0.9507933992004368,0.018616087109237796,0.04920660079956323,0.636986301369863,0.035415970598062146,0.6569035489152869,0.07281630440370329
our_vol3,Our vol3 STNPP-GAT-ZINB,111,2024-04-03,0.1,77,5616,51165,69,0.9001352609482319,0.5273972602739726,0.901093675701379,0.01352538204812928,0.09890632429862102,0.4726027397260274,0.026374379174516183,0.7142454679876757,0.07223869004446763
our_vol3,Our vol3 STNPP-GAT-ZINB,112,2024-04-17,0.01,24,546,56215,142,0.987914346443691,0.14457831325301204,0.9903807191557583,0.042105263157894736,0.009619280844241644,0.8554216867469879,0.06521739130434782,0.5674795162043852,0.07309196840738527
our_vol3,Our vol3 STNPP-GAT-ZINB,112,2024-04-17,0.05,65,2782,53979,101,0.9493561930191298,0.39156626506024095,0.9509874737936259,0.0228310502283105,0.04901252620637409,0.608433734939759,0.043146365748423496,0.6712768694269334,0.08474141277331639
our_vol3,Our vol3 STNPP-GAT-ZINB,112,2024-04-17,0.1,88,5605,51156,78,0.9001703936620584,0.5301204819277109,0.9012526206374095,0.015457579483576322,0.09874737936259051,0.46987951807228917,0.030039255845707463,0.7156865512825602,0.07753225245895778
our_vol3,Our vol3 STNPP-GAT-ZINB,113,2024-05-01,0.01,25,545,56210,147,0.987844081016038,0.14534883720930233,0.9903973218218659,0.043859649122807015,0.009602678178134086,0.8546511627906976,0.0673854447439353,0.5678730795155841,0.07483115978428771
our_vol3,Our vol3 STNPP-GAT-ZINB,113,2024-05-01,0.05,70,2777,53978,102,0.9494264584467828,0.4069767441860465,0.9510703902739847,0.024587284861257466,0.04892960972601533,0.5930232558139535,0.04637297118251077,0.6790235672300156,0.09015595429687694
our_vol3,Our vol3 STNPP-GAT-ZINB,113,2024-05-01,0.1,104,5589,51166,68,0.9006271189418027,0.6046511627906976,0.9015240947934102,0.018268048480590198,0.09847590520658973,0.3953488372093023,0.035464620630861046,0.7530876287920539,0.09260138368462441
our_vol3,Our vol3 STNPP-GAT-ZINB,114,2024-05-15,0.01,20,550,56262,95,0.9886696997909603,0.17391304347826086,0.9903189467014011,0.03508771929824561,0.009681053298598887,0.8260869565217391,0.058394160583941604,0.5821159950898309,0.07406539681014845
our_vol3,Our vol3 STNPP-GAT-ZINB,114,2024-05-15,0.05,48,2799,54013,67,0.9496548210866549,0.41739130434782606,0.9507322396676758,0.01685985247629083,0.049267760332324155,0.5826086956521739,0.032410533423362586,0.684061772007751,0.07583164528116657
our_vol3,Our vol3 STNPP-GAT-ZINB,114,2024-05-15,0.1,61,5632,51180,54,0.9001176945913187,0.5304347826086957,0.9008660142223474,0.010714913051115405,0.0991339857776526,0.46956521739130436,0.02100550964187328,0.7156503984155216,0.06455048296543324
our_vol3,Our vol3 STNPP-GAT-ZINB,115,2024-05-29,0.01,16,554,56264,93,0.9886345670771338,0.14678899082568808,0.9902495687986201,0.028070175438596492,0.009750431201379844,0.8532110091743119,0.047128129602356406,0.5685192798121541,0.060171057502225386
our_vol3,Our vol3 STNPP-GAT-ZINB,115,2024-05-29,0.05,41,2806,54012,68,0.9495142902313489,0.3761467889908257,0.9506142419655743,0.014401123990165085,0.04938575803442571,0.6238532110091743,0.027740189445196208,0.6633805154782,0.06553516584041766
our_vol3,Our vol3 STNPP-GAT-ZINB,115,2024-05-29,0.1,59,5634,51184,50,0.9001528273051452,0.5412844036697247,0.9008412826921046,0.010363604426488671,0.09915871730789538,0.45871559633027525,0.020337814546708036,0.7210628431809147,0.06442467603522588
our_vol3,Our vol3 STNPP-GAT-ZINB,116,2024-06-12,0.01,19,551,56238,119,0.9882305408681293,0.13768115942028986,0.9902974167532445,0.03333333333333333,0.009702583246755533,0.8623188405797102,0.05367231638418079,0.5639892880867672,0.06321171404206707
our_vol3,Our vol3 STNPP-GAT-ZINB,116,2024-06-12,0.05,58,2789,54000,80,0.9496021220159151,0.42028985507246375,0.9508883762700523,0.020372321742184757,0.0491116237299477,0.5797101449275363,0.038860971524288114,0.685589115671258,0.08374175857196553
our_vol3,Our vol3 STNPP-GAT-ZINB,116,2024-06-12,0.1,81,5612,51177,57,0.9004163226588437,0.5869565217391305,0.9011780450439346,0.01422799929738275,0.09882195495606544,0.41304347826086957,0.027782541588063796,0.7440672833915325,0.08001317294825457
our_vol3,Our vol3 STNPP-GAT-ZINB,117,2024-06-26,0.01,16,554,56268,89,0.9887048325047868,0.1523809523809524,0.9902502551828517,0.028070175438596492,0.009749744817148288,0.8476190476190476,0.047407407407407405,0.571315603781902,0.06146899397833529
our_vol3,Our vol3 STNPP-GAT-ZINB,117,2024-06-26,0.05,46,2801,54021,59,0.9497602192281343,0.4380952380952381,0.9507057125761149,0.016157358623112048,0.049294287423885114,0.5619047619047619,0.03116531165311653,0.6944004753356765,0.07653642112230534
our_vol3,Our vol3 STNPP-GAT-ZINB,117,2024-06-26,0.1,63,5630,51192,42,0.9003636235881041,0.6,0.9009186582661645,0.011066221675742139,0.09908134173383548,0.4,0.02173163159710245,0.7504593291330822,0.07164244388461992
our_vol3,Our vol3 STNPP-GAT-ZINB,118,2024-07-10,0.01,16,554,56246,111,0.9883183726526955,0.12598425196850394,0.9902464788732395,0.028070175438596492,0.009753521126760563,0.8740157480314961,0.04591104734576758,0.5581153654208717,0.055078947880693244
our_vol3,Our vol3 STNPP-GAT-ZINB,118,2024-07-10,0.05,41,2806,53994,86,0.9491980958069106,0.3228346456692913,0.9505985915492958,0.014401123990165085,0.049401408450704225,0.6771653543307087,0.027572293207800937,0.6367166186092936,0.05918549135652735
our_vol3,Our vol3 STNPP-GAT-ZINB,118,2024-07-10,0.1,63,5630,51170,64,0.8999771637360128,0.49606299212598426,0.9008802816901409,0.011066221675742139,0.09911971830985916,0.5039370078740157,0.021649484536082474,0.6984716369080626,0.062424453892228775
our_vol3,Our vol3 STNPP-GAT-ZINB,119,2024-07-24,0.01,23,547,56246,111,0.9884413371510883,0.17164179104477612,0.9903685313330868,0.04035087719298246,0.009631468666913176,0.8283582089552238,0.06534090909090909,0.5810051611889314,0.0788553437586596
our_vol3,Our vol3 STNPP-GAT-ZINB,119,2024-07-24,0.05,56,2791,54002,78,0.9496021220159151,0.417910447761194,0.9508566196538306,0.01966982788900597,0.04914338034616942,0.582089552238806,0.037571284803757134,0.6843835337075124,0.08198603032946866
our_vol3,Our vol3 STNPP-GAT-ZINB,119,2024-07-24,0.1,79,5614,51179,55,0.9004163226588437,0.5895522388059702,0.9011497895867449,0.013876690672756016,0.09885021041325516,0.41044776119402987,0.027115153595332078,0.7453510141963575,0.07926253055601527
our_vol3,Our vol3 STNPP-GAT-ZINB,120,2024-08-07,0.01,22,548,56267,90,0.9887926642893531,0.19642857142857142,0.9903546598609522,0.03859649122807018,0.009645340139047786,0.8035714285714286,0.06451612903225806,0.5933916156447618,0.08313177240840472
our_vol3,Our vol3 STNPP-GAT-ZINB,120,2024-08-07,0.05,49,2798,54017,63,0.9497426528712211,0.4375,0.9507524421367597,0.017211099402880226,0.049247557863240345,0.5625,0.03311929705981751,0.6941262210683798,0.07893009725988391
our_vol3,Our vol3 STNPP-GAT-ZINB,120,2024-08-07,0.1,63,5630,51185,49,0.9002406590897114,0.5625,0.9009064507612426,0.011066221675742139,0.09909354923875736,0.4375,0.021705426356589147,0.7317032253806213,0.0684467557146221
our_vol3,Our vol3 STNPP-GAT-ZINB,121,2024-08-21,0.01,30,540,56262,95,0.9888453633600928,0.24,0.9904932924897011,0.05263157894736842,0.009506707510298933,0.76,0.08633093525179855,0.6152466462448505,0.10836368139917076
our_vol3,Our vol3 STNPP-GAT-ZINB,121,2024-08-21,0.05,63,2784,54018,62,0.9500061482249197,0.504,0.9509876412802366,0.022128556375131718,0.04901235871976339,0.496,0.04239569313593541,0.7274938206401182,0.09770669999198582
our_vol3,Our vol3 STNPP-GAT-ZINB,121,2024-08-21,0.1,84,5609,51193,41,0.9007500834401954,0.672,0.9012534769902468,0.014754962234322853,0.09874652300975317,0.328,0.028875902371949123,0.7866267384951234,0.08944041258754228
our_vol3,Our vol3 STNPP-GAT-ZINB,122,2024-09-04,0.01,18,552,56267,90,0.9887223988617001,0.16666666666666666,0.9902849398968655,0.031578947368421054,0.009715060103134514,0.8333333333333334,0.05309734513274336,0.5784758032817661,0.06859825607508019
our_vol3,Our vol3 STNPP-GAT-ZINB,122,2024-09-04,0.05,49,2798,54021,59,0.949812918298874,0.4537037037037037,0.9507559091149087,0.017211099402880226,0.049244090885091255,0.5462962962962963,0.03316412859560068,0.7022298064093062,0.08074613759242648
our_vol3,Our vol3 STNPP-GAT-ZINB,122,2024-09-04,0.1,65,5628,51191,43,0.9003811899450173,0.6018518518518519,0.9009486263397807,0.011417530300368874,0.0990513736602193,0.39814814814814814,0.022409929322530598,0.7514002390958163,0.07292973389378046
our_vol3,Our vol3 STNPP-GAT-ZINB,123,2024-09-18,0.01,15,555,56248,109,0.9883359390096088,0.12096774193548387,0.990229389292819,0.02631578947368421,0.009770610707180959,0.8790322580645161,0.043227665706051875,0.5555985656141514,0.052068935742814376
our_vol3,Our vol3 STNPP-GAT-ZINB,123,2024-09-18,0.05,48,2799,54004,76,0.9494967238744357,0.3870967741935484,0.9507244335686496,0.01685985247629083,0.049275566431350455,0.6129032258064516,0.032312352743184114,0.668910603881099,0.07225556717315273
our_vol3,Our vol3 STNPP-GAT-ZINB,123,2024-09-18,0.1,70,5623,51180,54,0.9002757918035379,0.5645161290322581,0.9010087495378766,0.01229580186193571,0.09899125046212348,0.43548387096774194,0.024067388688327317,0.7327624392850673,0.07234185666363192
our_vol3,Our vol3 STNPP-GAT-ZINB,124,2024-10-02,0.01,20,550,56260,97,0.9886345670771338,0.17094017094017094,0.9903186058792466,0.03508771929824561,0.00968139412075339,0.8290598290598291,0.05822416302765648,0.5806293884097088,0.07335290630017668
our_vol3,Our vol3 STNPP-GAT-ZINB,124,2024-10-02,0.05,50,2797,54013,67,0.9496899538004813,0.42735042735042733,0.9507657102622777,0.017562346329469618,0.04923428973772223,0.5726495726495726,0.033738191632928474,0.6890580688063526,0.07856307316412148
our_vol3,Our vol3 STNPP-GAT-ZINB,124,2024-10-02,0.1,67,5626,51184,50,0.9002933581604511,0.5726495726495726,0.9009681394120753,0.011768838924995608,0.09903186058792467,0.42735042735042733,0.02306368330464716,0.7368088560308239,0.07149629504324481
our_vol3,Our vol3 STNPP-GAT-ZINB,125,2024-10-16,0.01,15,555,56247,110,0.9883183726526955,0.12,0.9902292172810816,0.02631578947368421,0.009770782718918347,0.88,0.043165467625899276,0.5551146086405407,0.051822956118607315
our_vol3,Our vol3 STNPP-GAT-ZINB,125,2024-10-16,0.05,47,2800,54002,78,0.9494440248036959,0.376,0.9507059610577092,0.01650860554970144,0.049294038942290765,0.624,0.03162853297442799,0.6633529805288546,0.07015874372508055
our_vol3,Our vol3 STNPP-GAT-ZINB,125,2024-10-16,0.1,63,5630,51172,62,0.9000122964498393,0.504,0.9008837716981797,0.011066221675742139,0.09911622830182036,0.496,0.021656926778961843,0.7024418858490898,0.06317095847514864
our_vol3,Our vol3 STNPP-GAT-ZINB,126,2024-10-30,0.01,16,554,56262,95,0.9885994343633074,0.14414414414414414,0.9902492255702618,0.028070175438596492,0.009750774429738101,0.8558558558558559,0.04698972099853157,0.567196684857203,0.059547467913063874
our_vol3,Our vol3 STNPP-GAT-ZINB,126,2024-10-30,0.05,42,2805,54011,69,0.9495142902313489,0.3783783783783784,0.9506301041960011,0.014752370916754479,0.04936989580399887,0.6216216216216216,0.028397565922920896,0.6645042412871898,0.06658736618195851
our_vol3,Our vol3 STNPP-GAT-ZINB,126,2024-10-30,0.1,58,5635,51181,53,0.9000825618774922,0.5225225225225225,0.9008201914953534,0.010187950114175302,0.09917980850464658,0.4774774774774775,0.019986216402481046,0.7116713570089379,0.062249975193116994
our_vol3,Our vol3 STNPP-GAT-ZINB,127,2024-11-13,0.01,25,545,56278,79,0.9890385932861384,0.2403846153846154,0.9904088133326294,0.043859649122807015,0.009591186667370607,0.7596153846153846,0.07418397626112759,0.6153967143586224,0.09898988667390704
our_vol3,Our vol3 STNPP-GAT-ZINB,127,2024-11-13,0.05,48,2799,54024,56,0.9498480510127004,0.46153846153846156,0.9507417770973021,0.01685985247629083,0.04925822290269785,0.5384615384615384,0.0325313453066757,0.7061401193178818,0.0807716942710601
our_vol3,Our vol3 STNPP-GAT-ZINB,127,2024-11-13,0.1,63,5630,51193,41,0.9003811899450173,0.6057692307692307,0.9009204019499146,0.011066221675742139,0.09907959805008536,0.3942307692307692,0.021735380369156457,0.7533448163595726,0.07212254503239267
our_vol3,Our vol3 STNPP-GAT-ZINB,128,2024-11-27,0.01,14,556,56251,106,0.9883710717234353,0.11666666666666667,0.9902124738148468,0.02456140350877193,0.009787526185153238,0.8833333333333333,0.04057971014492754,0.5534395702407567,0.04923490924666342
our_vol3,Our vol3 STNPP-GAT-ZINB,128,2024-11-27,0.05,49,2798,54009,71,0.9496021220159151,0.4083333333333333,0.9507455067157217,0.017211099402880226,0.04925449328427835,0.5916666666666667,0.03302999662959218,0.6795394200245275,0.0755560575768867
our_vol3,Our vol3 STNPP-GAT-ZINB,128,2024-11-27,0.1,70,5623,51184,50,0.9003460572311909,0.5833333333333334,0.9010157198936751,0.01229580186193571,0.09898428010632493,0.4166666666666667,0.024083949767761913,0.7421745266135042,0.0740457747573188
