forecast_date,mae,picp,mpiw,occurrence_f1,true_zero_rate,observed_events,predicted_events
2023-01-20,0.35078030824661255,0.9528455284552846,0.8910568952560425,0.6153846153846154,0.8968421052631579,234.0,211.6087188720703
2023-01-21,0.33971455693244934,0.9642276422764228,0.8796747922897339,0.5622489959839357,0.8861788617886179,196.0,208.65475463867188
2023-01-22,0.34567418694496155,0.967479674796748,0.8666666746139526,0.5232067510548524,0.8764940239043825,174.0,203.69094848632812
2023-01-23,0.36859750747680664,0.9528455284552846,0.869918704032898,0.5846153846153846,0.8923395445134575,228.0,201.30496215820312
2023-01-24,0.3470616936683655,0.9642276422764228,0.8813008069992065,0.5736434108527132,0.8886597938144329,205.0,205.95468139648438
2023-01-25,0.37378811836242676,0.959349593495935,0.8878048658370972,0.5736434108527132,0.8868312757201646,224.0,211.7687530517578
2023-01-26,0.3343577980995178,0.9544715447154472,0.8829268217086792,0.5925925925925926,0.8947368421052632,224.0,208.98599243164062
2023-01-27,0.39471742510795593,0.9382113821138212,0.9170731902122498,0.6099290780141844,0.8972162740899358,257.0,216.0445556640625
2023-01-28,0.34074586629867554,0.9642276422764228,0.8829268217086792,0.5491803278688525,0.8777555110220441,193.0,210.35321044921875
2023-01-29,0.31742778420448303,0.9707317073170731,0.8829268217086792,0.5477178423236515,0.8782435129740519,178.0,207.2108154296875
2023-01-30,0.3417491316795349,0.9528455284552846,0.8878048658370972,0.5779467680608364,0.8916666666666667,209.0,208.17247009277344
2023-01-31,0.31821924448013306,0.9691056910569106,0.8861788511276245,0.5736434108527132,0.8886597938144329,202.0,208.88597106933594
2023-02-01,0.3315606415271759,0.967479674796748,0.9138211607933044,0.6113207547169811,0.890495867768595,213.0,214.89698791503906
2023-02-02,0.3363133370876312,0.9707317073170731,0.8943089246749878,0.6223776223776224,0.8989247311827957,233.0,210.48898315429688
2023-02-03,0.34727975726127625,0.9642276422764228,0.9219512343406677,0.5787545787545788,0.8807531380753139,215.0,219.67242431640625
2023-02-04,0.33634498715400696,0.9560975609756097,0.8991869688034058,0.5555555555555556,0.8800813008130082,192.0,212.67579650878906
2023-02-05,0.34876278042793274,0.9577235772357724,0.8975609540939331,0.5381526104417671,0.8712273641851107,194.0,208.77926635742188
2023-02-06,0.33028697967529297,0.9691056910569106,0.8731707334518433,0.5506072874493927,0.8808080808080808,190.0,208.2545928955078
2023-02-07,0.3388485014438629,0.967479674796748,0.8764227628707886,0.5714285714285714,0.8917835671342685,182.0,208.5193634033203
2023-02-08,0.3426710069179535,0.9772357723577236,0.8829268217086792,0.5564516129032258,0.8843813387423936,188.0,208.7193603515625
2023-02-09,0.33310481905937195,0.9609756097560975,0.8959349393844604,0.5637065637065637,0.8827160493827161,195.0,212.0550994873047
2023-02-10,0.3799346685409546,0.9463414634146341,0.9040650129318237,0.5461254612546126,0.88,239.0,212.5684814453125
2023-02-11,0.36045482754707336,0.9560975609756097,0.8878048658370972,0.5612648221343873,0.8872950819672131,220.0,208.40869140625
2023-02-12,0.34239181876182556,0.9626016260162602,0.8634146451950073,0.5641025641025641,0.8886679920477137,189.0,205.257568359375
2023-02-13,0.30749669671058655,0.975609756097561,0.860162615776062,0.6535433070866141,0.9173553719008265,185.0,205.95741271972656
2023-02-14,0.3590433597564697,0.9577235772357724,0.8715447187423706,0.6177606177606177,0.9026915113871635,228.0,205.42257690429688
2023-02-15,0.3407910466194153,0.9691056910569106,0.8894308805465698,0.5573770491803278,0.8815261044176707,191.0,211.73965454101562
2023-02-16,0.35400456190109253,0.9626016260162602,0.8861788511276245,0.5483870967741935,0.8787878787878788,203.0,208.51495361328125
2023-02-17,0.3905092477798462,0.9479674796747968,0.8910568952560425,0.6159420289855072,0.905982905982906,255.0,211.86083984375
2023-02-18,0.33740657567977905,0.9609756097560975,0.9056910276412964,0.5904059040590406,0.8964059196617337,221.0,211.45042419433594
2023-02-19,0.3405504822731018,0.9642276422764228,0.8780487775802612,0.5737704918032787,0.8767395626242545,181.0,205.83888244628906
2023-02-20,0.31760671734809875,0.975609756097561,0.8878048658370972,0.5914396887159533,0.8857142857142857,177.0,210.10659790039062
2023-02-21,0.3454214334487915,0.9626016260162602,0.8878048658370972,0.528,0.8672032193158954,185.0,211.29238891601562
2023-02-22,0.32162728905677795,0.9804878048780488,0.8910568952560425,0.6743295019157088,0.8947368421052632,201.0,206.560302734375
2023-02-23,0.32921335101127625,0.9707317073170731,0.8780487775802612,0.6332046332046332,0.9030927835051547,209.0,207.9214630126953
2023-02-24,0.35091060400009155,0.9560975609756097,0.9056910276412964,0.6304347826086957,0.902542372881356,236.0,213.5918731689453
2023-02-25,0.3333972692489624,0.9626016260162602,0.8634146451950073,0.5461847389558233,0.8839103869653768,179.0,206.12564086914062
2023-02-26,0.31698763370513916,0.9772357723577236,0.8715447187423706,0.6090534979423868,0.8937875751503006,188.0,205.38319396972656
2023-02-27,0.3662526607513428,0.9495934959349593,0.8569105863571167,0.5267489711934157,0.8843813387423936,196.0,203.8961639404297
2023-02-28,0.35408100485801697,0.9528455284552846,0.8731707334518433,0.5691699604743083,0.8857142857142857,191.0,205.48226928710938
2023-03-01,0.34572798013687134,0.9577235772357724,0.8764227628707886,0.5846153846153846,0.896049896049896,208.0,206.60508728027344
2023-03-02,0.34623363614082336,0.9658536585365853,0.9089431166648865,0.5904059040590406,0.8870292887029289,216.0,212.48289489746094
2023-03-03,0.357328325510025,0.9609756097560975,0.8975609540939331,0.6074074074074074,0.8970588235294118,222.0,212.5904541015625
2023-03-04,0.3410772681236267,0.9658536585365853,0.8780487775802612,0.5846153846153846,0.8868312757201646,197.0,206.17889404296875
2023-03-05,0.3316645324230194,0.9642276422764228,0.8845528364181519,0.5537190082644629,0.8764940239043825,165.0,204.06350708007812
2023-03-06,0.3485238552093506,0.9577235772357724,0.8731707334518433,0.5758754863813229,0.8888888888888888,205.0,199.1457061767578
2023-03-07,0.3320504426956177,0.9739837398373984,0.8796747922897339,0.5476190476190477,0.8744939271255061,173.0,202.82122802734375
2023-03-08,0.335741251707077,0.9658536585365853,0.8796747922897339,0.5482625482625483,0.8767967145790554,185.0,202.08070373535156
2023-03-09,0.3448842465877533,0.9626016260162602,0.8878048658370972,0.6106870229007634,0.8927835051546392,209.0,205.52938842773438
2023-03-10,0.38144057989120483,0.9463414634146341,0.8959349393844604,0.6,0.8995633187772926,257.0,212.12298583984375
2023-03-11,0.31214481592178345,0.975609756097561,0.8845528364181519,0.5816733067729084,0.8775100401606426,178.0,207.34649658203125
2023-03-12,0.32974177598953247,0.967479674796748,0.8666666746139526,0.5639097744360902,0.8870292887029289,189.0,196.01409912109375
2023-03-13,0.3360121548175812,0.9577235772357724,0.8682926893234253,0.5560165975103735,0.8873239436619719,178.0,202.419677734375
2023-03-14,0.3042067587375641,0.9788617886178862,0.8845528364181519,0.6215139442231076,0.8875502008032129,176.0,201.80307006835938
2023-03-15,0.33798539638519287,0.9642276422764228,0.8715447187423706,0.5692307692307692,0.8827160493827161,193.0,201.91238403320312
2023-03-16,0.363186240196228,0.9560975609756097,0.8926829099655151,0.5433070866141733,0.8704453441295547,196.0,205.62930297851562
2023-03-17,0.33381885290145874,0.9626016260162602,0.8910568952560425,0.6051660516605166,0.8949579831932774,210.0,207.6293487548828
2023-03-18,0.32451871037483215,0.967479674796748,0.8796747922897339,0.5736434108527132,0.8868312757201646,194.0,202.9954071044922
2023-03-19,0.32364723086357117,0.9723577235772358,0.8731707334518433,0.5943775100401606,0.8906882591093117,182.0,198.9785919189453
2023-03-20,0.3736976683139801,0.943089430894309,0.8455284833908081,0.5891472868217055,0.9039665970772442,233.0,194.27719116210938
2023-03-21,0.3258041441440582,0.9739837398373984,0.86504065990448,0.5691699604743083,0.8785425101214575,186.0,202.91123962402344
2023-03-22,0.3205288052558899,0.9723577235772358,0.8682926893234253,0.6190476190476191,0.8981670061099797,190.0,199.7462921142578
2023-03-23,0.33554109930992126,0.9707317073170731,0.8845528364181519,0.5185185185185185,0.8682634730538922,169.0,205.04583740234375
2023-03-24,0.351624071598053,0.9642276422764228,0.8829268217086792,0.5343511450381679,0.8739669421487604,193.0,204.5562744140625
2023-03-25,0.3117039203643799,0.9691056910569106,0.8455284833908081,0.5579399141630901,0.894,173.0,196.748779296875
2023-03-26,0.3160504400730133,0.9707317073170731,0.8536585569381714,0.5725806451612904,0.8902439024390244,177.0,193.6651153564453
2023-03-27,0.31131866574287415,0.975609756097561,0.8536585569381714,0.5228215767634855,0.8792756539235412,164.0,193.4684600830078
2023-03-28,0.3282501995563507,0.9658536585365853,0.8536585569381714,0.5573770491803278,0.888663967611336,186.0,192.92672729492188
2023-03-29,0.34458649158477783,0.9642276422764228,0.8731707334518433,0.611764705882353,0.8993839835728953,198.0,195.24993896484375
2023-03-30,0.32705509662628174,0.9691056910569106,0.860162615776062,0.5196850393700787,0.8804123711340206,197.0,198.3570556640625
2023-03-31,0.3572438359260559,0.9512195121951219,0.8764227628707886,0.610909090909091,0.8926315789473684,225.0,202.66015625
2023-04-01,0.3346918225288391,0.9804878048780488,0.8715447187423706,0.5777777777777777,0.8924050632911392,209.0,198.3209228515625
2023-04-02,0.3176423907279968,0.9739837398373984,0.8585366010665894,0.5583333333333333,0.8804780876494024,174.0,191.93341064453125
2023-04-03,0.3377503454685211,0.9642276422764228,0.860162615776062,0.5462184873949579,0.8804780876494024,170.0,196.03652954101562
2023-04-04,0.3357689678668976,0.9658536585365853,0.8243902325630188,0.4810126582278481,0.8752515090543259,176.0,190.44631958007812
2023-04-05,0.3261108994483948,0.9707317073170731,0.8373983502388,0.5166666666666667,0.8775100401606426,173.0,191.79428100585938
2023-04-06,0.34659501910209656,0.9642276422764228,0.8487805128097534,0.4980237154150198,0.8709016393442623,195.0,195.889892578125
2023-04-07,0.34014958143234253,0.967479674796748,0.8504065275192261,0.5737704918032787,0.8963414634146342,194.0,200.38504028320312
2023-04-08,0.3129158318042755,0.9739837398373984,0.8471544981002808,0.5950413223140496,0.9026369168356998,187.0,195.228759765625
2023-04-09,0.3167516589164734,0.9658536585365853,0.8357723355293274,0.5701754385964912,0.8950495049504951,169.0,191.93893432617188
2023-04-10,0.3219423294067383,0.9642276422764228,0.8276422619819641,0.5145228215767634,0.8879837067209776,176.0,190.64700317382812
2023-04-11,0.3393609821796417,0.9658536585365853,0.8292682766914368,0.44954128440366975,0.8643410852713178,163.0,190.97926330566406
2023-04-12,0.3439973294734955,0.9544715447154472,0.8195121884346008,0.5748987854251012,0.8977505112474438,208.0,188.6470184326172
2023-04-13,0.32339170575141907,0.9642276422764228,0.8390243649482727,0.5564516129032258,0.889795918367347,187.0,192.5713653564453
2023-04-14,0.34619200229644775,0.9512195121951219,0.8487805128097534,0.5877862595419847,0.893970893970894,217.0,197.6564178466797
2023-04-15,0.31559863686561584,0.9707317073170731,0.8373983502388,0.5384615384615384,0.8844621513944223,169.0,193.78872680664062
2023-04-16,0.2831428050994873,0.9821138211382113,0.8227642178535461,0.5806451612903226,0.88996138996139,137.0,186.32760620117188
2023-04-17,0.3275206685066223,0.959349593495935,0.8146341443061829,0.532258064516129,0.8891170431211499,192.0,184.1938934326172
2023-04-18,0.324396550655365,0.9626016260162602,0.8390243649482727,0.5425101214574899,0.8805668016194332,180.0,187.5264129638672
2023-04-19,0.3348943889141083,0.9447154471544715,0.8227642178535461,0.5680933852140078,0.9016736401673641,212.0,184.81224060058594
2023-04-20,0.3411548435688019,0.9626016260162602,0.8520325422286987,0.5447470817120622,0.8770491803278688,196.0,192.27587890625
2023-04-21,0.35100042819976807,0.9609756097560975,0.855284571647644,0.5419847328244275,0.8778467908902692,199.0,195.07693481445312
2023-04-22,0.3378315269947052,0.9658536585365853,0.8406503796577454,0.5439330543933054,0.8784860557768924,184.0,187.34738159179688
2023-04-23,0.3051963448524475,0.9723577235772358,0.8439024686813354,0.5485232067510548,0.8842315369261478,161.0,186.21533203125
2023-04-24,0.3416374623775482,0.9626016260162602,0.8243902325630188,0.5224489795918368,0.8821138211382114,177.0,184.9470977783203
2023-04-25,0.3200826346874237,0.9626016260162602,0.8373983502388,0.5106382978723404,0.8747514910536779,163.0,186.50437927246094
2023-04-26,0.3405705690383911,0.9609756097560975,0.8406503796577454,0.5284552845528455,0.8732394366197183,190.0,188.25399780273438
2023-04-27,0.3455160856246948,0.959349593495935,0.860162615776062,0.549800796812749,0.8800813008130082,200.0,191.93472290039062
2023-04-28,0.363292396068573,0.959349593495935,0.842276394367218,0.5789473684210527,0.8968421052631579,220.0,190.8454132080078
2023-04-29,0.31625503301620483,0.9658536585365853,0.8308942914009094,0.5477178423236515,0.8835341365461847,163.0,188.8409423828125
2023-04-30,0.3080495595932007,0.9772357723577236,0.8048780560493469,0.5526315789473685,0.9,171.0,179.7052001953125
2023-05-01,0.33103564381599426,0.9544715447154472,0.8113821148872375,0.5859375,0.906054279749478,200.0,182.39541625976562
2023-05-02,0.3527970612049103,0.9626016260162602,0.8243902325630188,0.4322033898305085,0.8617234468937875,175.0,186.7171630859375
2023-05-03,0.30996668338775635,0.9691056910569106,0.8292682766914368,0.5929203539823009,0.8958742632612967,156.0,186.85086059570312
2023-05-04,0.335455060005188,0.9609756097560975,0.8341463208198547,0.570281124497992,0.8973305954825462,195.0,187.75259399414062
2023-05-05,0.3355786204338074,0.959349593495935,0.8390243649482727,0.4940239043824701,0.8729508196721312,188.0,191.15171813964844
2023-05-06,0.3092706799507141,0.9707317073170731,0.8113821148872375,0.5495495495495496,0.9007936507936508,161.0,184.4267578125
2023-05-07,0.31971076130867004,0.967479674796748,0.8211382031440735,0.5381165919282511,0.8968253968253969,176.0,180.32676696777344
2023-05-08,0.2989791929721832,0.9804878048780488,0.8113821148872375,0.48672566371681414,0.8844621513944223,152.0,184.8963623046875
2023-05-09,0.2869303524494171,0.9821138211382113,0.8065040707588196,0.5576923076923077,0.8942307692307693,138.0,180.6265411376953
2023-05-10,0.3220036029815674,0.9577235772357724,0.8081300854682922,0.575107296137339,0.9107505070993914,191.0,179.48773193359375
2023-05-11,0.3240594267845154,0.9577235772357724,0.8260162472724915,0.4711111111111111,0.8754940711462451,151.0,185.16232299804688
2023-05-12,0.3253937065601349,0.9512195121951219,0.8373983502388,0.5546875,0.9052631578947369,204.0,185.72186279296875
2023-05-13,0.32138368487358093,0.9658536585365853,0.8162601590156555,0.5221238938053098,0.8942115768463074,182.0,180.99908447265625
2023-05-14,0.3059694766998291,0.9707317073170731,0.7934959530830383,0.5161290322580645,0.906187624750499,165.0,177.51931762695312
2023-05-15,0.31491291522979736,0.9707317073170731,0.8178861737251282,0.5422222222222223,0.8948412698412699,164.0,181.21224975585938
2023-05-16,0.30486562848091125,0.9739837398373984,0.8211382031440735,0.5253456221198156,0.8921568627450981,157.0,180.76190185546875
2023-05-17,0.3279942572116852,0.959349593495935,0.8097561001777649,0.5454545454545454,0.9066937119675457,186.0,179.88687133789062
2023-05-18,0.3082575500011444,0.9804878048780488,0.8243902325630188,0.5388127853881278,0.8992094861660079,160.0,182.71926879882812
2023-05-19,0.32937946915626526,0.9528455284552846,0.8162601590156555,0.5508474576271186,0.9006085192697769,187.0,183.9468536376953
2023-05-20,0.33803898096084595,0.9658536585365853,0.8130081295967102,0.47706422018348627,0.8873517786561265,170.0,181.15029907226562
2023-05-21,0.3252258896827698,0.9739837398373984,0.8032520413398743,0.5315315315315315,0.904,182.0,177.27581787109375
2023-05-22,0.30987584590911865,0.967479674796748,0.7967479825019836,0.5454545454545454,0.9027777777777778,169.0,175.6265411376953
2023-05-23,0.3126102089881897,0.9609756097560975,0.7886179089546204,0.5248868778280543,0.905811623246493,170.0,176.3375244140625
2023-05-24,0.3192628026008606,0.9626016260162602,0.7934959530830383,0.5158371040723982,0.9092741935483871,180.0,177.59165954589844
2023-05-25,0.30530592799186707,0.9691056910569106,0.8048780560493469,0.5855855855855856,0.9215291750503019,176.0,178.2761993408203
2023-05-26,0.3566301167011261,0.943089430894309,0.8146341443061829,0.5555555555555556,0.9154334038054969,232.0,183.48556518554688
2023-05-27,0.3134597837924957,0.9658536585365853,0.8308942914009094,0.5541125541125541,0.9014084507042254,181.0,183.5106964111328
2023-05-28,0.36076387763023376,0.9479674796747968,0.8048780560493469,0.43555555555555553,0.8832997987927566,191.0,178.8281707763672
2023-05-29,0.33009761571884155,0.9658536585365853,0.8195121884346008,0.4519230769230769,0.8884540117416829,157.0,179.7366180419922
2023-05-30,0.301923006772995,0.967479674796748,0.7934959530830383,0.5821596244131455,0.9151873767258383,173.0,175.1036376953125
2023-05-31,0.3159492313861847,0.967479674796748,0.800000011920929,0.5,0.9012096774193549,187.0,177.3728485107422
2023-06-01,0.37259015440940857,0.9317073170731708,0.7983739972114563,0.5275590551181102,0.9145299145299145,234.0,180.4030303955078
2023-06-02,0.3354015052318573,0.9560975609756097,0.8520325422286987,0.5232067510548524,0.8906882591093117,192.0,188.24046325683594
2023-06-03,0.3069750964641571,0.9723577235772358,0.8130081295967102,0.5172413793103449,0.8949494949494949,174.0,181.39654541015625
2023-06-04,0.31301671266555786,0.9658536585365853,0.795121967792511,0.5462962962962963,0.9087301587301587,171.0,178.40310668945312
2023-06-05,0.32013896107673645,0.9691056910569106,0.7837398648262024,0.5352112676056338,0.9089108910891089,175.0,177.27906799316406
2023-06-06,0.33084380626678467,0.9560975609756097,0.795121967792511,0.5327868852459017,0.9159663865546218,192.0,178.3577880859375
2023-06-07,0.3284651041030884,0.959349593495935,0.8373983502388,0.5104602510460251,0.8828282828282829,179.0,183.20230102539062
2023-06-08,0.330154687166214,0.967479674796748,0.8406503796577454,0.6058091286307054,0.9159836065573771,195.0,187.06137084960938
2023-06-09,0.37471336126327515,0.9398373983739837,0.8406503796577454,0.5134099616858238,0.8881856540084389,213.0,190.16246032714844
2023-06-10,0.31948593258857727,0.9609756097560975,0.842276394367218,0.5537190082644629,0.8943089430894309,178.0,184.99932861328125
2023-06-11,0.31144580245018005,0.9707317073170731,0.8276422619819641,0.5135135135135135,0.8928571428571429,165.0,180.83160400390625
2023-06-12,0.34385377168655396,0.967479674796748,0.8406503796577454,0.5535714285714286,0.893491124260355,175.0,181.10519409179688
2023-06-13,0.31355586647987366,0.9707317073170731,0.842276394367218,0.5198237885462555,0.8886679920477137,166.0,183.06845092773438
2023-06-14,0.32254257798194885,0.9691056910569106,0.8504065275192261,0.5245901639344263,0.8877551020408163,173.0,184.67913818359375
2023-06-15,0.3482138216495514,0.9626016260162602,0.8260162472724915,0.5551020408163265,0.906832298136646,213.0,185.73843383789062
2023-06-16,0.34993380308151245,0.959349593495935,0.8520325422286987,0.5446808510638298,0.8933601609657947,189.0,188.5535125732422
2023-06-17,0.3512381911277771,0.959349593495935,0.8406503796577454,0.5491803278688525,0.8902439024390244,212.0,183.48159790039062
2023-06-18,0.3213249444961548,0.9642276422764228,0.8308942914009094,0.5374449339207048,0.9016064257028112,182.0,184.9447479248047
2023-06-19,0.3116016685962677,0.9658536585365853,0.8406503796577454,0.5726495726495726,0.9050505050505051,173.0,183.3277130126953
2023-06-20,0.3415695130825043,0.9723577235772358,0.8569105863571167,0.56,0.9043659043659044,194.0,186.59783935546875
2023-06-21,0.35014915466308594,0.9512195121951219,0.8439024686813354,0.48333333333333334,0.8818737270875764,180.0,189.0378875732422
2023-06-22,0.34393635392189026,0.9723577235772358,0.8666666746139526,0.5783132530120482,0.9087136929460581,212.0,191.74407958984375
2023-06-23,0.3666195571422577,0.9528455284552846,0.8634146451950073,0.5816733067729084,0.9047619047619048,225.0,194.51849365234375
2023-06-24,0.3381231129169464,0.9626016260162602,0.8390243649482727,0.5121951219512195,0.8888888888888888,189.0,187.94381713867188
2023-06-25,0.33122679591178894,0.9723577235772358,0.8569105863571167,0.5086206896551724,0.878727634194831,173.0,187.31617736816406
2023-06-26,0.3119741678237915,0.967479674796748,0.8390243649482727,0.5966386554621849,0.9068825910931174,178.0,185.4335479736328
2023-06-27,0.33445149660110474,0.9658536585365853,0.8585366010665894,0.504,0.8824742268041237,177.0,187.62643432617188
2023-06-28,0.3418676555156708,0.9609756097560975,0.8585366010665894,0.5587044534412956,0.8991769547325102,196.0,190.42294311523438
2023-06-29,0.356976717710495,0.9528455284552846,0.8813008069992065,0.6048387096774194,0.9038854805725971,212.0,196.60995483398438
2023-06-30,0.3447023332118988,0.9658536585365853,0.8617886304855347,0.5584905660377358,0.9002123142250531,222.0,193.27322387695312
2023-07-01,0.3681694567203522,0.9447154471544715,0.8585366010665894,0.5579710144927537,0.8907922912205567,236.0,190.9506378173828
2023-07-02,0.3403162658214569,0.9626016260162602,0.86504065990448,0.47346938775510206,0.8716904276985743,179.0,193.94696044921875
2023-07-03,0.36328938603401184,0.9544715447154472,0.8585366010665894,0.5323741007194245,0.8954248366013072,234.0,191.36825561523438
2023-07-04,0.34403541684150696,0.9609756097560975,0.8731707334518433,0.5163934426229508,0.875,183.0,196.53912353515625
2023-07-05,0.3479575514793396,0.9707317073170731,0.8780487775802612,0.5767790262172284,0.8928571428571429,209.0,194.0899658203125
2023-07-06,0.32176780700683594,0.9707317073170731,0.8878048658370972,0.6410256410256411,0.9011857707509882,173.0,203.56500244140625
2023-07-07,0.34004223346710205,0.9609756097560975,0.9008129835128784,0.5977859778597786,0.8891213389121339,209.0,201.24819946289062
2023-07-08,0.32503741979599,0.975609756097561,0.8569105863571167,0.5669291338582677,0.8818737270875764,175.0,197.09054565429688
2023-07-09,0.32713672518730164,0.975609756097561,0.860162615776062,0.5702479338842975,0.8822355289421158,170.0,192.82862854003906
2023-07-10,0.32851481437683105,0.9642276422764228,0.8487805128097534,0.5843621399176955,0.9004065040650406,194.0,193.57464599609375
2023-07-11,0.3267698585987091,0.9642276422764228,0.8634146451950073,0.5634920634920635,0.8930041152263375,192.0,193.73080444335938
2023-07-12,0.38679927587509155,0.9479674796747968,0.8780487775802612,0.5514705882352942,0.8874734607218684,234.0,197.0083465576172
2023-07-13,0.3509904742240906,0.9577235772357724,0.9040650129318237,0.5904059040590406,0.8833333333333333,199.0,204.42657470703125
2023-07-14,0.38084498047828674,0.9463414634146341,0.8991869688034058,0.64,0.9010526315789473,242.0,204.95193481445312
2023-07-15,0.3441371023654938,0.9577235772357724,0.8813008069992065,0.5789473684210527,0.8875,202.0,200.25799560546875
2023-07-16,0.33011168241500854,0.9642276422764228,0.8682926893234253,0.5643153526970954,0.8857715430861723,183.0,196.3967742919922
2023-07-17,0.35307392477989197,0.959349593495935,0.8878048658370972,0.5461538461538461,0.8747433264887063,201.0,201.90432739257812
2023-07-18,0.32992294430732727,0.9577235772357724,0.8975609540939331,0.6177606177606177,0.897119341563786,199.0,201.85812377929688
2023-07-19,0.3415778875350952,0.9691056910569106,0.8975609540939331,0.5301204819277109,0.8657314629258517,179.0,203.15103149414062
2023-07-20,0.3330018222332001,0.9609756097560975,0.8747967481613159,0.623574144486692,0.9022869022869023,207.0,202.6348876953125
2023-07-21,0.3669658899307251,0.9626016260162602,0.9186992049217224,0.5928571428571429,0.8912579957356077,236.0,207.9733428955078
2023-07-22,0.31776466965675354,0.9788617886178862,0.8878048658370972,0.5490196078431373,0.8722109533468559,182.0,202.2991180419922
2023-07-23,0.3317759037017822,0.9658536585365853,0.8682926893234253,0.6274509803921569,0.9090909090909091,201.0,195.42849731445312
2023-07-24,0.3627721667289734,0.9560975609756097,0.9056910276412964,0.5301204819277109,0.869215291750503,191.0,202.2967071533203
2023-07-25,0.3443272113800049,0.9691056910569106,0.9073171019554138,0.5573770491803278,0.8727634194831014,175.0,205.14447021484375
2023-07-26,0.34717437624931335,0.9642276422764228,0.8829268217086792,0.5928853754940712,0.8864097363083164,187.0,200.1668701171875
2023-07-27,0.32491880655288696,0.9739837398373984,0.8813008069992065,0.5895522388059702,0.891213389121339,199.0,200.16720581054688
2023-07-28,0.3368217647075653,0.9739837398373984,0.9219512343406677,0.6231884057971014,0.8872651356993737,216.0,206.54844665527344
2023-07-29,0.3250441551208496,0.9691056910569106,0.8975609540939331,0.5836575875486382,0.8836734693877552,198.0,201.30397033691406
2023-07-30,0.3265288174152374,0.975609756097561,0.8747967481613159,0.5901639344262295,0.8842315369261478,180.0,196.22616577148438
2023-07-31,0.3395833373069763,0.9626016260162602,0.8764227628707886,0.5816733067729084,0.8936605316973415,198.0,199.40432739257812
2023-08-01,0.3760194778442383,0.9560975609756097,0.9024389982223511,0.5387453874538746,0.8816067653276956,239.0,200.0166778564453
2023-08-02,0.3368834853172302,0.9658536585365853,0.9008129835128784,0.4810126582278481,0.8562992125984252,151.0,201.160888671875
2023-08-03,0.3564428687095642,0.9577235772357724,0.8878048658370972,0.4796747967479675,0.856,168.0,199.2166290283203
2023-08-04,0.3779948949813843,0.9463414634146341,0.8780487775802612,0.5977011494252874,0.9,233.0,200.82662963867188
2023-08-05,0.3801102936267853,0.9495934959349593,0.8894308805465698,0.5593869731800766,0.8895833333333333,226.0,197.01947021484375
2023-08-06,0.34713852405548096,0.9691056910569106,0.8764227628707886,0.5104602510460251,0.874,184.0,197.88172912597656
2023-08-07,0.3576585352420807,0.9560975609756097,0.8715447187423706,0.5555555555555556,0.8946280991735537,206.0,198.97860717773438
2023-08-08,0.35806044936180115,0.9560975609756097,0.8845528364181519,0.5748031496062992,0.8985507246376812,204.0,200.5356903076172
2023-08-09,0.3119397461414337,0.9788617886178862,0.8878048658370972,0.5959183673469388,0.8949494949494949,170.0,198.91928100585938
2023-08-10,0.353541761636734,0.9544715447154472,0.8959349393844604,0.599250936329588,0.8991596638655462,226.0,198.44264221191406
2023-08-11,0.3601232171058655,0.959349593495935,0.9170731902122498,0.5944055944055944,0.8884120171673819,231.0,206.31817626953125
2023-08-12,0.33716198801994324,0.9691056910569106,0.8764227628707886,0.5483870967741935,0.8823529411764706,188.0,201.0815887451172
2023-08-13,0.33850622177124023,0.9577235772357724,0.869918704032898,0.5493562231759657,0.8866799204771372,189.0,195.38186645507812
2023-08-14,0.33594855666160583,0.9642276422764228,0.8731707334518433,0.5531914893617021,0.8846918489065606,187.0,195.5458526611328
2023-08-15,0.34540700912475586,0.9626016260162602,0.8796747922897339,0.5849802371541502,0.8879837067209776,209.0,196.41517639160156
2023-08-16,0.32541346549987793,0.9707317073170731,0.8731707334518433,0.5873015873015873,0.9010309278350516,190.0,196.6779327392578
2023-08-17,0.36749735474586487,0.9528455284552846,0.8747967481613159,0.5488721804511278,0.8865546218487395,214.0,199.74220275878906
2023-08-18,0.4098002016544342,0.9349593495934959,0.8878048658370972,0.6175438596491228,0.8989247311827957,267.0,203.22293090820312
2023-08-19,0.377736359834671,0.9528455284552846,0.8845528364181519,0.5606060606060606,0.8835758835758836,229.0,202.57449340820312
2023-08-20,0.3217845559120178,0.9772357723577236,0.8796747922897339,0.5381526104417671,0.8747474747474747,172.0,201.40280151367188
2023-08-21,0.350215345621109,0.959349593495935,0.855284571647644,0.5714285714285714,0.8913934426229508,201.0,197.36837768554688
2023-08-22,0.31774377822875977,0.975609756097561,0.8617886304855347,0.5276595744680851,0.8735177865612648,159.0,198.84486389160156
2023-08-23,0.3391422927379608,0.9626016260162602,0.8585366010665894,0.5583333333333333,0.8893360160965795,181.0,192.92807006835938
2023-08-24,0.3402828872203827,0.959349593495935,0.8780487775802612,0.5984848484848485,0.9052631578947369,218.0,199.53646850585938
2023-08-25,0.38702496886253357,0.9414634146341463,0.8796747922897339,0.49056603773584906,0.8829787234042553,236.0,205.11231994628906
2023-08-26,0.34213531017303467,0.9658536585365853,0.8715447187423706,0.6094420600858369,0.9023904382470119,184.0,202.17227172851562
2023-08-27,0.3395952880382538,0.9495934959349593,0.855284571647644,0.624,0.9229166666666667,231.0,197.6090087890625
2023-08-28,0.34449633955955505,0.9658536585365853,0.8747967481613159,0.49795918367346936,0.8724696356275303,182.0,201.86781311035156
2023-08-29,0.32449787855148315,0.967479674796748,0.8731707334518433,0.532258064516129,0.8818737270875764,171.0,199.13088989257812
2023-08-30,0.36155965924263,0.9560975609756097,0.860162615776062,0.5102880658436214,0.8821138211382114,199.0,194.96031188964844
2023-08-31,0.376833975315094,0.9495934959349593,0.8796747922897339,0.5263157894736842,0.8872950819672131,219.0,200.95639038085938
2023-09-01,0.38431209325790405,0.9447154471544715,0.9138211607933044,0.6089965397923875,0.9039301310043668,270.0,209.35317993164062
2023-09-02,0.3823918402194977,0.9495934959349593,0.8943089246749878,0.5267175572519084,0.8791666666666667,234.0,206.87945556640625
2023-09-03,0.35233691334724426,0.9658536585365853,0.8878048658370972,0.5992217898832685,0.9024896265560166,217.0,203.48060607910156
2023-09-04,0.3311450183391571,0.9707317073170731,0.9056910276412964,0.5333333333333333,0.8629032258064516,173.0,206.27117919921875
2023-09-05,0.3478811979293823,0.9577235772357724,0.8715447187423706,0.5140562248995983,0.8739837398373984,195.0,198.77537536621094
2023-09-06,0.3444553315639496,0.9642276422764228,0.8780487775802612,0.5371900826446281,0.8920570264765784,195.0,199.36920166015625
2023-09-07,0.32068270444869995,0.975609756097561,0.9284552931785583,0.6,0.8747514910536779,178.0,210.98521423339844
2023-09-08,0.35313478112220764,0.9577235772357724,0.9056910276412964,0.5954198473282443,0.8923395445134575,219.0,211.1207733154297
2023-09-09,0.34108766913414,0.9691056910569106,0.8813008069992065,0.544,0.8891170431211499,198.0,200.94564819335938
2023-09-10,0.3094838559627533,0.9739837398373984,0.8731707334518433,0.5714285714285714,0.8979591836734694,180.0,198.1455535888672
2023-09-11,0.3208780288696289,0.9691056910569106,0.86504065990448,0.47533632286995514,0.8674463937621832,155.0,198.39175415039062
2023-09-12,0.3476247489452362,0.959349593495935,0.8504065275192261,0.56,0.9119496855345912,212.0,193.54193115234375
2023-09-13,0.3226175010204315,0.9707317073170731,0.8585366010665894,0.5338983050847458,0.8911290322580645,189.0,198.62619018554688
2023-09-14,0.3346444070339203,0.9560975609756097,0.8764227628707886,0.5338645418326693,0.890495867768595,191.0,202.80125427246094
2023-09-15,0.37808167934417725,0.9560975609756097,0.8943089246749878,0.5703971119133574,0.9006479481641468,250.0,206.59481811523438
2023-09-16,0.3520321846008301,0.9447154471544715,0.8747967481613159,0.5609756097560976,0.8866396761133604,202.0,205.57374572753906
2023-09-17,0.3278927803039551,0.967479674796748,0.8439024686813354,0.5689655172413793,0.903420523138833,185.0,197.35968017578125
2023-09-18,0.3088975250720978,0.9609756097560975,0.8390243649482727,0.5847457627118644,0.9124236252545825,177.0,195.40838623046875
2023-09-19,0.34374889731407166,0.9495934959349593,0.8487805128097534,0.5245901639344263,0.8987603305785123,194.0,195.30316162109375
2023-09-20,0.34378620982170105,0.9609756097560975,0.8666666746139526,0.5365853658536586,0.8913934426229508,197.0,198.46487426757812
2023-09-21,0.34694650769233704,0.9528455284552846,0.8764227628707886,0.5603112840466926,0.8958333333333334,212.0,204.76052856445312
2023-09-22,0.3782641291618347,0.9528455284552846,0.8943089246749878,0.5151515151515151,0.8784067085953878,228.0,208.88015747070312
2023-09-23,0.32078084349632263,0.975609756097561,0.8682926893234253,0.5726141078838174,0.9040816326530612,183.0,202.22317504882812
2023-09-24,0.3289799690246582,0.9658536585365853,0.8536585569381714,0.559322033898305,0.9044715447154471,180.0,198.69671630859375
2023-09-25,0.346647173166275,0.9544715447154472,0.8487805128097534,0.59375,0.9138655462184874,224.0,195.15469360351562
2023-09-26,0.3332464098930359,0.9691056910569106,0.8731707334518433,0.5491803278688525,0.8938775510204081,190.0,201.34561157226562
2023-09-27,0.33196762204170227,0.9626016260162602,0.8715447187423706,0.5882352941176471,0.90625,200.0,199.83255004882812
2023-09-28,0.3426348865032196,0.9691056910569106,0.8813008069992065,0.5511811023622047,0.8850102669404517,209.0,204.03082275390625
2023-09-29,0.3722517788410187,0.9463414634146341,0.8910568952560425,0.5354330708661418,0.8773006134969326,211.0,208.8368682861328
2023-09-30,0.35212668776512146,0.9642276422764228,0.8796747922897339,0.5354330708661418,0.8918918918918919,213.0,201.811279296875
2023-10-01,0.31498637795448303,0.9642276422764228,0.8569105863571167,0.628099173553719,0.9200819672131147,195.0,199.0593719482422
2023-10-02,0.3470955491065979,0.967479674796748,0.8666666746139526,0.5042016806722689,0.874,182.0,198.60971069335938
2023-10-03,0.330242782831192,0.967479674796748,0.855284571647644,0.5991902834008097,0.9057377049180327,203.0,195.9046173095703
2023-10-04,0.3505072295665741,0.9544715447154472,0.8666666746139526,0.555984555984556,0.895397489539749,210.0,198.67666625976562
2023-10-05,0.3398241400718689,0.9642276422764228,0.8861788511276245,0.5791505791505791,0.8979166666666667,202.0,204.32693481445312
2023-10-06,0.36925846338272095,0.9479674796747968,0.8861788511276245,0.5620437956204379,0.8950749464668094,233.0,204.29733276367188
2023-10-07,0.34481096267700195,0.9658536585365853,0.8959349393844604,0.5891472868217055,0.8927835051546392,217.0,205.47372436523438
2023-10-08,0.32249656319618225,0.9691056910569106,0.8666666746139526,0.5289256198347108,0.8775100401606426,177.0,200.23297119140625
2023-10-09,0.32892540097236633,0.9707317073170731,0.8829268217086792,0.596078431372549,0.8934426229508197,192.0,200.68853759765625
2023-10-10,0.3730376660823822,0.9544715447154472,0.8861788511276245,0.6022304832713755,0.8970588235294118,220.0,202.22190856933594
2023-10-11,0.37434202432632446,0.9577235772357724,0.8878048658370972,0.5517241379310345,0.8893528183716075,222.0,202.99298095703125
2023-10-12,0.3680746555328369,0.959349593495935,0.8975609540939331,0.6067415730337079,0.9012605042016807,227.0,208.3447723388672
2023-10-13,0.3412083387374878,0.967479674796748,0.9040650129318237,0.6007604562737643,0.8979166666666667,212.0,210.4951171875
2023-10-14,0.3632964491844177,0.9512195121951219,0.8894308805465698,0.5615384615384615,0.8916666666666667,218.0,205.5069580078125
2023-10-15,0.3134572207927704,0.9739837398373984,0.8975609540939331,0.6046511627906976,0.9081419624217119,193.0,204.7466278076172
2023-10-16,0.3506045341491699,0.9739837398373984,0.8975609540939331,0.5612648221343873,0.8909465020576132,207.0,207.54150390625
2023-10-17,0.33297133445739746,0.967479674796748,0.8991869688034058,0.6111111111111112,0.9034907597535934,199.0,205.18939208984375
2023-10-18,0.33256804943084717,0.9739837398373984,0.9073171019554138,0.5892116182572614,0.8864541832669323,189.0,207.94834899902344
2023-10-19,0.3458513915538788,0.9609756097560975,0.9073171019554138,0.553030303030303,0.8888888888888888,212.0,209.23580932617188
2023-10-20,0.3770623803138733,0.9544715447154472,0.9186992049217224,0.6,0.9069264069264069,252.0,213.33847045898438
2023-10-21,0.356465607881546,0.9658536585365853,0.9219512343406677,0.5503875968992248,0.8770491803278688,214.0,210.44308471679688
2023-10-22,0.3432874083518982,0.9642276422764228,0.9089431166648865,0.5774058577405857,0.8846918489065606,195.0,208.6983642578125
2023-10-23,0.3686961233615875,0.9544715447154472,0.9040650129318237,0.5291828793774319,0.8747433264887063,221.0,208.681884765625
2023-10-24,0.3393683135509491,0.9739837398373984,0.9186992049217224,0.551440329218107,0.8745019920318725,180.0,208.9680633544922
2023-10-25,0.37681618332862854,0.9560975609756097,0.8975609540939331,0.5271317829457365,0.8872651356993737,223.0,206.59866333007812
2023-10-26,0.3475155830383301,0.9691056910569106,0.934959352016449,0.5490196078431373,0.8686868686868687,182.0,212.44815063476562
2023-10-27,0.3731768727302551,0.959349593495935,0.9121951460838318,0.5381818181818182,0.8865096359743041,223.0,210.39007568359375
2023-10-28,0.3679599165916443,0.959349593495935,0.9170731902122498,0.5639097744360902,0.8814968814968815,228.0,210.2095489501953
2023-10-29,0.3120059669017792,0.9723577235772358,0.8943089246749878,0.648,0.9046653144016227,188.0,205.31478881835938
2023-10-30,0.34971854090690613,0.9560975609756097,0.8943089246749878,0.5622489959839357,0.889795918367347,199.0,205.9813232421875
2023-10-31,0.3848307728767395,0.9479674796747968,0.8959349393844604,0.5476190476190477,0.8852459016393442,216.0,206.07139587402344
2023-11-01,0.38882261514663696,0.9479674796747968,0.9073171019554138,0.5343511450381679,0.8775933609958506,218.0,209.95333862304688
2023-11-02,0.3282511532306671,0.975609756097561,0.9219512343406677,0.5758754863813229,0.8870636550308009,182.0,210.7421112060547
2023-11-03,0.3687098026275635,0.959349593495935,0.9203252196311951,0.6,0.9006342494714588,225.0,210.64370727539062
2023-11-04,0.3458974063396454,0.9609756097560975,0.9056910276412964,0.6147859922178989,0.9010309278350516,212.0,211.2905731201172
2023-11-05,0.3343966603279114,0.959349593495935,0.8959349393844604,0.6217228464419475,0.9054621848739496,212.0,203.97120666503906
2023-11-06,0.3436626195907593,0.9658536585365853,0.9008129835128784,0.5491803278688525,0.8902439024390244,192.0,205.6435089111328
2023-11-07,0.3884233236312866,0.9349593495934959,0.8845528364181519,0.6106870229007634,0.9232409381663113,252.0,202.2203369140625
2023-11-08,0.377848744392395,0.9577235772357724,0.9219512343406677,0.5318352059925093,0.8821052631578947,209.0,215.5841064453125
2023-11-09,0.33447733521461487,0.9560975609756097,0.930081307888031,0.6183206106870229,0.8930041152263375,208.0,211.06361389160156
2023-11-10,0.3714789152145386,0.9577235772357724,0.9333333373069763,0.6111111111111112,0.9002169197396963,252.0,214.39952087402344
2023-11-11,0.3852561116218567,0.9626016260162602,0.9365853667259216,0.562962962962963,0.8825995807127882,233.0,217.7271728515625
2023-11-12,0.3175413906574249,0.9723577235772358,0.9138211607933044,0.5800865800865801,0.8966202783300199,174.0,211.26522827148438
2023-11-13,0.32650142908096313,0.975609756097561,0.8943089246749878,0.5668016194331984,0.8957055214723927,178.0,203.6223602294922
2023-11-14,0.36113637685775757,0.9642276422764228,0.8878048658370972,0.5258964143426295,0.8847736625514403,206.0,205.5245361328125
2023-11-15,0.3383099436759949,0.9642276422764228,0.9121951460838318,0.578125,0.885480572597137,193.0,209.91612243652344
2023-11-16,0.3436274528503418,0.9772357723577236,0.9203252196311951,0.5612648221343873,0.8800813008130082,187.0,209.94480895996094
2023-11-17,0.4005802273750305,0.9398373983739837,0.925203263759613,0.584717607973422,0.8993288590604027,282.0,213.96836853027344
2023-11-18,0.38964328169822693,0.9414634146341463,0.9447154402732849,0.5427509293680297,0.8711018711018711,226.0,218.1434783935547
2023-11-19,0.3579382300376892,0.9626016260162602,0.9170731902122498,0.5020242914979757,0.8757637474541752,199.0,208.35028076171875
2023-11-20,0.34291139245033264,0.967479674796748,0.8943089246749878,0.5703125,0.9018789144050104,201.0,203.66647338867188
2023-11-21,0.3784768879413605,0.9658536585365853,0.9121951460838318,0.5227272727272727,0.8731808731808732,214.0,208.68392944335938
2023-11-22,0.3802914023399353,0.9479674796747968,0.9219512343406677,0.6105263157894737,0.8948497854077253,250.0,209.4938507080078
2023-11-23,0.3671521544456482,0.9609756097560975,0.9512194991111755,0.5895522388059702,0.8747433264887063,210.0,214.50289916992188
2023-11-24,0.3460809886455536,0.9658536585365853,0.9463414549827576,0.5836298932384342,0.8813559322033898,210.0,217.59397888183594
2023-11-25,0.35641470551490784,0.9642276422764228,0.9203252196311951,0.5859375,0.8839103869653768,206.0,215.6261749267578
2023-11-26,0.3472655117511749,0.9707317073170731,0.9138211607933044,0.559322033898305,0.8794466403162056,177.0,210.76495361328125
2023-11-27,0.33121436834335327,0.9707317073170731,0.9024389982223511,0.5910931174089069,0.8963414634146342,193.0,205.70474243164062
2023-11-28,0.3418540954589844,0.9560975609756097,0.9170731902122498,0.5797101449275363,0.8877118644067796,197.0,209.33743286132812
2023-11-29,0.35681217908859253,0.9658536585365853,0.9447154402732849,0.5830258302583026,0.8849372384937239,223.0,212.2788543701172
2023-11-30,0.363424688577652,0.9707317073170731,0.9463414549827576,0.6159695817490495,0.8872950819672131,212.0,215.8834228515625
2023-12-01,0.38983553647994995,0.9414634146341463,0.9235772490501404,0.6048109965635738,0.9015317286652079,257.0,215.1675567626953
2023-12-02,0.3813410699367523,0.9560975609756097,0.9382113814353943,0.5531914893617021,0.8707627118644068,233.0,215.8224334716797
2023-12-03,0.3582158088684082,0.9658536585365853,0.9138211607933044,0.6015625,0.889795918367347,214.0,209.62832641601562
2023-12-04,0.3401804268360138,0.9723577235772358,0.9235772490501404,0.5375494071146245,0.8669354838709677,179.0,210.586181640625
2023-12-05,0.36730262637138367,0.9739837398373984,0.9365853667259216,0.555956678700361,0.8645833333333334,222.0,213.3265380859375
2023-12-06,0.3301529586315155,0.975609756097561,0.9219512343406677,0.5328467153284672,0.8625,190.0,214.56588745117188
2023-12-07,0.3719797730445862,0.9642276422764228,0.9284552931785583,0.6456140350877193,0.8997867803837953,249.0,212.9285430908203
2023-12-08,0.3927645981311798,0.9544715447154472,0.9577235579490662,0.5473684210526316,0.8607594936708861,226.0,222.8083953857422
2023-12-09,0.4086301624774933,0.9414634146341463,0.9268292784690857,0.5703971119133574,0.8816067653276956,257.0,218.2839813232422
2023-12-10,0.3580472767353058,0.9642276422764228,0.9138211607933044,0.6051660516605166,0.8949579831932774,231.0,211.58592224121094
2023-12-11,0.3394039571285248,0.9658536585365853,0.9268292784690857,0.5962264150943396,0.8845360824742268,198.0,213.53579711914062
2023-12-12,0.32513904571533203,0.9707317073170731,0.9382113814353943,0.5576208178438662,0.8680412371134021,185.0,217.03465270996094
2023-12-13,0.3499957323074341,0.967479674796748,0.9398373961448669,0.6007604562737643,0.8795918367346939,208.0,213.56622314453125
2023-12-14,0.3476494550704956,0.9772357723577236,0.9235772490501404,0.5830258302583026,0.8775933609958506,208.0,217.31854248046875
2023-12-15,0.3969345986843109,0.943089430894309,0.9674796462059021,0.5913621262458472,0.8915929203539823,253.0,223.15472412109375
2023-12-16,0.37331125140190125,0.9495934959349593,0.9317073225975037,0.5318352059925093,0.8729166666666667,223.0,218.48068237304688
2023-12-17,0.3426724374294281,0.959349593495935,0.9170731902122498,0.5234375,0.8623481781376519,186.0,215.33035278320312
2023-12-18,0.3423996865749359,0.9723577235772358,0.9219512343406677,0.6044776119402985,0.8824742268041237,200.0,212.3614044189453
2023-12-19,0.3400265872478485,0.9658536585365853,0.9073171019554138,0.6090225563909775,0.8977035490605428,211.0,211.5131072998047
2023-12-20,0.3832644522190094,0.9528455284552846,0.9073171019554138,0.5,0.8643006263048016,207.0,216.384521484375
2023-12-21,0.36583203077316284,0.9544715447154472,0.9170731902122498,0.5358490566037736,0.8698347107438017,208.0,214.4727325439453
2023-12-22,0.3810216784477234,0.9609756097560975,0.925203263759613,0.6033898305084746,0.8910675381263616,239.0,217.30615234375
2023-12-23,0.397690087556839,0.9463414634146341,0.9333333373069763,0.5161290322580645,0.8607594936708861,223.0,216.03692626953125
2023-12-24,0.3448317348957062,0.9691056910569106,0.9170731902122498,0.6141732283464567,0.888663967611336,179.0,212.25039672851562
2023-12-25,0.3417283296585083,0.9707317073170731,0.9154471755027771,0.5104602510460251,0.8568627450980392,157.0,210.400146484375
2023-12-26,0.32830432057380676,0.9772357723577236,0.9138211607933044,0.5220883534136547,0.856858846918489,155.0,209.612548828125
2023-12-27,0.3503711223602295,0.9723577235772358,0.9056910276412964,0.5393258426966292,0.8713692946058091,197.0,207.73182678222656
2023-12-28,0.3304859399795532,0.975609756097561,0.9235772490501404,0.5799256505576208,0.8742268041237113,195.0,209.4034881591797
2023-12-29,0.38266676664352417,0.9512195121951219,0.9382113814353943,0.5448275862068965,0.8632478632478633,228.0,215.8245391845703
2023-12-30,0.350913405418396,0.9739837398373984,0.9284552931785583,0.5789473684210527,0.8747433264887063,188.0,210.66851806640625
2023-12-31,0.3043932020664215,0.975609756097561,0.9056910276412964,0.5354330708661418,0.8631790744466801,162.0,204.13841247558594
2024-01-01,0.3290157914161682,0.975609756097561,0.8910568952560425,0.6303501945525292,0.9014373716632443,194.0,203.10955810546875
2024-01-02,0.32680851221084595,0.9772357723577236,0.8926829099655151,0.6259541984732825,0.8913934426229508,194.0,205.6642608642578
2024-01-03,0.3576050400733948,0.9658536585365853,0.9154471755027771,0.5542168674698795,0.8665338645418327,168.0,206.44497680664062
2024-01-04,0.375127375125885,0.9512195121951219,0.9089431166648865,0.5303030303030303,0.8698347107438017,207.0,205.22262573242188
2024-01-05,0.3516194224357605,0.9642276422764228,0.9170731902122498,0.5663082437275986,0.8755274261603375,214.0,208.35711669921875
2024-01-06,0.3467443585395813,0.9658536585365853,0.9089431166648865,0.5833333333333334,0.8861283643892339,207.0,207.0129852294922
2024-01-07,0.3443276882171631,0.9723577235772358,0.8861788511276245,0.5714285714285714,0.8817427385892116,203.0,201.79745483398438
2024-01-08,0.33257922530174255,0.967479674796748,0.8845528364181519,0.5634920634920635,0.8821138211382114,185.0,202.87478637695312
2024-01-09,0.35658374428749084,0.9544715447154472,0.8910568952560425,0.5185185185185185,0.8609958506224067,186.0,198.6822967529297
2024-01-10,0.3525274395942688,0.9723577235772358,0.8975609540939331,0.5354330708661418,0.8631790744466801,196.0,199.3548583984375
2024-01-11,0.36231914162635803,0.9528455284552846,0.9056910276412964,0.5734767025089605,0.8721174004192872,227.0,201.77267456054688
2024-01-12,0.36486366391181946,0.9626016260162602,0.9154471755027771,0.5642857142857143,0.8752642706131079,214.0,208.06436157226562
2024-01-13,0.3188343942165375,0.9772357723577236,0.8926829099655151,0.5746268656716418,0.8742268041237113,190.0,200.84432983398438
2024-01-14,0.31727543473243713,0.9707317073170731,0.8634146451950073,0.5793650793650794,0.8861788617886179,173.0,198.0146026611328
2024-01-15,0.32861512899398804,0.9691056910569106,0.8634146451950073,0.5533596837944664,0.8888888888888888,184.0,197.18743896484375
2024-01-16,0.3372401297092438,0.9691056910569106,0.8910568952560425,0.5503875968992248,0.8734693877551021,195.0,196.23062133789062
2024-01-17,0.34610816836357117,0.9577235772357724,0.8764227628707886,0.5833333333333334,0.8806584362139918,215.0,196.36158752441406
2024-01-18,0.3535624146461487,0.9707317073170731,0.8894308805465698,0.546875,0.8649193548387096,195.0,201.65869140625
2024-01-19,0.3873520493507385,0.9447154471544715,0.8926829099655151,0.5683453237410072,0.8757894736842106,235.0,203.1778564453125
2024-01-20,0.3484015464782715,0.9479674796747968,0.8813008069992065,0.6007604562737643,0.8886597938144329,213.0,202.8188934326172
2024-01-21,0.3401915729045868,0.9642276422764228,0.8747967481613159,0.5843621399176955,0.878968253968254,194.0,198.13385009765625
2024-01-22,0.35953110456466675,0.9658536585365853,0.8731707334518433,0.5670498084291188,0.8806584362139918,214.0,194.94566345214844
2024-01-23,0.33208051323890686,0.975609756097561,0.86504065990448,0.578125,0.885480572597137,190.0,198.82159423828125
2024-01-24,0.376926988363266,0.9609756097560975,0.8764227628707886,0.6067415730337079,0.89375,226.0,201.93374633789062
2024-01-25,0.36151817440986633,0.9577235772357724,0.8634146451950073,0.5735294117647058,0.8789144050104384,221.0,203.02517700195312
2024-01-26,0.34466761350631714,0.9560975609756097,0.8845528364181519,0.6044776119402985,0.8879668049792531,209.0,204.8671417236328
2024-01-27,0.35660430788993835,0.9577235772357724,0.8682926893234253,0.5670498084291188,0.8806584362139918,203.0,202.78805541992188
2024-01-28,0.3390825390815735,0.9626016260162602,0.8617886304855347,0.5867768595041323,0.888,187.0,199.07821655273438
2024-01-29,0.3363327383995056,0.9609756097560975,0.8569105863571167,0.5917602996254682,0.8951781970649895,193.0,198.56605529785156
2024-01-30,0.34355539083480835,0.9626016260162602,0.8617886304855347,0.5289256198347108,0.8705179282868526,176.0,201.32540893554688
2024-01-31,0.3291153013706207,0.9512195121951219,0.8520325422286987,0.5801526717557252,0.89375,196.0,198.8302001953125
2024-02-01,0.33852702379226685,0.9479674796747968,0.8813008069992065,0.5859375,0.8839103869653768,200.0,205.6101531982422
2024-02-02,0.32023686170578003,0.9691056910569106,0.8943089246749878,0.6691176470588235,0.9079497907949791,202.0,206.37359619140625
2024-02-03,0.33872342109680176,0.9626016260162602,0.8845528364181519,0.5547445255474452,0.8760504201680672,203.0,202.75331115722656
2024-02-04,0.339483380317688,0.9609756097560975,0.8455284833908081,0.5387755102040817,0.8825910931174089,192.0,198.18739318847656
2024-02-05,0.36814895272254944,0.9479674796747968,0.860162615776062,0.5418326693227091,0.8852459016393442,187.0,200.45489501953125
2024-02-06,0.3319834768772125,0.9691056910569106,0.860162615776062,0.5469387755102041,0.8864097363083164,181.0,198.8616943359375
2024-02-07,0.3401486873626709,0.9560975609756097,0.8682926893234253,0.6245353159851301,0.899581589958159,214.0,200.12222290039062
2024-02-08,0.3334541618824005,0.9772357723577236,0.8991869688034058,0.5692307692307692,0.8666666666666667,173.0,207.89781188964844
2024-02-09,0.33952879905700684,0.9707317073170731,0.8829268217086792,0.5890909090909091,0.8789144050104384,202.0,202.86534118652344
2024-02-10,0.37787777185440063,0.943089430894309,0.8715447187423706,0.49814126394052044,0.8640167364016736,205.0,200.6146240234375
2024-02-11,0.3565385937690735,0.9495934959349593,0.86504065990448,0.5770750988142292,0.8877551020408163,190.0,197.09043884277344
2024-02-12,0.3294222056865692,0.9658536585365853,0.86504065990448,0.5737051792828686,0.8861788617886179,183.0,199.3682403564453
2024-02-13,0.3142431676387787,0.9739837398373984,0.8813008069992065,0.5289256198347108,0.8585461689587426,153.0,199.90138244628906
2024-02-14,0.3488715887069702,0.9642276422764228,0.8747967481613159,0.48132780082987553,0.8622754491017964,181.0,200.5196533203125
2024-02-15,0.3355635404586792,0.9723577235772358,0.9138211607933044,0.5669291338582677,0.8729838709677419,183.0,201.62171936035156
2024-02-16,0.3700082302093506,0.9479674796747968,0.8926829099655151,0.6153846153846154,0.891213389121339,222.0,201.1348876953125
2024-02-17,0.3398555517196655,0.9577235772357724,0.8894308805465698,0.5647058823529412,0.8780487804878049,200.0,199.59788513183594
2024-02-18,0.3407159149646759,0.959349593495935,0.8455284833908081,0.5726872246696035,0.897029702970297,189.0,194.2486572265625
2024-02-19,0.3425179421901703,0.9626016260162602,0.8731707334518433,0.5681818181818182,0.8930817610062893,205.0,195.27304077148438
2024-02-20,0.31717389822006226,0.9609756097560975,0.8731707334518433,0.6046511627906976,0.9006211180124224,201.0,195.62734985351562
2024-02-21,0.33564451336860657,0.9609756097560975,0.8845528364181519,0.6058394160583942,0.8983050847457628,207.0,201.51495361328125
2024-02-22,0.36164766550064087,0.9626016260162602,0.9073171019554138,0.5899280575539568,0.8895966029723992,217.0,201.33753967285156
2024-02-23,0.38018324971199036,0.9463414634146341,0.9170731902122498,0.5665529010238908,0.8823529411764706,236.0,206.87164306640625
2024-02-24,0.3534678816795349,0.9642276422764228,0.9154471755027771,0.6263345195729537,0.9055793991416309,236.0,205.97657775878906
2024-02-25,0.32730042934417725,0.9707317073170731,0.8813008069992065,0.5355648535564853,0.8747514910536779,170.0,201.29685974121094
2024-02-26,0.3498799502849579,0.9723577235772358,0.9024389982223511,0.5789473684210527,0.8783505154639175,208.0,199.8544464111328
2024-02-27,0.3817802667617798,0.9495934959349593,0.8910568952560425,0.5401459854014599,0.8829787234042553,225.0,202.6024169921875
2024-02-28,0.35861772298812866,0.959349593495935,0.8959349393844604,0.48559670781893005,0.8534653465346534,171.0,204.6531219482422
2024-02-29,0.34616783261299133,0.959349593495935,0.9024389982223511,0.5746268656716418,0.8760330578512396,205.0,201.27963256835938
2024-03-01,0.4012804627418518,0.943089430894309,0.9040650129318237,0.6223776223776224,0.9047619047619048,271.0,207.10565185546875
2024-03-02,0.33699309825897217,0.9707317073170731,0.9365853667259216,0.6423357664233577,0.89375,218.0,211.98988342285156
2024-03-03,0.31822219491004944,0.9739837398373984,0.9073171019554138,0.6265060240963856,0.8933601609657947,172.0,204.81509399414062
2024-03-04,0.33142098784446716,0.9707317073170731,0.8910568952560425,0.6023166023166023,0.8930041152263375,191.0,201.8438262939453
2024-03-05,0.32503923773765564,0.9707317073170731,0.9008129835128784,0.6507936507936508,0.9008097165991903,193.0,199.7506561279297
2024-03-06,0.34360864758491516,0.9642276422764228,0.8894308805465698,0.5590551181102362,0.8674698795180723,193.0,202.59400939941406
2024-03-07,0.36198511719703674,0.9560975609756097,0.8943089246749878,0.5354330708661418,0.8719512195121951,188.0,203.82383728027344
2024-03-08,0.34467560052871704,0.9609756097560975,0.9105691313743591,0.6067415730337079,0.8845360824742268,190.0,207.896240234375
2024-03-09,0.3323012888431549,0.9642276422764228,0.8959349393844604,0.49586776859504134,0.854043392504931,160.0,205.3829345703125
2024-03-10,0.31914767622947693,0.9691056910569106,0.8715447187423706,0.5194805194805194,0.8688845401174168,154.0,197.3870391845703
2024-03-11,0.32141464948654175,0.9788617886178862,0.855284571647644,0.5286343612334802,0.8818897637795275,143.0,192.0593719482422
2024-03-12,0.3252580463886261,0.959349593495935,0.842276394367218,0.5396825396825397,0.8886597938144329,181.0,189.70526123046875
2024-03-13,0.34088820219039917,0.9739837398373984,0.8536585569381714,0.5409836065573771,0.8846153846153846,178.0,193.2230224609375
2024-03-14,0.3469240665435791,0.9691056910569106,0.8666666746139526,0.5327868852459017,0.8650793650793651,176.0,194.42721557617188
2024-03-15,0.32618120312690735,0.9739837398373984,0.8926829099655151,0.5204460966542751,0.8577319587628865,186.0,198.53164672851562
2024-03-16,0.3537273108959198,0.9609756097560975,0.8617886304855347,0.5267489711934157,0.8808080808080808,191.0,193.13931274414062
2024-03-17,0.3122762143611908,0.975609756097561,0.8439024686813354,0.5486725663716814,0.8791423001949318,151.0,190.146240234375
2024-03-18,0.31843429803848267,0.9707317073170731,0.8471544981002808,0.4711111111111111,0.8585271317829457,140.0,188.1478271484375
2024-03-19,0.30792751908302307,0.9772357723577236,0.8357723355293274,0.5374449339207048,0.8821218074656189,148.0,185.76449584960938
2024-03-20,0.3328365087509155,0.9691056910569106,0.8357723355293274,0.5311203319502075,0.8830645161290323,186.0,186.468017578125
2024-03-21,0.3361372649669647,0.975609756097561,0.8520325422286987,0.5596707818930041,0.8853118712273642,179.0,189.84002685546875
2024-03-22,0.348688542842865,0.9609756097560975,0.8390243649482727,0.5925925925925926,0.8933601609657947,197.0,190.11273193359375
2024-03-23,0.32152292132377625,0.9739837398373984,0.8065040707588196,0.4576271186440678,0.8677354709418837,160.0,182.75051879882812
2024-03-24,0.32634344696998596,0.959349593495935,0.8032520413398743,0.5381165919282511,0.8968253968253969,174.0,175.47315979003906
2024-03-25,0.31920477747917175,0.9658536585365853,0.8097561001777649,0.4474885844748858,0.8742632612966601,152.0,177.59146118164062
2024-03-26,0.34264710545539856,0.9577235772357724,0.8065040707588196,0.4721030042918455,0.8775100401606426,178.0,177.69577026367188
2024-03-27,0.33927497267723083,0.9723577235772358,0.8048780560493469,0.4954954954954955,0.8853754940711462,174.0,175.746826171875
2024-03-28,0.32943928241729736,0.9642276422764228,0.8146341443061829,0.5407725321888412,0.8864541832669323,170.0,179.8922576904297
2024-03-29,0.35861051082611084,0.9398373983739837,0.8195121884346008,0.5409836065573771,0.8991769547325102,200.0,181.8605194091797
2024-03-30,0.32379284501075745,0.959349593495935,0.8081300854682922,0.5764192139737991,0.904,178.0,174.85488891601562
2024-03-31,0.29018813371658325,0.9658536585365853,0.7658536434173584,0.5781990521327014,0.9207920792079208,158.0,168.26510620117188
2024-04-01,0.30954796075820923,0.967479674796748,0.7886179089546204,0.5172413793103449,0.9022403258655805,172.0,169.51983642578125
2024-04-02,0.3207004964351654,0.9707317073170731,0.7918699383735657,0.463768115942029,0.8871595330739299,143.0,173.06088256835938
2024-04-03,0.30295222997665405,0.9707317073170731,0.7788617610931396,0.5123152709359606,0.90625,150.0,168.1243896484375
2024-04-04,0.30871880054473877,0.9739837398373984,0.8032520413398743,0.5352112676056338,0.898238747553816,159.0,172.2645263671875
2024-04-05,0.29655691981315613,0.9739837398373984,0.7918699383735657,0.5277777777777778,0.8976377952755905,155.0,169.31173706054688
2024-04-06,0.29729095101356506,0.9707317073170731,0.7658536434173584,0.5384615384615384,0.9168316831683169,165.0,164.32937622070312
2024-04-07,0.26915431022644043,0.9788617886178862,0.7658536434173584,0.53125,0.9080459770114943,134.0,162.9249725341797
2024-04-08,0.2884654700756073,0.967479674796748,0.7593495845794678,0.40641711229946526,0.8944337811900192,125.0,159.82345581054688
2024-04-09,0.29355737566947937,0.9577235772357724,0.7560975551605225,0.5208333333333334,0.9131274131274131,137.0,159.058837890625
2024-04-10,0.2982228696346283,0.9739837398373984,0.7609755992889404,0.5687203791469194,0.9151873767258383,165.0,159.17413330078125
2024-04-11,0.2969784140586853,0.9691056910569106,0.7642276287078857,0.47761194029850745,0.9041095890410958,151.0,160.42547607421875
2024-04-12,0.3147760033607483,0.9544715447154472,0.7528455257415771,0.4954954954954955,0.9142857142857143,168.0,160.52023315429688
2024-04-13,0.2723638117313385,0.9804878048780488,0.7756097316741943,0.5615763546798029,0.916015625,143.0,160.90223693847656
2024-04-14,0.2835480570793152,0.9772357723577236,0.7495934963226318,0.5347593582887701,0.9104761904761904,139.0,155.78797912597656
2024-04-15,0.25312095880508423,0.9821138211382113,0.7365853786468506,0.4888888888888889,0.9089184060721063,112.0,150.57449340820312
2024-04-16,0.2949511706829071,0.959349593495935,0.7349593639373779,0.4895833333333333,0.9090909090909091,149.0,149.73977661132812
2024-04-17,0.32535311579704285,0.9626016260162602,0.7626016139984131,0.5,0.9083665338645418,171.0,156.7698974609375
2024-04-18,0.292528361082077,0.9723577235772358,0.7642276287078857,0.5740740740740741,0.9201596806387226,164.0,156.426513671875
2024-04-19,0.3186839520931244,0.9609756097560975,0.7560975551605225,0.5638766519823789,0.9224489795918367,185.0,156.21038818359375
2024-04-20,0.30860820412635803,0.975609756097561,0.7609755992889404,0.6078431372549019,0.9256360078277887,173.0,157.6916961669922
2024-04-21,0.2742036283016205,0.975609756097561,0.7512195110321045,0.5026737967914439,0.9082217973231358,127.0,156.9761199951172
2024-04-22,0.2826257348060608,0.9609756097560975,0.7268292903900146,0.5825242718446602,0.9398797595190381,155.0,148.86521911621094
2024-04-23,0.2963828146457672,0.9739837398373984,0.7593495845794678,0.5396825396825397,0.9137931034482759,149.0,154.81622314453125
2024-04-24,0.3377375900745392,0.959349593495935,0.7528455257415771,0.5420560747663551,0.9198396793587175,189.0,154.8192596435547
2024-04-25,0.2886252701282501,0.959349593495935,0.7495934963226318,0.6069651741293532,0.9350393700787402,158.0,156.39830017089844
2024-04-26,0.30049267411231995,0.9626016260162602,0.767479658126831,0.5070422535211268,0.9101796407185628,165.0,156.91542053222656
2024-04-27,0.29437321424484253,0.959349593495935,0.7349593639373779,0.5123152709359606,0.9151873767258383,160.0,152.9632568359375
2024-04-28,0.29781749844551086,0.9772357723577236,0.7186991572380066,0.5638297872340425,0.9393346379647749,165.0,147.85348510742188
2024-04-29,0.2931680381298065,0.967479674796748,0.7170731425285339,0.49740932642487046,0.9233791748526523,148.0,148.78961181640625
2024-04-30,0.28528350591659546,0.9691056910569106,0.7235772609710693,0.532608695652174,0.9248554913294798,147.0,149.96530151367188
2024-05-01,0.31579387187957764,0.9479674796747968,0.725203275680542,0.5603864734299517,0.9395161290322581,179.0,151.92147827148438
2024-05-02,0.28998035192489624,0.9658536585365853,0.7284553050994873,0.5728643216080402,0.9347826086956522,156.0,152.7420654296875
2024-05-03,0.2818426489830017,0.9739837398373984,0.7333333492279053,0.5154639175257731,0.9127906976744186,142.0,153.14096069335938
2024-05-04,0.2734036445617676,0.975609756097561,0.73008131980896,0.49746192893401014,0.912109375,141.0,149.97052001953125
2024-05-05,0.3078576922416687,0.9577235772357724,0.7089430689811707,0.43010752688172044,0.9106796116504854,160.0,145.30325317382812
2024-05-06,0.27736085653305054,0.9707317073170731,0.7089430689811707,0.5473684210526316,0.9298245614035088,148.0,144.73748779296875
2024-05-07,0.300291508436203,0.9642276422764228,0.720325231552124,0.53125,0.9221789883268483,152.0,148.60159301757812
2024-05-08,0.27100250124931335,0.9772357723577236,0.7382113933563232,0.5591397849462365,0.921455938697318,139.0,153.12591552734375
2024-05-09,0.30138659477233887,0.967479674796748,0.720325231552124,0.5435897435897435,0.9274509803921569,164.0,149.901611328125
2024-05-10,0.284354567527771,0.9707317073170731,0.7284553050994873,0.57,0.9291338582677166,160.0,149.70223999023438
2024-05-11,0.2702043354511261,0.9707317073170731,0.7089430689811707,0.5053763440860215,0.918918918918919,138.0,150.0131072998047
2024-05-12,0.2646161913871765,0.9788617886178862,0.7056910395622253,0.5310734463276836,0.9220532319391636,134.0,146.5052947998047
2024-05-13,0.26350221037864685,0.9723577235772358,0.7154471278190613,0.5363128491620112,0.9254302103250478,132.0,145.33541870117188
2024-05-14,0.2471732795238495,0.9788617886178862,0.707317054271698,0.5212121212121212,0.9180633147113594,110.0,148.0474395751953
2024-05-15,0.23976828157901764,0.9902439024390244,0.7170731425285339,0.6081871345029239,0.9393939393939394,117.0,145.7558135986328
2024-05-16,0.25440463423728943,0.9772357723577236,0.707317054271698,0.5325443786982249,0.9212007504690432,116.0,146.14898681640625
2024-05-17,0.2729109525680542,0.9691056910569106,0.6991869807243347,0.5380116959064327,0.9315589353612167,143.0,145.52505493164062
2024-05-18,0.25585243105888367,0.983739837398374,0.6845528483390808,0.5949367088607594,0.9368029739776952,123.0,140.12252807617188
2024-05-19,0.25332319736480713,0.9788617886178862,0.6731707453727722,0.5342465753424658,0.9304029304029304,104.0,136.83033752441406
2024-05-20,0.2697325646877289,0.9772357723577236,0.660162627696991,0.5238095238095238,0.9388145315487572,138.0,136.4444580078125
2024-05-21,0.2370496243238449,0.9788617886178862,0.660162627696991,0.6424242424242425,0.9490566037735849,125.0,136.024658203125
2024-05-22,0.2378913164138794,0.975609756097561,0.6617886424064636,0.575,0.9417293233082706,113.0,135.86904907226562
2024-05-23,0.25613927841186523,0.9739837398373984,0.6455284357070923,0.4662576687116564,0.9210526315789473,122.0,134.50299072265625
2024-05-24,0.27761831879615784,0.9577235772357724,0.6439024209976196,0.5454545454545454,0.94106463878327,144.0,134.38345336914062
2024-05-25,0.25150054693222046,0.9788617886178862,0.6471544504165649,0.46357615894039733,0.9275092936802974,116.0,133.94424438476562
2024-05-26,0.2594854533672333,0.9642276422764228,0.6211382150650024,0.5802469135802469,0.946969696969697,133.0,127.59735107421875
2024-05-27,0.24132139980793,0.9739837398373984,0.637398362159729,0.5714285714285714,0.945179584120983,124.0,129.78170776367188
2024-05-28,0.23365499079227448,0.9739837398373984,0.6292682886123657,0.44594594594594594,0.9259259259259259,99.0,130.4071044921875
2024-05-29,0.22887112200260162,0.975609756097561,0.632520318031311,0.5359477124183006,0.9384328358208955,111.0,128.43441772460938
2024-05-30,0.24736489355564117,0.975609756097561,0.6195122003555298,0.4827586206896552,0.9421641791044776,117.0,125.77928161621094
2024-05-31,0.22986705601215363,0.9853658536585366,0.6113821268081665,0.5594405594405595,0.9606003752345216,119.0,123.99616241455078
2024-06-01,0.2814518213272095,0.9528455284552846,0.6097561120986938,0.5443786982248521,0.9647058823529412,166.0,122.43991088867188
2024-06-02,0.24111144244670868,0.9723577235772358,0.6065040826797485,0.49645390070921985,0.9478584729981379,119.0,125.74229431152344
2024-06-03,0.2552759349346161,0.9772357723577236,0.5983740091323853,0.44025157232704404,0.9442307692307692,135.0,122.71424865722656
2024-06-04,0.24036674201488495,0.9707317073170731,0.6065040826797485,0.4861111111111111,0.949343339587242,120.0,122.58968353271484
2024-06-05,0.23736420273780823,0.9723577235772358,0.5967479944229126,0.4722222222222222,0.9492481203007519,116.0,122.51663208007812
2024-06-06,0.24974754452705383,0.9642276422764228,0.6000000238418579,0.5416666666666666,0.9532710280373832,124.0,122.36181640625
2024-06-07,0.2539527416229248,0.9691056910569106,0.5983740091323853,0.5419354838709678,0.9507575757575758,136.0,120.26046752929688
2024-06-08,0.22045783698558807,0.9804878048780488,0.5934959053993225,0.6068965517241379,0.9625468164794008,118.0,120.17205810546875
2024-06-09,0.22566533088684082,0.9723577235772358,0.5756097435951233,0.48175182481751827,0.9462962962962963,108.0,118.60786437988281
2024-06-10,0.24526655673980713,0.975609756097561,0.5886178612709045,0.4444444444444444,0.9447619047619048,125.0,118.93978881835938
2024-06-11,0.25098127126693726,0.9707317073170731,0.5902438759803772,0.5306122448979592,0.9602272727272727,133.0,117.84593963623047
2024-06-12,0.2481416016817093,0.9609756097560975,0.5707316994667053,0.5063291139240507,0.9594594594594594,143.0,117.71160888671875
2024-06-13,0.24270595610141754,0.975609756097561,0.5853658318519592,0.5314685314685315,0.9568480300187617,127.0,120.9058837890625
2024-06-14,0.25342047214508057,0.9642276422764228,0.5934959053993225,0.46357615894039733,0.9468690702087287,130.0,121.49295806884766
2024-06-15,0.24682728946208954,0.9642276422764228,0.5821138024330139,0.4805194805194805,0.9540229885057471,132.0,119.22425079345703
2024-06-16,0.23763523995876312,0.9723577235772358,0.5707316994667053,0.5633802816901409,0.957089552238806,122.0,119.77166748046875
2024-06-17,0.23772208392620087,0.9739837398373984,0.577235758304596,0.48484848484848486,0.9414990859232175,105.0,118.33625030517578
2024-06-18,0.2281971573829651,0.9723577235772358,0.5560975670814514,0.5306122448979592,0.9657142857142857,122.0,117.09774780273438
2024-06-19,0.2317458689212799,0.9642276422764228,0.5707316994667053,0.5,0.9597701149425287,127.0,117.96256256103516
2024-06-20,0.23905505239963531,0.9739837398373984,0.5707316994667053,0.5066666666666667,0.9544592030360531,131.0,120.09676361083984
2024-06-21,0.26286157965660095,0.9560975609756097,0.5691056847572327,0.45569620253164556,0.9535783365570599,146.0,119.60059356689453
2024-06-22,0.2710620164871216,0.959349593495935,0.572357714176178,0.5263157894736842,0.9617590822179732,152.0,120.59598541259766
2024-06-23,0.22888758778572083,0.9821138211382113,0.5853658318519592,0.47761194029850745,0.9447513812154696,105.0,122.90498352050781
2024-06-24,0.2476866990327835,0.9707317073170731,0.562601625919342,0.46808510638297873,0.9512195121951219,129.0,118.21195220947266
2024-06-25,0.23253633081912994,0.9788617886178862,0.572357714176178,0.5342465753424658,0.9603024574669187,126.0,119.73410034179688
2024-06-26,0.21161776781082153,0.9821138211382113,0.5837398171424866,0.5481481481481482,0.962756052141527,107.0,122.13874816894531
2024-06-27,0.2670224905014038,0.9642276422764228,0.5788617730140686,0.484472049689441,0.9610136452241715,151.0,120.44300079345703
2024-06-28,0.24027134478092194,0.975609756097561,0.5918698906898499,0.5100671140939598,0.9438202247191011,126.0,122.21600341796875
2024-06-29,0.2162989228963852,0.9821138211382113,0.5821138024330139,0.5694444444444444,0.9624060150375939,112.0,121.2991714477539
2024-06-30,0.23556305468082428,0.9772357723577236,0.5788617730140686,0.4647887323943662,0.9422718808193669,115.0,119.0103988647461
2024-07-01,0.25767356157302856,0.9544715447154472,0.572357714176178,0.5477707006369427,0.9597701149425287,148.0,119.85906982421875
2024-07-02,0.2610936760902405,0.9642276422764228,0.6000000238418579,0.4810126582278481,0.9357277882797732,135.0,121.17276000976562
2024-07-03,0.2397974580526352,0.975609756097561,0.5918698906898499,0.4489795918367347,0.9399624765478424,116.0,121.2585678100586
2024-07-04,0.21527089178562164,0.9853658536585366,0.5918698906898499,0.5165562913907285,0.9454887218045113,108.0,120.32682037353516
2024-07-05,0.21708741784095764,0.9804878048780488,0.5951219797134399,0.5466666666666666,0.9529190207156308,116.0,120.44563293457031
2024-07-06,0.23821261525154114,0.9691056910569106,0.5869918465614319,0.5569620253164557,0.9561068702290076,129.0,119.08861541748047
2024-07-07,0.2212991565465927,0.9772357723577236,0.577235758304596,0.5827814569536424,0.9657794676806084,123.0,117.32494354248047
2024-07-08,0.23393812775611877,0.9723577235772358,0.5658536553382874,0.4393939393939394,0.9377289377289377,104.0,119.05713653564453
2024-07-09,0.21406510472297668,0.9788617886178862,0.5707316994667053,0.556390977443609,0.9593345656192237,107.0,118.52600860595703
2024-07-10,0.2512694001197815,0.9723577235772358,0.5886178612709045,0.4805194805194805,0.9521988527724665,131.0,118.5813217163086
2024-07-11,0.23911570012569427,0.9691056910569106,0.5837398171424866,0.567741935483871,0.9509433962264151,127.0,116.73995208740234
2024-07-12,0.23987451195716858,0.9772357723577236,0.5756097435951233,0.4868421052631579,0.9487666034155597,122.0,118.73219299316406
2024-07-13,0.22577232122421265,0.9772357723577236,0.5837398171424866,0.5405405405405406,0.9512195121951219,119.0,119.29314422607422
2024-07-14,0.23458097875118256,0.9739837398373984,0.5707316994667053,0.5769230769230769,0.9655172413793104,140.0,117.0706558227539
2024-07-15,0.24147850275039673,0.967479674796748,0.572357714176178,0.5,0.9609375,135.0,118.36439514160156
2024-07-16,0.21878133714199066,0.9772357723577236,0.5658536553382874,0.5774647887323944,0.9661654135338346,119.0,118.59091186523438
2024-07-17,0.24297182261943817,0.9691056910569106,0.5821138024330139,0.5290322580645161,0.9542857142857143,130.0,120.5615234375
2024-07-18,0.2404615730047226,0.9691056910569106,0.5902438759803772,0.46258503401360546,0.9348230912476723,117.0,120.94971466064453
2024-07-19,0.2217809110879898,0.9739837398373984,0.5804877877235413,0.5732484076433121,0.9544592030360531,117.0,119.19203186035156
2024-07-20,0.23083610832691193,0.9626016260162602,0.562601625919342,0.6258503401360545,0.969811320754717,131.0,117.59158325195312
2024-07-21,0.22380505502223969,0.975609756097561,0.5804877877235413,0.4444444444444444,0.9392265193370166,104.0,119.21730041503906
2024-07-22,0.19908806681632996,0.9886178861788618,0.5642276406288147,0.5230769230769231,0.9540441176470589,89.0,115.31041717529297
2024-07-23,0.23380032181739807,0.9642276422764228,0.5528455376625061,0.42105263157894735,0.9444444444444444,115.0,112.58745574951172
2024-07-24,0.2347855269908905,0.9691056910569106,0.5658536553382874,0.5733333333333334,0.9657794676806084,137.0,114.16481018066406
2024-07-25,0.24360495805740356,0.9642276422764228,0.5756097435951233,0.5290322580645161,0.9542857142857143,128.0,116.73700714111328
2024-07-26,0.2249167412519455,0.975609756097561,0.5707316994667053,0.593103448275862,0.9606741573033708,118.0,116.73213195800781
2024-07-27,0.24868114292621613,0.967479674796748,0.5691056847572327,0.49333333333333335,0.9489603024574669,131.0,116.76448059082031
2024-07-28,0.24357540905475616,0.967479674796748,0.562601625919342,0.5641025641025641,0.9580952380952381,134.0,113.48973846435547
2024-07-29,0.22242867946624756,0.9772357723577236,0.577235758304596,0.5935483870967742,0.9619771863117871,128.0,118.08292388916016
2024-07-30,0.24293677508831024,0.9691056910569106,0.5739837288856506,0.5031446540880503,0.9520153550863724,133.0,116.92657470703125
2024-07-31,0.2484550178050995,0.9723577235772358,0.572357714176178,0.5165562913907285,0.9508506616257089,128.0,117.73792266845703
2024-08-01,0.2587463855743408,0.9626016260162602,0.5739837288856506,0.5625,0.9596928982725528,147.0,118.07115173339844
2024-08-02,0.24687108397483826,0.9707317073170731,0.577235758304596,0.5477707006369427,0.9561068702290076,139.0,120.09190368652344
2024-08-03,0.24480685591697693,0.9723577235772358,0.5869918465614319,0.49635036496350365,0.9446494464944649,120.0,120.20498657226562
2024-08-04,0.2202206552028656,0.9772357723577236,0.5837398171424866,0.5428571428571428,0.9517625231910947,108.0,117.75675964355469
2024-08-05,0.2123536914587021,0.9804878048780488,0.5691056847572327,0.5693430656934306,0.9591836734693877,103.0,116.99839782714844
2024-08-06,0.23462261259555817,0.9691056910569106,0.572357714176178,0.4057971014492754,0.9369202226345084,106.0,116.12736511230469
2024-08-07,0.23342357575893402,0.975609756097561,0.5788617730140686,0.5135135135135135,0.9456928838951311,115.0,117.51397705078125
2024-08-08,0.2221640944480896,0.9772357723577236,0.5804877877235413,0.48226950354609927,0.9442379182156134,103.0,116.333740234375
2024-08-09,0.2396225780248642,0.9658536585365853,0.5577235817909241,0.5217391304347826,0.9606741573033708,124.0,114.43944549560547
2024-08-10,0.19992898404598236,0.9821138211382113,0.5544715523719788,0.5343511450381679,0.9558011049723757,90.0,113.60224914550781
2024-08-11,0.23878280818462372,0.9772357723577236,0.5495935082435608,0.43410852713178294,0.9431192660550459,111.0,111.95128631591797
2024-08-12,0.2255392223596573,0.975609756097561,0.5577235817909241,0.4881889763779528,0.9505494505494505,108.0,111.39331817626953
2024-08-13,0.23123788833618164,0.9739837398373984,0.5317073464393616,0.5142857142857142,0.9533582089552238,119.0,110.34941101074219
2024-08-14,0.21614111959934235,0.9772357723577236,0.5495935082435608,0.4768211920529801,0.9487666034155597,117.0,111.85822296142578
2024-08-15,0.23254577815532684,0.975609756097561,0.5560975670814514,0.5314685314685315,0.9586466165413534,124.0,113.24983978271484
2024-08-16,0.22996114194393158,0.967479674796748,0.5528455376625061,0.5185185185185185,0.9519408502772643,110.0,114.61287689208984
2024-08-17,0.2569577991962433,0.9626016260162602,0.5382114052772522,0.5135135135135135,0.9600760456273765,145.0,110.8350601196289
2024-08-18,0.23174265027046204,0.9707317073170731,0.5560975670814514,0.4857142857142857,0.9496268656716418,111.0,115.4690170288086
2024-08-19,0.21927912533283234,0.9788617886178862,0.5430894494056702,0.5038167938931297,0.9538745387453874,104.0,111.84331512451172
2024-08-20,0.21813255548477173,0.9772357723577236,0.5333333611488342,0.5112781954887218,0.9537892791127541,105.0,112.62557983398438
2024-08-21,0.23178663849830627,0.967479674796748,0.5463414788246155,0.5342465753424658,0.9566854990583804,127.0,114.44927978515625
2024-08-22,0.2449469119310379,0.9626016260162602,0.5560975670814514,0.4968152866242038,0.9594594594594594,136.0,114.95500183105469
2024-08-23,0.250472754240036,0.959349593495935,0.5365853905677795,0.5138888888888888,0.9639468690702088,143.0,114.16560363769531
2024-08-24,0.23932212591171265,0.9707317073170731,0.5544715523719788,0.5106382978723404,0.96045197740113,130.0,116.18861389160156
2024-08-25,0.21083185076713562,0.9772357723577236,0.5382114052772522,0.5112781954887218,0.9591078066914498,106.0,114.88156127929688
2024-08-26,0.2207493782043457,0.9739837398373984,0.5398374199867249,0.4507042253521127,0.9564393939393939,116.0,113.42406463623047
2024-08-27,0.22260905802249908,0.975609756097561,0.5382114052772522,0.4251968503937008,0.9501845018450185,95.0,112.8545150756836
2024-08-28,0.24054084718227386,0.9723577235772358,0.5333333611488342,0.4788732394366197,0.9602272727272727,128.0,110.41256713867188
2024-08-29,0.2319195717573166,0.9658536585365853,0.5463414788246155,0.515625,0.9611829944547134,116.0,111.93606567382812
2024-08-30,0.232998788356781,0.9739837398373984,0.5544715523719788,0.46153846153846156,0.9537037037037037,114.0,111.38616180419922
2024-08-31,0.22482295334339142,0.975609756097561,0.5528455376625061,0.6153846153846154,0.9735849056603774,131.0,109.93121337890625
2024-09-01,0.2215798944234848,0.9658536585365853,0.5479674935340881,0.4888888888888889,0.9606741573033708,115.0,110.93304443359375
2024-09-02,0.219979390501976,0.9788617886178862,0.5528455376625061,0.390625,0.9411764705882353,98.0,111.4280014038086
2024-09-03,0.2267863154411316,0.9691056910569106,0.5593495965003967,0.45925925925925926,0.9551401869158879,111.0,111.4554214477539
2024-09-04,0.21604308485984802,0.9821138211382113,0.5398374199867249,0.45255474452554745,0.956766917293233,110.0,109.36726379394531
2024-09-05,0.2417367547750473,0.9626016260162602,0.5512195229530334,0.5066666666666667,0.9691714836223507,140.0,110.56759643554688
2024-09-06,0.2282302975654602,0.9739837398373984,0.5577235817909241,0.5511811023622047,0.9631675874769797,114.0,114.24472045898438
2024-09-07,0.21124178171157837,0.9707317073170731,0.5398374199867249,0.5037037037037037,0.9625468164794008,114.0,110.82769012451172
2024-09-08,0.20865699648857117,0.9788617886178862,0.5414634346961975,0.4732824427480916,0.960820895522388,106.0,111.0311508178711
2024-09-09,0.22988608479499817,0.9707317073170731,0.5382114052772522,0.45112781954887216,0.9552238805970149,115.0,111.17704772949219
2024-09-10,0.20463356375694275,0.9853658536585366,0.5512195229530334,0.5190839694656488,0.9592592592592593,103.0,112.36270141601562
2024-09-11,0.2171369045972824,0.9788617886178862,0.5463414788246155,0.464,0.9540441176470589,100.0,112.84992980957031
2024-09-12,0.2171773761510849,0.975609756097561,0.5430894494056702,0.512396694214876,0.9615384615384616,106.0,113.31014251708984
2024-09-13,0.27796074748039246,0.959349593495935,0.5447154641151428,0.48322147651006714,0.9691119691119691,163.0,111.02691650390625
2024-09-14,0.23600593209266663,0.9739837398373984,0.5577235817909241,0.5072463768115942,0.9552238805970149,125.0,113.99040222167969
2024-09-15,0.23052217066287994,0.9772357723577236,0.5430894494056702,0.49645390070921985,0.9640151515151515,124.0,110.59039306640625
2024-09-16,0.22399230301380157,0.9804878048780488,0.5365853905677795,0.421875,0.948339483394834,101.0,111.17192077636719
2024-09-17,0.22589722275733948,0.9723577235772358,0.5414634346961975,0.48120300751879697,0.9607476635514018,114.0,110.753662109375
2024-09-18,0.23142695426940918,0.9658536585365853,0.5317073464393616,0.47761194029850745,0.9606741573033708,127.0,112.0487060546875
2024-09-19,0.2317453771829605,0.9691056910569106,0.5463414788246155,0.5211267605633803,0.967741935483871,135.0,113.5946273803711
2024-09-20,0.24570317566394806,0.9642276422764228,0.5609756112098694,0.5733333333333334,0.9750479846449136,148.0,116.94577026367188
2024-09-21,0.261272132396698,0.9560975609756097,0.5495935082435608,0.44755244755244755,0.9509433962264151,138.0,115.07791900634766
2024-09-22,0.20795729756355286,0.9853658536585366,0.5658536553382874,0.48120300751879697,0.9518518518518518,102.0,113.65910339355469
2024-09-23,0.22705447673797607,0.9691056910569106,0.5382114052772522,0.5038167938931297,0.9645522388059702,110.0,112.61756896972656
2024-09-24,0.2132362425327301,0.9772357723577236,0.5479674935340881,0.5652173913043478,0.9717514124293786,119.0,111.34617614746094
2024-09-25,0.25965073704719543,0.9642276422764228,0.562601625919342,0.5,0.9636711281070746,149.0,115.30812072753906
2024-09-26,0.23555196821689606,0.967479674796748,0.5658536553382874,0.5384615384615384,0.959409594095941,120.0,116.63172912597656
2024-09-27,0.2535962462425232,0.9560975609756097,0.5560975670814514,0.543046357615894,0.9711538461538461,149.0,115.28506469726562
2024-09-28,0.25367042422294617,0.9707317073170731,0.5691056847572327,0.5616438356164384,0.9659090909090909,148.0,116.91675567626953
2024-09-29,0.22466209530830383,0.9707317073170731,0.5512195229530334,0.48175182481751827,0.9605263157894737,117.0,116.11455535888672
2024-09-30,0.2361198365688324,0.9772357723577236,0.5512195229530334,0.4647887323943662,0.9583333333333334,120.0,112.80000305175781
2024-10-01,0.23448243737220764,0.9691056910569106,0.5512195229530334,0.5034965034965035,0.9621212121212122,133.0,114.58196258544922
2024-10-02,0.22521550953388214,0.9723577235772358,0.5593495965003967,0.5441176470588235,0.9608938547486033,119.0,116.80963897705078
2024-10-03,0.21186305582523346,0.9772357723577236,0.5691056847572327,0.6423357664233577,0.9720670391061452,117.0,119.29509735107422
2024-10-04,0.25710567831993103,0.9560975609756097,0.5756097435951233,0.5822784810126582,0.9729206963249516,158.0,117.83169555664062
2024-10-05,0.21354293823242188,0.975609756097561,0.5560975670814514,0.5957446808510638,0.9644859813084112,119.0,117.62582397460938
2024-10-06,0.22597715258598328,0.975609756097561,0.5544715523719788,0.52,0.9618320610687023,127.0,116.55503845214844
2024-10-07,0.2138960361480713,0.9739837398373984,0.56747967004776,0.524822695035461,0.9515828677839852,103.0,116.2333984375
2024-10-08,0.22425565123558044,0.975609756097561,0.562601625919342,0.4755244755244755,0.9457943925233645,111.0,116.77513122558594
2024-10-09,0.24403470754623413,0.967479674796748,0.5560975670814514,0.5106382978723404,0.9550561797752809,131.0,116.63861083984375
2024-10-10,0.2530481815338135,0.9626016260162602,0.5658536553382874,0.5093167701863354,0.9593023255813954,149.0,121.27368927001953
2024-10-11,0.24932871758937836,0.9560975609756097,0.5788617730140686,0.43137254901960786,0.9392789373814042,125.0,122.72850036621094
2024-10-12,0.2688293755054474,0.9609756097560975,0.5544715523719788,0.44776119402985076,0.9462962962962963,127.0,120.10686492919922
2024-10-13,0.2199781984090805,0.9723577235772358,0.5512195229530334,0.4580152671755725,0.9500924214417745,106.0,115.70263671875
2024-10-14,0.21534717082977295,0.9707317073170731,0.5577235817909241,0.5588235294117647,0.9609665427509294,110.0,114.91790771484375
2024-10-15,0.22275593876838684,0.9788617886178862,0.5512195229530334,0.45255474452554745,0.9460966542750929,109.0,116.32857513427734
2024-10-16,0.23765486478805542,0.9642276422764228,0.5593495965003967,0.5540540540540541,0.9621212121212122,126.0,118.57526397705078
2024-10-17,0.2459692507982254,0.9658536585365853,0.5691056847572327,0.5467625899280576,0.957169459962756,130.0,120.18797302246094
2024-10-18,0.24441905319690704,0.9658536585365853,0.56747967004776,0.5401459854014599,0.9537037037037037,115.0,121.45433044433594
2024-10-19,0.23343974351882935,0.9642276422764228,0.5495935082435608,0.45517241379310347,0.9508506616257089,121.0,115.9223861694336
2024-10-20,0.2629530131816864,0.9577235772357724,0.562601625919342,0.5390070921985816,0.9588014981273408,142.0,112.82050323486328
2024-10-21,0.23517434298992157,0.9642276422764228,0.5544715523719788,0.5,0.9586466165413534,125.0,117.07221984863281
2024-10-22,0.23352602124214172,0.9772357723577236,0.5642276406288147,0.582089552238806,0.959409594095941,119.0,116.95438385009766
2024-10-23,0.23457728326320648,0.9723577235772358,0.5756097435951233,0.48951048951048953,0.9441340782122905,122.0,118.69355773925781
2024-10-24,0.2811889946460724,0.9577235772357724,0.562601625919342,0.4507042253521127,0.9474671669793621,149.0,119.4066162109375
2024-10-25,0.24822527170181274,0.967479674796748,0.5642276406288147,0.44755244755244755,0.9491525423728814,130.0,119.35368347167969
2024-10-26,0.22373910248279572,0.9723577235772358,0.56747967004776,0.5,0.9514925373134329,116.0,119.09993743896484
2024-10-27,0.20881278812885284,0.9804878048780488,0.5544715523719788,0.4666666666666667,0.947463768115942,88.0,113.09596252441406
2024-10-28,0.22683489322662354,0.9772357723577236,0.5642276406288147,0.43478260869565216,0.949438202247191,113.0,114.5089340209961
2024-10-29,0.23389704525470734,0.967479674796748,0.5577235817909241,0.49624060150375937,0.9626168224299065,123.0,113.81118774414062
2024-10-30,0.23303309082984924,0.9723577235772358,0.5447154641151428,0.5,0.9595588235294118,114.0,113.73892211914062
2024-10-31,0.24138067662715912,0.9691056910569106,0.5577235817909241,0.5441176470588235,0.9662921348314607,132.0,114.27086639404297
2024-11-01,0.23982368409633636,0.9691056910569106,0.5593495965003967,0.5100671140939598,0.9636711281070746,134.0,115.91626739501953
2024-11-02,0.2540074586868286,0.9642276422764228,0.56747967004776,0.5616438356164384,0.9659090909090909,147.0,116.04057312011719
2024-11-03,0.23034675419330597,0.9739837398373984,0.5593495965003967,0.5405405405405406,0.9675572519083969,128.0,114.81700134277344
2024-11-04,0.24260318279266357,0.9691056910569106,0.5593495965003967,0.5217391304347826,0.9624765478424016,129.0,114.71549987792969
2024-11-05,0.22044791281223297,0.9788617886178862,0.5577235817909241,0.43609022556390975,0.948051948051948,110.0,114.40379333496094
2024-11-06,0.21919257938861847,0.9772357723577236,0.562601625919342,0.4264705882352941,0.9495327102803738,105.0,115.92996215820312
2024-11-07,0.22817164659500122,0.983739837398374,0.5691056847572327,0.4492753623188406,0.9530956848030019,117.0,114.57192993164062
2024-11-08,0.2375066727399826,0.9642276422764228,0.5512195229530334,0.42962962962962964,0.956766917293233,124.0,114.32987976074219
2024-11-09,0.24796603620052338,0.9642276422764228,0.5560975670814514,0.4166666666666667,0.947069943289225,130.0,114.51909637451172
2024-11-10,0.20717334747314453,0.983739837398374,0.5528455376625061,0.5079365079365079,0.9559633027522936,95.0,113.156982421875
2024-11-11,0.2162255048751831,0.9723577235772358,0.5398374199867249,0.512396694214876,0.9615384615384616,106.0,112.4146728515625
2024-11-12,0.21410535275936127,0.9788617886178862,0.5365853905677795,0.49612403100775193,0.9628252788104089,104.0,112.85527038574219
2024-11-13,0.21195469796657562,0.983739837398374,0.5447154641151428,0.47058823529411764,0.9623352165725048,106.0,112.3631362915039
2024-11-14,0.20604123175144196,0.9821138211382113,0.5495935082435608,0.5483870967741935,0.963302752293578,106.0,112.25090789794922
2024-11-15,0.23847869038581848,0.967479674796748,0.5447154641151428,0.47692307692307695,0.9644859813084112,124.0,111.31306457519531
2024-11-16,0.24170958995819092,0.9626016260162602,0.5495935082435608,0.4927536231884058,0.969639468690702,136.0,112.11280822753906
2024-11-17,0.2163081020116806,0.9804878048780488,0.5479674935340881,0.48484848484848486,0.9644194756554307,118.0,112.82765197753906
2024-11-18,0.20991389453411102,0.9804878048780488,0.5544715523719788,0.484375,0.955719557195572,102.0,111.30182647705078
2024-11-19,0.24264948070049286,0.9560975609756097,0.5430894494056702,0.460431654676259,0.9566854990583804,129.0,110.58219909667969
2024-11-20,0.21290799975395203,0.975609756097561,0.5642276406288147,0.5038167938931297,0.9538745387453874,105.0,113.00617980957031
2024-11-21,0.19927775859832764,0.983739837398374,0.5642276406288147,0.5853658536585366,0.9635036496350365,100.0,113.3299560546875
2024-11-22,0.23858635127544403,0.9609756097560975,0.5544715523719788,0.49032258064516127,0.9632495164410058,141.0,112.40541076660156
2024-11-23,0.2214244306087494,0.9788617886178862,0.5593495965003967,0.5441176470588235,0.9681050656660413,124.0,114.26312255859375
2024-11-24,0.2589763402938843,0.9642276422764228,0.5414634346961975,0.43661971830985913,0.9527410207939508,144.0,110.01089477539062
2024-11-25,0.23159119486808777,0.9642276422764228,0.5512195229530334,0.40298507462686567,0.9530956848030019,115.0,112.25785064697266
2024-11-26,0.23468200862407684,0.9626016260162602,0.5430894494056702,0.5,0.9626865671641791,126.0,110.65376281738281
2024-11-27,0.23918844759464264,0.959349593495935,0.5528455376625061,0.46808510638297873,0.9566037735849057,122.0,112.48808288574219
2024-11-28,0.2127929925918579,0.9788617886178862,0.5642276406288147,0.5205479452054794,0.9548022598870056,113.0,114.77204895019531
2024-11-29,0.20851673185825348,0.975609756097561,0.5609756112098694,0.5522388059701493,0.961038961038961,101.0,114.86492919921875
2024-11-30,0.22499215602874756,0.9691056910569106,0.5512195229530334,0.4307692307692308,0.9412844036697248,101.0,113.95586395263672
